Semana,Id,Castellano,Italiano,También se acepta,OK (sí/no),Corrección,Comentario
1,bank:10,Tengo hambre y sed.,Ho fame e sete.,,,,
1,bank:100,La cena está lista.,La cena è pronta.,,,,
1,bank:104,"La cuenta, por favor.","Il conto, per favore.",,,,
1,bank:105,El vino tinto es bueno.,Il vino rosso è buono.,,,,
1,bank:106,Hace calor en verano.,D'estate fa caldo.,In estate fa caldo. | Fa caldo d'estate. | Fa caldo in estate.,,,
1,bank:107,Llueve mucho en Londres.,A Londra piove molto.,Piove molto a Londra. | A Londra piove tanto.,,,
1,bank:11,Hace frío en invierno.,In inverno fa freddo.,Fa freddo in inverno. | D'inverno fa freddo.,,,
1,bank:110,Estoy en Francia por trabajo.,Sono in Francia per lavoro.,,,,
1,bank:113,El tren sale a las cinco.,Il treno parte alle cinque.,,,,
1,bank:115,¿Dónde vivís?,Dove abiti?,Dove vivi?,,,
1,bank:116,Somos tres hermanos.,Siamo tre fratelli.,,,,
1,bank:117,Ustedes son muy amables.,Siete molto gentili.,Voi siete molto gentili.,,,
1,bank:119,Mi abuelo tiene ochenta años.,Mio nonno ha ottant'anni.,Mio nonno ha ottanta anni.,,,
1,bank:120,Las chicas están en el jardín.,Le ragazze sono in giardino.,Le ragazze sono nel giardino.,,,
1,bank:124,Tu hermana es abogada.,Tua sorella è avvocato.,Tua sorella fa l'avvocato. | Tua sorella è avvocata. | Tua sorella è un avvocato.,,,
1,bank:126,Su marido es italiano.,Suo marito è italiano.,,,,
1,bank:127,Nuestros vecinos son ruidosos.,I nostri vicini sono rumorosi.,,,,
1,bank:128,Mi mejor amigo vive en Madrid.,Il mio migliore amico vive a Madrid.,Il mio miglior amico vive a Madrid. | Il mio migliore amico abita a Madrid.,,,
1,bank:130,Dante es un poeta italiano.,Dante è un poeta italiano.,,,,
1,bank:131,La historia de Roma es fascinante.,La storia di Roma è affascinante.,,,,
1,bank:135,La biblioteca está cerca de casa.,La biblioteca è vicino a casa.,La biblioteca è vicina a casa.,,,
1,bank:136,La librería está en la esquina.,La libreria è all'angolo.,,,,
1,bank:137,El museo está en la plaza.,Il museo è in piazza.,Il museo è nella piazza.,,,
1,bank:145,Es un día hermoso.,È una bella giornata.,È una giornata bellissima.,,,
1,bank:146,Ya es tarde.,È già tardi.,Ormai è tardi.,,,
1,bank:149,Mi abuela está enferma.,Mia nonna è malata.,Mia nonna sta male.,,,
1,bank:15,El señor López es muy simpático.,Il signor López è molto simpatico.,,,,
1,bank:150,Los museos de Roma son famosos.,I musei di Roma sono famosi.,,,,
1,bank:152,Las universidades son públicas.,Le università sono pubbliche.,,,,
1,bank:153,Mi tío tiene un negocio.,Mio zio ha un negozio.,,,,
1,bank:155,El psicólogo es joven.,Lo psicologo è giovane.,,,,
1,bank:156,El estudiante tiene un examen.,Lo studente ha un esame.,,,,
1,bank:157,El espejo está roto.,Lo specchio è rotto.,,,,
1,bank:158,El yogur es para los chicos.,Lo yogurt è per i bambini.,Lo yogurt è per i ragazzi.,,,
1,bank:159,Los zapatos están abajo de la cama.,Le scarpe sono sotto il letto.,,,,
1,bank:16,Los estudiantes son italianos.,Gli studenti sono italiani.,,,,
1,bank:161,Tengo muchos amigos.,Ho molti amici.,Ho tanti amici.,,,
1,bank:162,Las amigas de Ana son simpáticas.,Le amiche di Ana sono simpatiche.,,,,
1,bank:166,Estoy en lo de mi abuela.,Sono da mia nonna.,Sono a casa di mia nonna.,,,
1,bank:168,El chico está en la escuela.,Il ragazzo è a scuola.,Il bambino è a scuola.,,,
1,bank:17,Tengo un amigo y una amiga en Roma.,Ho un amico e un'amica a Roma.,,,,
1,bank:180,Tengo frío.,Ho freddo.,,,,
1,bank:181,Tenés razón.,Hai ragione.,,,,
1,bank:182,Tengo miedo de los perros.,Ho paura dei cani.,,,,
1,bank:183,Siempre llego tarde.,Arrivo sempre tardi.,Arrivo sempre in ritardo.,,,
1,bank:184,Hoy no trabajo.,Oggi non lavoro.,,,,
1,bank:185,Los lunes tengo muchas reuniones.,Il lunedì ho molte riunioni.,Il lunedì ho tante riunioni.,,,
1,bank:186,El colectivo está lleno.,L'autobus è pieno.,,,,
1,bank:187,Mis hijos tienen hambre.,I miei figli hanno fame.,,,,
1,bank:189,El sábado hay un concierto en el parque.,Sabato c'è un concerto nel parco.,,,,
1,bank:190,¿Tenés hermanos?,Hai fratelli?,Hai dei fratelli?,,,
1,bank:192,Mi casa está lejos del centro.,La mia casa è lontana dal centro.,Casa mia è lontana dal centro. | La mia casa è lontano dal centro.,,,
1,bank:193,La farmacia está al lado del banco.,La farmacia è accanto alla banca.,La farmacia è di fianco alla banca.,,,
1,bank:194,Estoy contento con mi trabajo.,Sono contento del mio lavoro.,Sono soddisfatto del mio lavoro.,,,
1,bank:196,Mi vecina tiene un perro enorme.,La mia vicina ha un cane enorme.,,,,
1,bank:197,El sol sale a las seis.,Il sole sorge alle sei.,Il sole spunta alle sei.,,,
1,bank:198,Estas son mis llaves.,Queste sono le mie chiavi.,,,,
1,bank:199,Esa chica es mi prima.,Quella ragazza è mia cugina.,,,,
1,bank:207,¿Qué pasó?,Cos'è successo?,Che cosa è successo? | Che è successo? | Cosa è successo?,,,
1,bank:22,Estoy en casa.,Sono a casa.,,,,
1,bank:227,¿Me escuchás bien?,Mi senti bene?,Mi senti?,,,
1,bank:229,Las invito a cenar el sábado.,Le invito a cena sabato.,Le invito a cenare sabato. | Vi invito a cena sabato. | Vi invito a cenare sabato.,,,
1,bank:23,"Vivo en Italia, en Milán.","Vivo in Italia, a Milano.","Abito in Italia, a Milano.",,,
1,bank:24,¿De dónde sos?,Di dove sei?,Da dove vieni?,,,
1,bank:240,Mañana va a llover.,Domani pioverà.,,,,
1,bank:25,Soy de Rosario.,Sono di Rosario.,,,,
1,bank:256,Vivo en Milán desde hace dos años.,Vivo a Milano da due anni.,Abito a Milano da due anni.,,,
1,bank:257,Estudio italiano desde enero.,Studio italiano da gennaio.,Studio l'italiano da gennaio.,,,
1,bank:258,Hace una hora que te espero.,Ti aspetto da un'ora.,È un'ora che ti aspetto.,,,
1,bank:259,Hace tres años que trabajo acá.,Lavoro qui da tre anni.,Lavoro qua da tre anni. | Sono tre anni che lavoro qui. | Sono tre anni che lavoro qua.,,,
1,bank:266,El tren es tan rápido como el avión.,Il treno è veloce come l'aereo.,Il treno è tanto veloce quanto l'aereo. | Il treno è così veloce come l'aereo.,,,
1,bank:267,Este café es mejor que el otro.,Questo caffè è migliore dell'altro.,Questo caffè è meglio dell'altro. | Questo caffè è più buono dell'altro.,,,
1,bank:27,¿Qué hora es?,Che ore sono?,Che ora è?,,,
1,bank:272,No te preocupes.,Non preoccuparti.,Non ti preoccupare.,,,
1,bank:273,No hables tan fuerte.,Non parlare così forte.,Non parlare a voce così alta.,,,
1,bank:275,Decime la verdad.,Dimmi la verità.,,,,
1,bank:276,Haceme un favor.,Fammi un favore.,,,,
1,bank:277,Mandame el archivo por mail.,Mandami il file per email.,Mandami il file per mail. | Mandami il file via email.,,,
1,bank:278,Esperame un minuto.,Aspettami un minuto.,Aspettami un attimo. | Aspettami un momento.,,,
1,bank:28,Son las tres y media.,Sono le tre e mezza.,Sono le tre e mezzo.,,,
1,bank:287,Me encanta la pasta.,Adoro la pasta.,Mi piace tantissimo la pasta. | Mi piace moltissimo la pasta.,,,
1,bank:29,Hay un bar cerca de la oficina.,C'è un bar vicino all'ufficio.,,,,
1,bank:291,Me duele la cabeza.,Mi fa male la testa.,Ho mal di testa.,,,
1,bank:298,¿A qué hora empezó la reunión?,A che ora è cominciata la riunione?,A che ora è iniziata la riunione?,,,
1,bank:299,La película terminó a medianoche.,Il film è finito a mezzanotte.,,,,
1,bank:3,Tengo treinta y dos años.,Ho trentadue anni.,,,,
1,bank:30,Hay muchos turistas en Florencia.,Ci sono molti turisti a Firenze.,Ci sono tanti turisti a Firenze.,,,
1,bank:303,Bajamos del colectivo en la plaza.,Siamo scesi dall'autobus in piazza.,Siamo scese dall'autobus in piazza.,,,
1,bank:304,Mi hijo creció mucho este año.,Mio figlio è cresciuto molto quest'anno.,,,,
1,bank:305,El pueblo cambió mucho.,Il paese è cambiato molto.,Il paese è cambiato tanto.,,,
1,bank:312,Muchos italianos emigraron a la Argentina.,Molti italiani sono emigrati in Argentina.,Tanti italiani sono emigrati in Argentina.,,,
1,bank:314,Leonardo pintó la Gioconda.,Leonardo ha dipinto la Gioconda.,Leonardo dipinse la Gioconda.,,,
1,bank:322,El jefe está en una reunión.,Il capo è in riunione.,Il capo è a una riunione.,,,
1,bank:344,El año que viene cumplo cuarenta.,L'anno prossimo compio quarant'anni.,L'anno prossimo compirò quarant'anni. | L'anno prossimo faccio quarant'anni.,,,
1,bank:345,Ahora vivo solo.,Adesso vivo da solo.,Ora vivo da solo. | Adesso abito da solo.,,,
1,bank:35,Mi hermana tiene dos hijos.,Mia sorella ha due figli.,,,,
1,bank:351,Me acuerdo de aquel verano.,Mi ricordo di quell'estate.,Ricordo quell'estate.,,,
1,bank:359,Tengo turno con el dentista.,Ho un appuntamento dal dentista.,Ho un appuntamento con il dentista. | Ho appuntamento dal dentista.,,,
1,bank:36,Nuestra casa es chica pero linda.,La nostra casa è piccola ma carina.,La nostra casa è piccola ma bella. | La nostra casa è piccola però carina.,,,
1,bank:360,Pasé por lo de mi hermano.,Sono passato da mio fratello.,Sono passata da mio fratello.,,,
1,bank:364,Mi colega está de vacaciones.,Il mio collega è in vacanza.,La mia collega è in vacanza. | Il mio collega è in ferie. | La mia collega è in ferie.,,,
1,bank:366,Me encanta este barrio.,Adoro questo quartiere.,Mi piace tantissimo questo quartiere. | Mi piace moltissimo questo quartiere.,,,
1,bank:37,Mi departamento está en el centro.,Il mio appartamento è in centro.,,,,
1,bank:374,Ayer llovió todo el día.,Ieri ha piovuto tutto il giorno.,Ieri è piovuto tutto il giorno.,,,
1,bank:378,Este libro es mío.,Questo libro è mio.,,,,
1,bank:379,¿De quién es este paraguas?,Di chi è quest'ombrello?,Di chi è questo ombrello?,,,
1,bank:38,¿Dónde está la estación?,Dov'è la stazione?,Dove si trova la stazione? | Dove è la stazione?,,,
1,bank:380,Esa es la casa de mis abuelos.,Quella è la casa dei miei nonni.,,,,
1,bank:382,Los libros están en el estante de arriba.,I libri sono sullo scaffale in alto.,I libri sono sulla mensola in alto. | I libri sono sullo scaffale di sopra.,,,
1,bank:39,El museo está cerrado los lunes.,Il museo è chiuso il lunedì.,Il museo è chiuso di lunedì.,,,
1,bank:391,La gente está cansada de la crisis.,La gente è stanca della crisi.,,,,
1,bank:397,¿En Italia se cena tarde?,In Italia si cena tardi?,,,,
1,bank:4,Vivo en Buenos Aires con mi novia.,Vivo a Buenos Aires con la mia ragazza.,Vivo a Buenos Aires con la mia fidanzata. | Abito a Buenos Aires con la mia ragazza. | Abito a Buenos Aires con la mia fidanzata.,,,
1,bank:403,La mejor pizza está en Nápoles.,La pizza migliore è a Napoli.,La pizza più buona è a Napoli. | La miglior pizza è a Napoli. | La pizza migliore si trova a Napoli.,,,
1,bank:43,Mi novio es muy alto.,Il mio ragazzo è molto alto.,Il mio fidanzato è molto alto.,,,
1,bank:44,Los chicos tienen sueño.,I bambini hanno sonno.,I ragazzi hanno sonno.,,,
1,bank:443,"Según el diario, el ministro renunciaría.","Secondo il giornale, il ministro si dimetterebbe.",,,,
1,bank:45,El agua está fría.,L'acqua è fredda.,,,,
1,bank:46,La leche está en la heladera.,Il latte è nel frigorifero.,Il latte è in frigo. | Il latte è nel frigo.,,,
1,bank:460,No me acuerdo de nada.,Non mi ricordo niente.,Non mi ricordo di niente. | Non ricordo niente. | Non ricordo nulla.,,,
1,bank:462,Hay que pensarlo bien.,Bisogna pensarci bene.,,,,
1,bank:475,Todo lo que tengo es tuyo.,Tutto quello che ho è tuo.,Tutto ciò che ho è tuo.,,,
1,bank:48,Trabajo de lunes a viernes.,Lavoro dal lunedì al venerdì.,Lavoro da lunedì a venerdì.,,,
1,bank:482,"Cuando uno es joven, tiene muchos sueños.","Quando si è giovani, si hanno molti sogni.","Quando si è giovani, si hanno tanti sogni.",,,
1,bank:490,¿Desde cuándo estudiás italiano?,Da quando studi l'italiano?,Da quanto tempo studi l'italiano? | Da quando studi italiano?,,,
1,bank:50,Mi jefe es muy exigente.,Il mio capo è molto esigente.,,,,
1,bank:506,Tengo ganas de ir al teatro.,Ho voglia di andare a teatro.,,,,
1,bank:509,Me da lo mismo.,Per me è uguale.,Per me fa lo stesso. | Mi è indifferente. | Per me è lo stesso.,,,
1,bank:51,Hoy tengo una reunión a las diez.,Oggi ho una riunione alle dieci.,,,,
1,bank:511,Vale la pena visitar Siena.,Vale la pena visitare Siena.,,,,
1,bank:514,Se me cayó el celular al piso.,Mi è caduto il cellulare per terra.,Mi è caduto il telefono per terra. | Mi è caduto il cellulare a terra.,,,
1,bank:517,Te conviene salir temprano.,Ti conviene uscire presto.,,,,
1,bank:519,Hay que reservar con anticipación.,Bisogna prenotare in anticipo.,Occorre prenotare in anticipo.,,,
1,bank:52,¿Tenés tiempo mañana?,Hai tempo domani?,Domani hai tempo?,,,
1,bank:529,Es el peor día de mi vida.,È il giorno peggiore della mia vita.,È il peggior giorno della mia vita.,,,
1,bank:53,No tengo plata.,Non ho soldi.,Non ho denaro. | Non ho i soldi.,,,
1,bank:530,Roma es una ciudad antiquísima.,Roma è una città antichissima.,,,,
1,bank:531,La situación es gravísima.,La situazione è gravissima.,,,,
1,bank:532,El hermano mayor de Luca es médico.,Il fratello maggiore di Luca è medico.,Il fratello più grande di Luca è medico. | Il fratello maggiore di Luca fa il medico.,,,
1,bank:536,"Además, el precio es demasiado alto.","Inoltre, il prezzo è troppo alto.",,,,
1,bank:54,¿Cuánto cuesta este libro?,Quanto costa questo libro?,,,,
1,bank:541,"Apenas llegues, avisame.","Appena arrivi, avvisami.","Non appena arrivi, avvisami. | Appena arrivi, fammi sapere.",,,
1,bank:544,No se lo digas a nadie.,Non dirlo a nessuno.,Non lo dire a nessuno.,,,
1,bank:545,"Dame ese libro, por favor.","Dammi quel libro, per favore.",,,,
1,bank:55,Estos zapatos son caros.,Queste scarpe sono care.,Queste scarpe sono costose.,,,
1,bank:556,Me echaron del trabajo.,Mi hanno licenziato.,Mi hanno licenziata. | Sono stato licenziato.,,,
1,bank:558,Mi contrato vence a fin de mes.,Il mio contratto scade a fine mese.,,,,
1,bank:563,Te felicito por el ascenso.,Complimenti per la promozione.,Congratulazioni per la promozione.,,,
1,bank:566,¿Qué te pasó?,Cosa ti è successo?,Che ti è successo? | Che cosa ti è successo?,,,
1,bank:567,Me pasó algo increíble.,Mi è successa una cosa incredibile.,,,,
1,bank:572,La Revolución Francesa empezó en 1789.,La Rivoluzione francese è cominciata nel 1789.,La Rivoluzione francese è iniziata nel 1789. | La Rivoluzione francese cominciò nel 1789. | La Rivoluzione francese scoppiò nel 1789.,,,
1,bank:575,Los obreros hicieron huelga durante un mes.,Gli operai hanno scioperato per un mese.,Gli operai hanno fatto sciopero per un mese.,,,
1,bank:576,La sociedad cambió mucho en los últimos años.,La società è cambiata molto negli ultimi anni.,,,,
1,bank:58,Mis amigas son de Mendoza.,Le mie amiche sono di Mendoza.,,,,
1,bank:582,"Según Maquiavelo, el fin justifica los medios.","Secondo Machiavelli, il fine giustifica i mezzi.",,,,
1,bank:587,"Si llegás antes, esperame en el bar.","Se arrivi prima, aspettami al bar.",,,,
1,bank:588,"Cuando llegues a Roma, mandame un mensaje.","Quando arrivi a Roma, mandami un messaggio.","Quando arriverai a Roma, mandami un messaggio.",,,
1,bank:59,El amigo de Pablo es médico.,L'amico di Pablo è medico.,L'amico di Pablo è un medico. | L'amico di Pablo fa il medico.,,,
1,bank:596,¿Te molestaría cerrar la ventana?,Ti dispiacerebbe chiudere la finestra?,,,,
1,bank:597,Habría que llamar al técnico.,Bisognerebbe chiamare il tecnico.,Si dovrebbe chiamare il tecnico.,,,
1,bank:60,Las casas de este barrio son antiguas.,Le case di questo quartiere sono antiche.,Le case di questo quartiere sono vecchie.,,,
1,bank:61,Tengo dos gatos y un perro.,Ho due gatti e un cane.,,,,
1,bank:618,Es una ciudad donde se vive bien.,È una città dove si vive bene.,È una città in cui si vive bene.,,,
1,bank:671,Ya me cansé de esperar.,Mi sono stufato di aspettare.,Mi sono stufata di aspettare. | Mi sono stancato di aspettare.,,,
1,bank:68,Mi mamá cocina muy bien.,Mia mamma cucina molto bene.,La mia mamma cucina molto bene. | Mia madre cucina molto bene.,,,
1,bank:681,Garibaldi desembarcó en Marsala en 1860.,Garibaldi sbarcò a Marsala nel 1860.,Garibaldi è sbarcato a Marsala nel 1860.,,,
1,bank:686,"En la posguerra, la economía creció rápidamente.",Nel dopoguerra l'economia crebbe rapidamente.,Nel dopoguerra l'economia è cresciuta rapidamente.,,,
1,bank:688,Gramsci pasó sus últimos años en la cárcel.,Gramsci trascorse gli ultimi anni in carcere.,Gramsci passò gli ultimi anni in carcere. | Gramsci trascorse i suoi ultimi anni in carcere. | Gramsci ha trascorso gli ultimi anni in carcere. | Gramsci ha passato gli ultimi anni in carcere. | Gramsci ha trascorso i suoi ultimi anni in carcere.,,,
1,bank:69,Mi papá lee mucho.,Mio padre legge molto.,Mio papà legge molto. | Il mio papà legge molto. | Mio padre legge tanto. | Mio papà legge tanto.,,,
1,bank:697,La clase media se empobreció en los noventa.,La classe media si è impoverita negli anni Novanta.,,,,
1,bank:7,¿Tenés un auto nuevo?,Hai una macchina nuova?,Hai un'auto nuova? | Hai una nuova macchina?,,,
1,bank:706,No te hagas problema por eso.,Non farti problemi per questo.,Non preoccuparti per questo.,,,
1,bank:707,Estoy harto de la burocracia.,Sono stufo della burocrazia.,Ne ho abbastanza della burocrazia.,,,
1,bank:710,Hay que tener en cuenta el contexto histórico.,Bisogna tenere conto del contesto storico.,Bisogna tenere presente il contesto storico.,,,
1,bank:711,El texto plantea una cuestión interesante.,Il testo solleva una questione interessante.,Il testo pone una questione interessante.,,,
1,bank:712,El autor sostiene que el poder corrompe.,L'autore sostiene che il potere corrompa.,L'autore sostiene che il potere corrompe.,,,
1,bank:719,Hay que resolverlo cuanto antes.,Bisogna risolverlo al più presto.,Bisogna risolverlo il prima possibile. | Bisogna risolverlo quanto prima.,,,
1,bank:727,El éxito del libro sorprendió a todos.,Il successo del libro ha sorpreso tutti.,,,,
1,bank:729,Estoy embarazada de tres meses.,Sono incinta di tre mesi.,,,,
1,bank:731,Esta noche tengo un compromiso.,Stasera ho un impegno.,,,,
1,bank:732,Las partes llegaron a un acuerdo razonable.,Le parti hanno raggiunto un compromesso ragionevole.,Le parti hanno raggiunto un accordo ragionevole.,,,
1,bank:737,Es un tipo muy tacaño.,È un tipo molto tirchio.,È un tipo molto avaro.,,,
1,bank:739,No me tomes el pelo.,Non prendermi in giro.,Non mi prendere in giro.,,,
1,bank:740,Hay que agarrar el toro por las astas.,Bisogna prendere il toro per le corna.,,,,
1,bank:746,"Ya voy, ¡esperame!","Arrivo, aspettami!","Vengo, aspettami!",,,
1,bank:753,Los libros prohibidos circulaban en secreto.,I libri proibiti circolavano in segreto.,I libri proibiti circolavano di nascosto.,,,
1,bank:755,Las ciudades-estado competían entre sí.,Le città-stato competevano tra loro.,Le città-stato erano in competizione tra loro. | Le città-stato competevano fra loro.,,,
1,bank:756,Venecia dominó el comercio con Oriente durante siglos.,Venezia dominò il commercio con l'Oriente per secoli.,Venezia ha dominato il commercio con l'Oriente per secoli.,,,
1,bank:759,La lectura nos hace más libres.,La lettura ci rende più liberi.,,,,
1,bank:760,La guerra dejó en la miseria a toda la región.,La guerra ridusse in miseria tutta la regione.,La guerra ha ridotto in miseria tutta la regione.,,,
1,bank:77,Espero a Laura en la estación.,Aspetto Laura alla stazione.,Aspetto Laura in stazione.,,,
1,bank:774,Me niego a aceptar esas condiciones.,Mi rifiuto di accettare queste condizioni.,Mi rifiuto di accettare quelle condizioni.,,,
1,bank:788,"No es que me disguste, sino que no me convence.","Non è che mi dispiaccia, è che non mi convince.","Non è che non mi piaccia, è che non mi convince.",,,
1,bank:789,"Por más que insistieran, no cedió.","Per quanto insistessero, non cedette.","Per quanto insistessero, non ha ceduto.",,,
1,bank:793,"Lejos de resolverse, el conflicto se agravó.","Lungi dal risolversi, il conflitto si aggravò.","Lungi dal risolversi, il conflitto si è aggravato.",,,
1,bank:794,"Dicho esto, conviene matizar algunas afirmaciones.","Detto questo, conviene sfumare alcune affermazioni.","Detto ciò, conviene precisare alcune affermazioni.",,,
1,bank:799,Manzoni reescribió la novela para acercarla al toscano.,Manzoni riscrisse il romanzo per avvicinarlo al toscano.,Manzoni ha riscritto il romanzo per avvicinarlo al toscano.,,,
1,bank:8,El libro está sobre la mesa.,Il libro è sul tavolo.,Il libro è sopra il tavolo. | Il libro è sulla tavola.,,,
1,bank:800,Leopardi pasó gran parte de su juventud encerrado en la biblioteca paterna.,Leopardi trascorse gran parte della giovinezza chiuso nella biblioteca paterna.,Leopardi trascorse gran parte della sua giovinezza chiuso nella biblioteca paterna. | Leopardi ha trascorso gran parte della giovinezza chiuso nella biblioteca paterna. | Leopardi ha trascorso gran parte della sua giovinezza chiuso nella biblioteca paterna.,,,
1,bank:801,"Cuando el Imperio cayó, Europa se fragmentó en reinos.","Quando l'Impero cadde, l'Europa si frammentò in regni.","Quando l'Impero è caduto, l'Europa si è frammentata in regni.",,,
1,bank:802,Los humanistas redescubrieron los textos clásicos.,Gli umanisti riscoprirono i testi classici.,Gli umanisti hanno riscoperto i testi classici.,,,
1,bank:804,"Para Hegel, lo real es racional.","Per Hegel, il reale è razionale.","Per Hegel, ciò che è reale è razionale.",,,
1,bank:806,Weber distinguía entre ética de la convicción y ética de la responsabilidad.,Weber distingueva tra etica della convinzione ed etica della responsabilità.,Weber distingueva fra etica della convinzione ed etica della responsabilità.,,,
1,bank:807,"Según Bauman, la modernidad líquida disuelve los vínculos.","Secondo Bauman, la modernità liquida dissolve i legami.",,,,
1,bank:81,Esta ciudad es muy linda.,Questa città è molto bella.,,,,
1,bank:811,Habría que preguntarse a quién beneficia esta reforma.,Bisognerebbe chiedersi a chi giovi questa riforma.,Bisognerebbe chiedersi a chi giova questa riforma.,,,
1,bank:82,Las ciudades italianas son antiguas.,Le città italiane sono antiche.,,,,
1,bank:824,No por eso voy a dejar de intentarlo.,Non per questo smetterò di provarci.,,,,
1,bank:828,"Que yo recuerde, nunca se habló de eso.","Che io ricordi, non se n'è mai parlato.","Che io ricordi, non se ne è mai parlato.",,,
1,bank:83,Tengo un problema con la computadora.,Ho un problema con il computer.,Ho un problema col computer.,,,
1,bank:834,La burocracia estatal se convirtió en un fin en sí misma.,La burocrazia statale divenne fine a se stessa.,La burocrazia statale è diventata fine a se stessa.,,,
1,bank:836,Los historiadores discrepan acerca de las causas de la caída.,Gli storici non concordano sulle cause della caduta.,Gli storici sono in disaccordo sulle cause della caduta.,,,
1,bank:838,Pirandello recibió el Nobel en 1934.,Pirandello ricevette il Nobel nel 1934.,Pirandello vinse il Nobel nel 1934. | Pirandello ha ricevuto il Nobel nel 1934. | Pirandello ha vinto il Nobel nel 1934.,,,
1,bank:84,El tema es interesante.,Il tema è interessante.,L'argomento è interessante.,,,
1,bank:841,"El pueblo, harto de la miseria, se sublevó.","Il popolo, stanco della miseria, insorse.","Il popolo, stufo della miseria, insorse. | Il popolo, stanco della miseria, si ribellò. | Il popolo, stanco della miseria, è insorto. | Il popolo, stufo della miseria, è insorto. | Il popolo, stanco della miseria, si è ribellato.",,,
1,bank:845,Más vale tarde que nunca.,Meglio tardi che mai.,,,,
1,bank:846,El que calla otorga.,Chi tace acconsente.,,,,
1,bank:849,"Terminada la guerra, miles de italianos emigraron.","Finita la guerra, migliaia di italiani emigrarono.","Finita la guerra, migliaia di italiani sono emigrati.",,,
1,bank:85,Mi oficina está en el tercer piso.,Il mio ufficio è al terzo piano.,,,,
1,bank:852,Quedo a su disposición para cualquier consulta.,Resto a Sua disposizione per qualsiasi chiarimento.,Resto a disposizione per qualsiasi chiarimento. | Rimango a Sua disposizione per qualsiasi chiarimento.,,,
1,bank:853,Adjunto el documento solicitado.,In allegato il documento richiesto.,Allego il documento richiesto.,,,
1,bank:854,Lamento no haber podido asistir a la reunión.,Mi dispiace non aver potuto partecipare alla riunione.,Mi dispiace di non aver potuto partecipare alla riunione.,,,
1,bank:86,Trabajo con la computadora todo el día.,Lavoro al computer tutto il giorno.,Lavoro con il computer tutto il giorno.,,,
1,bank:863,Hay que reconocerle el mérito de haberlo dicho primero.,Bisogna riconoscergli il merito di averlo detto per primo.,Bisogna riconoscerle il merito di averlo detto per prima.,,,
1,bank:87,Hoy es martes.,Oggi è martedì.,,,,
1,bank:88,Mi cumpleaños es en mayo.,Il mio compleanno è a maggio.,Il mio compleanno è in maggio.,,,
1,bank:89,Hay un error en el documento.,C'è un errore nel documento.,,,,
1,bank:9,Estoy cansado hoy.,Oggi sono stanco.,Sono stanco oggi.,,,
1,bank:90,No hay leche.,Non c'è latte.,Non c'è il latte.,,,
1,bank:91,¿Hay un banco por acá?,C'è una banca qui vicino?,C'è una banca da queste parti? | C'è una banca qui?,,,
1,bank:93,El café está caliente.,Il caffè è caldo.,,,,
1,bank:94,Este pantalón es muy largo.,Questi pantaloni sono molto lunghi.,Questo pantalone è molto lungo.,,,
1,bank:95,La calle es muy ancha.,La strada è molto larga.,La via è molto larga.,,,
1,bank:96,Mi habitación es chica.,La mia camera è piccola.,La mia stanza è piccola.,,,
1,bank:99,Mi sobrino es muy gracioso.,Mio nipote è molto divertente.,Mio nipote è molto simpatico.,,,
5,bank:101,Los domingos comemos pasta.,La domenica mangiamo la pasta.,La domenica mangiamo pasta. | Di domenica mangiamo la pasta.,,,
5,bank:111,Venimos de Uruguay.,Veniamo dall'Uruguay.,,,,
5,bank:114,El avión llega a las seis.,L'aereo arriva alle sei.,,,,
5,bank:118,¿Ustedes vienen a la fiesta?,Venite alla festa?,Voi venite alla festa?,,,
5,bank:121,El perro duerme en el sillón.,Il cane dorme sul divano.,Il cane dorme sulla poltrona.,,,
5,bank:122,Pongo las llaves en el cajón.,Metto le chiavi nel cassetto.,,,,
5,bank:123,Mi celular no funciona.,Il mio cellulare non funziona.,Il mio telefono non funziona.,,,
5,bank:125,Sus hijos estudian en Roma.,I suoi figli studiano a Roma.,I loro figli studiano a Roma.,,,
5,bank:129,Leo un libro de filosofía.,Leggo un libro di filosofia.,,,,
5,bank:134,Hoy leo en la biblioteca.,Oggi leggo in biblioteca.,,,,
5,bank:139,Escribo muchos correos en el trabajo.,Scrivo molte email al lavoro.,Scrivo molte mail al lavoro. | Scrivo tante email al lavoro.,,,
5,bank:141,Los sábados duermo mucho.,Il sabato dormo molto.,Di sabato dormo molto. | Il sabato dormo tanto.,,,
5,bank:147,"Estoy bien, gracias.","Sto bene, grazie.",,,,
5,bank:151,Los argentinos hablan español.,Gli argentini parlano spagnolo.,Gli argentini parlano lo spagnolo.,,,
5,bank:154,Mis tíos llegan hoy.,I miei zii arrivano oggi.,Oggi arrivano i miei zii.,,,
5,bank:160,Los hombres y las mujeres trabajan.,Gli uomini e le donne lavorano.,,,,
5,bank:165,Vamos a la casa de Marco.,Andiamo da Marco.,Andiamo a casa di Marco.,,,
5,bank:167,Compro pan en la panadería.,Compro il pane in panetteria.,Compro il pane dal panettiere. | Compro il pane al forno.,,,
5,bank:171,Abro la ventana porque hace calor.,Apro la finestra perché fa caldo.,,,,
5,bank:172,Cierro la puerta con llave.,Chiudo la porta a chiave.,,,,
5,bank:173,El negocio cierra a las ocho.,Il negozio chiude alle otto.,,,,
5,bank:176,A mi hermano le gusta el fútbol.,A mio fratello piace il calcio.,,,,
5,bank:179,Nos gusta viajar.,Ci piace viaggiare.,,,,
5,bank:18,Los chicos juegan en el parque.,I ragazzi giocano nel parco.,I bambini giocano nel parco.,,,
5,bank:188,Mi marido y yo vivimos en Palermo.,Io e mio marito viviamo a Palermo.,Mio marito e io viviamo a Palermo. | Io e mio marito abitiamo a Palermo.,,,
5,bank:191,Mi hermana menor estudia medicina.,Mia sorella minore studia medicina.,La mia sorella minore studia medicina. | Mia sorella più piccola studia medicina.,,,
5,bank:195,Hoy como en casa de mis suegros.,Oggi mangio dai miei suoceri.,Oggi pranzo dai miei suoceri. | Oggi mangio a casa dei miei suoceri.,,,
5,bank:20,Vamos al supermercado.,Andiamo al supermercato.,,,,
5,bank:228,"Lo conozco bien, es un buen tipo.","Lo conosco bene, è un brav'uomo.","Lo conosco bene, è un bravo ragazzo. | Lo conosco bene, è una brava persona.",,,
5,bank:230,Le mando un mensaje a Carla.,Mando un messaggio a Carla.,Scrivo un messaggio a Carla.,,,
5,bank:254,El tren está por salir.,Il treno sta per partire.,,,,
5,bank:26,La oficina abre a las nueve.,L'ufficio apre alle nove.,,,,
5,bank:270,"Hablá más despacio, por favor.","Parla più piano, per favore.","Parla più lentamente, per favore.",,,
5,bank:271,"Cerrá la puerta, por favor.","Chiudi la porta, per favore.",,,,
5,bank:279,"Pasá y sentate, por favor.","Entra e siediti, per favore.","Entra e accomodati, per favore.",,,
5,bank:282,No pienso más en eso.,Non ci penso più.,,,,
5,bank:32,Tomo el colectivo todos los días.,Prendo l'autobus tutti i giorni.,Prendo l'autobus ogni giorno.,,,
5,bank:320,La reunión empieza en diez minutos.,La riunione comincia tra dieci minuti.,La riunione comincia fra dieci minuti. | La riunione inizia tra dieci minuti.,,,
5,bank:321,Vuelvo en media hora.,Torno tra mezz'ora.,Torno fra mezz'ora.,,,
5,bank:326,Nos vamos de vacaciones en agosto.,Andiamo in vacanza ad agosto.,Andiamo in vacanza in agosto.,,,
5,bank:33,¿Hablás italiano?,Parli italiano?,Parli l'italiano?,,,
5,bank:34,Hablo un poco de italiano.,Parlo un po' di italiano.,Parlo un po' d'italiano. | Parlo un po' l'italiano. | Parlo un po' italiano.,,,
5,bank:346,Me gusta más el té que el café.,Preferisco il tè al caffè.,Mi piace più il tè del caffè. | Mi piace più il tè che il caffè.,,,
5,bank:347,Prefiero quedarme en casa.,Preferisco restare a casa.,Preferisco rimanere a casa. | Preferisco stare a casa.,,,
5,bank:350,¿Conocés un buen restaurante por acá?,Conosci un buon ristorante qui vicino?,Conosci un buon ristorante da queste parti? | Conosci un buon ristorante qui?,,,
5,bank:395,¿Cuánto tardás en llegar a la oficina?,Quanto ci metti ad arrivare in ufficio?,Quanto ci metti per arrivare in ufficio?,,,
5,bank:41,Leo el diario en el desayuno.,Leggo il giornale a colazione.,Leggo il giornale durante la colazione.,,,
5,bank:42,Ella le escribe una carta a su madre.,Lei scrive una lettera a sua madre.,Scrive una lettera a sua madre.,,,
5,bank:422,Es necesario que terminemos hoy.,È necessario che finiamo oggi.,Bisogna che finiamo oggi.,,,
5,bank:423,Dudo que llegue a tiempo.,Dubito che arrivi in tempo.,,,,
5,bank:429,Ojalá mañana haga buen tiempo.,Speriamo che domani faccia bel tempo.,Spero che domani faccia bel tempo.,,,
5,bank:433,Prefiero que hablemos mañana.,Preferisco che parliamo domani.,Preferisco parlarne domani.,,,
5,bank:447,"Si llueve, nos quedamos en casa.","Se piove, restiamo a casa.","Se piove, rimaniamo a casa. | Se piove, stiamo a casa.",,,
5,bank:488,Sigo trabajando en el mismo lugar.,Continuo a lavorare nello stesso posto.,Lavoro ancora nello stesso posto.,,,
5,bank:49,Empiezo a trabajar a las ocho.,Comincio a lavorare alle otto.,Inizio a lavorare alle otto.,,,
5,bank:491,No lo veo desde hace meses.,Non lo vedo da mesi.,,,,
5,bank:5,Mi hermano trabaja en un banco.,Mio fratello lavora in una banca.,,,,
5,bank:513,Nos hacen falta dos sillas más.,Ci servono altre due sedie.,Ci servono due sedie in più. | Ci mancano due sedie.,,,
5,bank:518,Me toca a mí pagar.,Tocca a me pagare.,,,,
5,bank:522,La conferencia está por empezar.,La conferenza sta per cominciare.,La conferenza sta per iniziare.,,,
5,bank:526,"Cuanto más leo, menos entiendo.","Più leggo, meno capisco.",,,,
5,bank:539,"En cambio, mi hermana prefiere el campo.",Invece mia sorella preferisce la campagna.,Mia sorella invece preferisce la campagna.,,,
5,bank:542,Llamame cuando termines.,Chiamami quando finisci.,Chiamami quando hai finito. | Chiamami quando avrai finito.,,,
5,bank:562,Saludá a tu familia de mi parte.,Saluta la tua famiglia da parte mia.,Salutami la tua famiglia.,,,
5,bank:578,La desigualdad sigue creciendo.,La disuguaglianza continua a crescere.,La diseguaglianza continua a crescere.,,,
5,bank:586,"Si ves a Marco, saludalo de mi parte.","Se vedi Marco, salutalo da parte mia.",,,,
5,bank:6,Mis padres viven en Córdoba.,I miei genitori vivono a Córdoba.,I miei genitori abitano a Córdoba.,,,
5,bank:606,Llamá antes de venir.,Chiama prima di venire.,,,,
5,bank:611,Nos llevamos muy bien.,Andiamo molto d'accordo.,,,,
5,bank:612,Mi hermano y yo nos peleamos seguido.,Io e mio fratello litighiamo spesso.,Mio fratello e io litighiamo spesso.,,,
5,bank:616,¿Cuánto hace que no ves a tus padres?,Da quanto tempo non vedi i tuoi genitori?,Da quanto non vedi i tuoi genitori?,,,
5,bank:617,Busco a alguien que hable alemán.,Cerco qualcuno che parli tedesco.,Cerco qualcuno che parli il tedesco.,,,
5,bank:624,¿Creés en Dios?,Credi in Dio?,,,,
5,bank:625,No creo en los horóscopos.,Non credo agli oroscopi.,Non credo negli oroscopi.,,,
5,bank:63,Nos vemos mañana en la oficina.,Ci vediamo domani in ufficio.,,,,
5,bank:655,El primero que llegue abre la oficina.,Chi arriva per primo apre l'ufficio.,Il primo che arriva apre l'ufficio.,,,
5,bank:670,Se la pasa quejándose.,Passa il tempo a lamentarsi.,Non fa che lamentarsi. | Passa le giornate a lamentarsi.,,,
5,bank:70,El profesor explica la lección.,Il professore spiega la lezione.,,,,
5,bank:708,Ya no aguanto más a mi vecino.,Non sopporto più il mio vicino.,,,,
5,bank:709,Admiro a los que luchan por sus ideas.,Ammiro chi lotta per le proprie idee.,Ammiro quelli che lottano per le loro idee. | Ammiro coloro che lottano per le proprie idee.,,,
5,bank:71,No entiendo la pregunta.,Non capisco la domanda.,,,,
5,bank:720,"A medida que pasa el tiempo, entiendo más.","Man mano che passa il tempo, capisco di più.",Col passare del tempo capisco di più.,,,
5,bank:75,Conozco a tu hermano.,Conosco tuo fratello.,,,,
5,bank:76,Llamo a mi madre todos los domingos.,Chiamo mia madre ogni domenica.,Chiamo mia madre tutte le domeniche.,,,
5,bank:771,Quienes no conocen la historia están condenados a repetirla.,Chi non conosce la storia è condannato a ripeterla.,Coloro che non conoscono la storia sono condannati a ripeterla.,,,
5,bank:773,Prefiero no hablar del tema.,Preferisco non parlarne.,,,,
5,bank:78,Busco a mi perro.,Cerco il mio cane.,,,,
5,bank:782,La mayoría de la gente vota sin informarse.,La maggior parte della gente vota senza informarsi.,La maggioranza delle persone vota senza informarsi.,,,
5,bank:79,Veo a mis amigos el sábado.,Vedo i miei amici sabato.,Sabato vedo i miei amici.,,,
5,bank:803,"Según Vico, la historia avanza por ciclos.","Secondo Vico, la storia procede per cicli.","Secondo Vico, la storia avanza per cicli.",,,
5,bank:812,"Por lo visto, el acuerdo no satisfizo a nadie.","A quanto pare, l'accordo non ha soddisfatto nessuno.","A quanto pare, l'accordo non soddisfece nessuno.",,,
5,bank:829,"Después de tanto trabajo, se lo tiene bien merecido.","Dopo tanto lavoro, se lo merita proprio.","Dopo tanto lavoro, se l'è proprio meritato.",,,
5,bank:830,A ver si nos entendemos.,Vediamo di capirci.,Cerchiamo di capirci.,,,
5,bank:833,"Por mucho que lo niegue, las pruebas son claras.","Per quanto lo neghi, le prove sono chiare.","Per quanto lo neghi, le prove sono evidenti.",,,
5,bank:861,Todo parece indicar que la economía se recuperará.,Tutto lascia pensare che l'economia si riprenderà.,Tutto fa pensare che l'economia si riprenda. | Tutto fa pensare che l'economia si riprenderà. | Tutto lascia pensare che l'economia si riprenda.,,,
6,bank:102,¿Qué querés comer?,Cosa vuoi mangiare?,Che cosa vuoi mangiare? | Che vuoi mangiare?,,,
6,bank:103,Quiero una pizza y una cerveza.,Voglio una pizza e una birra.,Vorrei una pizza e una birra.,,,
6,bank:108,Voy a Roma en tren.,Vado a Roma in treno.,Vado a Roma col treno. | Vado a Roma con il treno.,,,
6,bank:109,Viajo a España en avión.,Vado in Spagna in aereo.,Viaggio in Spagna in aereo. | Vado in Spagna con l'aereo.,,,
6,bank:112,Ellos vienen de Nápoles.,Loro vengono da Napoli.,Vengono da Napoli.,,,
6,bank:138,Hacemos una pausa a las once.,Facciamo una pausa alle undici.,,,,
6,bank:140,¿Qué hacés el fin de semana?,Cosa fai nel fine settimana?,Cosa fai il fine settimana? | Che fai nel weekend? | Cosa fai nel weekend?,,,
6,bank:142,Tengo que trabajar hoy.,Oggi devo lavorare.,Devo lavorare oggi.,,,
6,bank:143,Tenemos que salir ya.,Dobbiamo uscire subito.,Dobbiamo uscire adesso. | Dobbiamo uscire ora.,,,
6,bank:144,Podemos ir mañana.,Possiamo andare domani.,Domani possiamo andare.,,,
6,bank:148,¿Cómo estás?,Come stai?,,,,
6,bank:163,En verano voy a la playa.,D'estate vado al mare.,In estate vado al mare.,,,
6,bank:164,Voy al centro a pie.,Vado in centro a piedi.,,,,
6,bank:169,Mi hija va a la escuela.,Mia figlia va a scuola.,,,,
6,bank:170,¿Querés un vaso de agua?,Vuoi un bicchiere d'acqua?,Vuoi un bicchiere di acqua?,,,
6,bank:177,A ella le gustan los gatos.,A lei piacciono i gatti.,Le piacciono i gatti.,,,
6,bank:19,Voy a la oficina en subte.,Vado in ufficio in metropolitana.,Vado in ufficio con la metropolitana. | Vado in ufficio in metro.,,,
6,bank:21,Voy al médico mañana.,Domani vado dal medico.,Vado dal medico domani. | Domani vado dal dottore. | Vado dal dottore domani.,,,
6,bank:250,Estoy leyendo un libro de Calvino.,Sto leggendo un libro di Calvino.,,,,
6,bank:251,¿Qué estás haciendo?,Cosa stai facendo?,Che stai facendo? | Che cosa stai facendo?,,,
6,bank:252,Estamos trabajando en un proyecto nuevo.,Stiamo lavorando a un nuovo progetto.,Stiamo lavorando su un nuovo progetto. | Stiamo lavorando a un progetto nuovo.,,,
6,bank:274,Vení acá un momento.,Vieni qui un momento.,Vieni qua un momento. | Vieni qui un attimo.,,,
6,bank:280,"¿Vas al gimnasio? Sí, voy todos los días.","Vai in palestra? Sì, ci vado tutti i giorni.","Vai in palestra? Sì, ci vado ogni giorno.",,,
6,bank:324,¿Te puedo hacer una pregunta?,Posso farti una domanda?,Ti posso fare una domanda?,,,
6,bank:325,Tengo que irme.,Devo andare.,Devo andarmene. | Me ne devo andare. | Devo andare via.,,,
6,bank:348,¿Sabés dónde queda el Coliseo?,Sai dov'è il Colosseo?,Sai dove si trova il Colosseo?,,,
6,bank:349,No sé qué hacer.,Non so cosa fare.,Non so che fare. | Non so che cosa fare.,,,
6,bank:358,Mañana voy a la peluquería.,Domani vado dal parrucchiere.,Domani vado dalla parrucchiera. | Domani vado dal barbiere.,,,
6,bank:381,Mi prima y su novio vienen a cenar.,Mia cugina e il suo ragazzo vengono a cena.,Mia cugina e il suo fidanzato vengono a cena.,,,
6,bank:393,Para esto se necesita paciencia.,Per questo ci vuole pazienza.,Per questo serve pazienza. | Per questo occorre pazienza.,,,
6,bank:394,Se necesitan dos horas para llegar.,Ci vogliono due ore per arrivare.,Servono due ore per arrivare. | Occorrono due ore per arrivare.,,,
6,bank:40,Los lunes voy al gimnasio.,Il lunedì vado in palestra.,Di lunedì vado in palestra.,,,
6,bank:430,Puede que llueva esta tarde.,Può darsi che piova oggi pomeriggio.,Può darsi che piova questo pomeriggio. | È possibile che piova oggi pomeriggio.,,,
6,bank:432,Mi jefe quiere que trabaje el sábado.,Il mio capo vuole che io lavori sabato.,Il mio capo vuole che lavori sabato.,,,
6,bank:479,El informe tiene que ser entregado el lunes.,Il rapporto deve essere consegnato lunedì.,Il rapporto va consegnato lunedì.,,,
6,bank:489,Hace media hora que estoy esperando el colectivo.,Sto aspettando l'autobus da mezz'ora.,Aspetto l'autobus da mezz'ora. | È mezz'ora che aspetto l'autobus. | È mezz'ora che sto aspettando l'autobus.,,,
6,bank:535,"Por lo tanto, tenemos que cambiar el plan.",Quindi dobbiamo cambiare il piano.,"Perciò dobbiamo cambiare il piano. | Di conseguenza, dobbiamo cambiare il piano.",,,
6,bank:537,"Aunque estoy cansado, voy a salir.","Anche se sono stanco, esco.","Anche se sono stanco, uscirò. | Benché sia stanco, esco.",,,
6,bank:540,"Dado que no hay tiempo, lo hacemos mañana.","Dato che non c'è tempo, lo facciamo domani.","Visto che non c'è tempo, lo facciamo domani. | Siccome non c'è tempo, lo facciamo domani.",,,
6,bank:555,Estoy buscando laburo.,Sto cercando lavoro.,Sto cercando un lavoro.,,,
6,bank:559,Tenemos que cumplir con los plazos.,Dobbiamo rispettare le scadenze.,,,,
6,bank:56,Los italianos toman mucho café.,Gli italiani bevono molto caffè.,Gli italiani bevono tanto caffè.,,,
6,bank:57,Tomo mate con mis amigos.,Bevo il mate con i miei amici.,Bevo mate con i miei amici.,,,
6,bank:579,"Estoy leyendo Si esto es un hombre, de Primo Levi.","Sto leggendo Se questo è un uomo, di Primo Levi.",Sto leggendo Se questo è un uomo di Primo Levi.,,,
6,bank:605,No sé si tiene razón.,Non so se ha ragione.,Non so se abbia ragione.,,,
6,bank:607,"Después de comer, dormimos la siesta.","Dopo aver mangiato, facciamo un pisolino.","Dopo mangiato, facciamo un pisolino. | Dopo pranzo facciamo un riposino. | Dopo aver mangiato, abbiamo fatto un pisolino.",,,
6,bank:622,"Si me invitás, voy.","Se mi inviti, ci vado.","Se mi inviti, vengo.",,,
6,bank:623,"¿Vas a ir a la reunión? No, no voy.","Vai alla riunione? No, non ci vado.",,,,
6,bank:64,¿A qué hora te acostás?,A che ora vai a letto?,A che ora ti corichi? | A che ora vai a dormire?,,,
6,bank:649,"Por más que lo intento, no me sale.","Per quanto ci provi, non ci riesco.","Per quanto ci provi, non mi riesce.",,,
6,bank:65,Me ducho a la mañana.,Faccio la doccia la mattina.,Mi faccio la doccia la mattina. | Faccio la doccia di mattina.,,,
6,bank:661,Este formulario debe completarse a mano.,Questo modulo va compilato a mano.,Questo modulo deve essere compilato a mano.,,,
6,bank:662,Los documentos deben guardarse con cuidado.,I documenti vanno conservati con cura.,I documenti devono essere conservati con cura.,,,
6,bank:696,"Según algunos sociólogos, la familia está cambiando.","Secondo alcuni sociologi, la famiglia sta cambiando.",,,,
6,bank:699,"No es que no quiera, es que no puedo.","Non è che non voglia, è che non posso.","Non è che non voglio, è che non posso.",,,
6,bank:72,"¿Podés repetir, por favor?","Puoi ripetere, per favore?",,,,
6,bank:73,Quiero aprender italiano.,Voglio imparare l'italiano.,Voglio imparare italiano.,,,
6,bank:736,"Quedate tranquilo, está todo bajo control.","Stai tranquillo, è tutto sotto controllo.","Sta' tranquillo, è tutto sotto controllo.",,,
6,bank:74,Sé nadar pero no sé cocinar.,So nuotare ma non so cucinare.,So nuotare però non so cucinare.,,,
6,bank:747,¿Puedo ir con ustedes al cine?,Posso venire con voi al cinema?,,,,
6,bank:749,Traeme el diario cuando vengas.,Portami il giornale quando vieni.,,,,
6,bank:761,Me cuesta concentrarme en la oficina.,Faccio fatica a concentrarmi in ufficio.,Mi riesce difficile concentrarmi in ufficio.,,,
6,bank:770,"Quien mucho abarca, poco aprieta.",Chi troppo vuole nulla stringe.,,,,
6,bank:80,Quiero mucho a mi abuela.,Voglio molto bene a mia nonna.,Voglio tanto bene a mia nonna.,,,
6,bank:844,No hay mal que por bien no venga.,Non tutto il male viene per nuocere.,,,,
6,bank:97,Subo las escaleras.,Salgo le scale.,Faccio le scale.,,,
6,bank:98,Salgo de casa a las ocho.,Esco di casa alle otto.,Esco da casa alle otto.,,,
11,bank:200,Ayer fui al cine con Marta.,Ieri sono andato al cinema con Marta.,Ieri sono andata al cinema con Marta.,,,
11,bank:201,Anoche salí con mis compañeros de trabajo.,Ieri sera sono uscito con i miei colleghi.,Ieri sera sono uscita con i miei colleghi.,,,
11,bank:202,Mi hermana volvió de Italia la semana pasada.,Mia sorella è tornata dall'Italia la settimana scorsa.,Mia sorella è rientrata dall'Italia la settimana scorsa.,,,
11,bank:203,Llegamos tarde a la reunión.,Siamo arrivati tardi alla riunione.,Siamo arrivati in ritardo alla riunione. | Siamo arrivate tardi alla riunione. | Siamo arrivate in ritardo alla riunione.,,,
11,bank:204,Mi abuelo nació en Calabria.,Mio nonno è nato in Calabria.,,,,
11,bank:205,Borges murió en Ginebra en 1986.,Borges è morto a Ginevra nel 1986.,,,,
11,bank:206,Me quedé en casa todo el día.,Sono rimasto a casa tutto il giorno.,Sono rimasta a casa tutto il giorno. | Sono stato a casa tutto il giorno. | Sono stata a casa tutto il giorno.,,,
11,bank:208,Me gustó mucho la película.,Il film mi è piaciuto molto.,Mi è piaciuto molto il film. | Il film mi è piaciuto tanto.,,,
11,bank:209,Me gustaron las fotos.,Le foto mi sono piaciute.,Mi sono piaciute le foto.,,,
11,bank:210,Nos divertimos mucho en la fiesta.,Ci siamo divertiti molto alla festa.,Ci siamo divertite molto alla festa. | Ci siamo divertiti tanto alla festa.,,,
11,bank:213,Comí una pizza enorme.,Ho mangiato una pizza enorme.,,,,
11,bank:214,¿Leíste el mail del jefe?,Hai letto l'email del capo?,Hai letto la mail del capo?,,,
11,bank:215,Escribí el informe ayer.,Ho scritto il rapporto ieri.,Ieri ho scritto il rapporto. | Ho scritto la relazione ieri.,,,
11,bank:216,No hice nada el domingo.,Domenica non ho fatto niente.,Domenica non ho fatto nulla. | Non ho fatto niente domenica.,,,
11,bank:217,Vimos una exposición sobre el Renacimiento.,Abbiamo visto una mostra sul Rinascimento.,,,,
11,bank:218,Visité a mi abuela el domingo.,Domenica ho visitato mia nonna.,Ho visitato mia nonna domenica. | Domenica sono andato a trovare mia nonna. | Domenica sono andata a trovare mia nonna.,,,
11,bank:219,Ayer conocí a tu hermana.,Ieri ho conosciuto tua sorella.,,,,
11,bank:220,Llamé a Pedro pero no contestó.,Ho chiamato Pedro ma non ha risposto.,Ho chiamato Pedro però non ha risposto.,,,
11,bank:221,Invitamos a los vecinos a cenar.,Abbiamo invitato i vicini a cena.,Abbiamo invitato i vicini a cenare.,,,
11,bank:222,Ayudé a mi colega con el proyecto.,Ho aiutato il mio collega con il progetto.,Ho aiutato il mio collega col progetto. | Ho aiutato la mia collega con il progetto.,,,
11,bank:223,Compré el libro y lo leí en dos días.,Ho comprato il libro e l'ho letto in due giorni.,,,,
11,bank:224,Compré las entradas y las guardé en el cajón.,Ho comprato i biglietti e li ho messi nel cassetto.,,,,
11,bank:225,"¿Viste a Laura? Sí, la vi ayer.","Hai visto Laura? Sì, l'ho vista ieri.",,,,
11,bank:231,Le regalé un libro a mi papá.,Ho regalato un libro a mio padre.,Ho regalato un libro a mio papà. | Ho regalato un libro al mio papà.,,,
11,bank:232,Le dije la verdad a mi jefe.,Ho detto la verità al mio capo.,,,,
11,bank:233,A ella le dije que sí.,Le ho detto di sì.,A lei ho detto di sì.,,,
11,bank:234,A él le dije todo.,Gli ho detto tutto.,A lui ho detto tutto.,,,
11,bank:235,Les escribí un mail a los clientes.,Ho scritto un'email ai clienti.,Ho scritto una mail ai clienti.,,,
11,bank:260,Fui a Roma hace dos años.,Sono andato a Roma due anni fa.,Sono andata a Roma due anni fa.,,,
11,bank:261,Terminé la facultad hace un mes.,Ho finito l'università un mese fa.,,,,
11,bank:281,"¿Estuviste en Venecia? Sí, estuve el año pasado.","Sei stato a Venezia? Sì, ci sono stato l'anno scorso.","Sei stata a Venezia? Sì, ci sono stata l'anno scorso.",,,
11,bank:286,Compré pan y queso.,Ho comprato del pane e del formaggio.,Ho comprato pane e formaggio.,,,
11,bank:294,Nos mudamos a un departamento más grande.,Ci siamo trasferiti in un appartamento più grande.,Ci siamo trasferite in un appartamento più grande.,,,
11,bank:295,Me olvidé las llaves en casa.,Ho dimenticato le chiavi a casa.,Mi sono dimenticato le chiavi a casa. | Mi sono dimenticata le chiavi a casa. | Ho lasciato le chiavi a casa.,,,
11,bank:296,Me equivoqué de colectivo.,Ho sbagliato autobus.,Ho preso l'autobus sbagliato.,,,
11,bank:300,Terminé el trabajo temprano.,Ho finito il lavoro presto.,,,,
11,bank:301,Los precios subieron mucho.,I prezzi sono saliti molto.,I prezzi sono aumentati molto.,,,
11,bank:302,Subí al tren sin boleto.,Sono salito sul treno senza biglietto.,Sono salita sul treno senza biglietto.,,,
11,bank:306,Se volvió muy famoso.,È diventato molto famoso.,,,,
11,bank:307,Fue un día muy largo.,È stata una giornata molto lunga.,È stato un giorno molto lungo.,,,
11,bank:308,Estuve enfermo toda la semana.,Sono stato male tutta la settimana.,Sono stato malato tutta la settimana.,,,
11,bank:309,Tuve que trabajar el sábado.,Sabato ho dovuto lavorare.,Ho dovuto lavorare sabato.,,,
11,bank:311,Nuestros abuelos llegaron de Italia en 1920.,I nostri nonni sono arrivati dall'Italia nel 1920.,,,,
11,bank:313,Cristóbal Colón nació en Génova.,Cristoforo Colombo è nato a Genova.,,,,
11,bank:315,Dante escribió la Divina Comedia.,Dante ha scritto la Divina Commedia.,Dante scrisse la Divina Commedia.,,,
11,bank:316,Ayer leí un artículo sobre Gramsci.,Ieri ho letto un articolo su Gramsci.,,,,
11,bank:317,La reunión fue muy aburrida.,La riunione è stata molto noiosa.,,,,
11,bank:318,Le mandé el informe al cliente.,Ho mandato il rapporto al cliente.,Ho inviato il rapporto al cliente. | Ho mandato la relazione al cliente.,,,
11,bank:319,Mi jefe me dio un aumento.,Il mio capo mi ha dato un aumento.,,,,
11,bank:327,El verano pasado fuimos a Sicilia.,L'estate scorsa siamo andati in Sicilia.,L'estate scorsa siamo andate in Sicilia.,,,
11,bank:328,Me quedé una semana en Nápoles.,Sono rimasto una settimana a Napoli.,Sono rimasta una settimana a Napoli. | Sono stato una settimana a Napoli. | Sono stata una settimana a Napoli.,,,
11,bank:329,Dormimos en un hotel cerca del puerto.,Abbiamo dormito in un albergo vicino al porto.,Abbiamo dormito in un hotel vicino al porto.,,,
11,bank:330,Perdí el pasaporte en el aeropuerto.,Ho perso il passaporto all'aeroporto.,Ho perso il passaporto in aeroporto.,,,
11,bank:331,Reservé una mesa para las nueve.,Ho prenotato un tavolo per le nove.,,,,
11,bank:332,El mozo nos trajo la cuenta.,Il cameriere ci ha portato il conto.,,,,
11,bank:333,Pedimos dos platos de pasta.,Abbiamo ordinato due piatti di pasta.,Abbiamo preso due piatti di pasta.,,,
11,bank:335,Los chicos se fueron a dormir temprano.,I bambini sono andati a letto presto.,I ragazzi sono andati a dormire presto. | I bambini sono andati a dormire presto. | I ragazzi sono andati a letto presto.,,,
11,bank:336,Mi mujer se fue a trabajar.,Mia moglie è andata al lavoro.,Mia moglie è andata a lavorare.,,,
11,bank:337,¿Dónde pusiste mis anteojos?,Dove hai messo i miei occhiali?,,,,
11,bank:338,Encontré las llaves abajo del sillón.,Ho trovato le chiavi sotto il divano.,Ho trovato le chiavi sotto la poltrona.,,,
11,bank:339,¿Ya comiste?,Hai già mangiato?,,,,
11,bank:340,Todavía no terminé.,Non ho ancora finito.,,,,
11,bank:341,Nunca estuve en Italia.,Non sono mai stato in Italia.,Non sono mai stata in Italia.,,,
11,bank:342,Siempre quise ir a Sicilia.,Ho sempre voluto andare in Sicilia.,Sono sempre voluto andare in Sicilia. | Sono sempre voluta andare in Sicilia.,,,
11,bank:352,Nos conocimos en la facultad.,Ci siamo conosciuti all'università.,Ci siamo conosciute all'università.,,,
11,bank:357,Fuimos a lo de Giulia a cenar.,Siamo andati a cena da Giulia.,Siamo andati da Giulia a cena. | Siamo andate a cena da Giulia.,,,
11,bank:361,Esta mañana tomé el subte.,Stamattina ho preso la metropolitana.,Stamattina ho preso la metro. | Stamani ho preso la metropolitana.,,,
11,bank:363,Se cortó la luz en la oficina.,È andata via la luce in ufficio.,In ufficio è andata via la luce. | In ufficio è saltata la corrente.,,,
11,bank:365,Trabajé hasta tarde toda la semana.,Ho lavorato fino a tardi tutta la settimana.,,,,
11,bank:373,Ayer hizo mucho calor.,Ieri ha fatto molto caldo.,Ieri faceva molto caldo. | Ieri ha fatto tanto caldo.,,,
11,bank:375,¿Cuánto tiempo te quedaste en Roma?,Quanto tempo sei rimasto a Roma?,Quanto tempo sei rimasta a Roma? | Quanto tempo sei stato a Roma?,,,
11,bank:376,Llegué a Italia en marzo.,Sono arrivato in Italia a marzo.,Sono arrivata in Italia a marzo. | Sono arrivato in Italia in marzo.,,,
11,bank:383,Hablamos del viaje durante la cena.,Abbiamo parlato del viaggio durante la cena.,Abbiamo parlato del viaggio a cena.,,,
11,bank:384,Saqué muchas fotos en Roma.,Ho fatto molte foto a Roma.,Ho scattato molte foto a Roma. | Ho fatto tante foto a Roma.,,,
11,bank:385,Tomé una decisión importante.,Ho preso una decisione importante.,,,,
11,bank:386,Di un paseo por el centro.,Ho fatto una passeggiata in centro.,Ho fatto una passeggiata per il centro. | Ho fatto un giro in centro.,,,
11,bank:387,Hice la cola durante una hora.,Ho fatto la fila per un'ora.,Ho fatto la coda per un'ora.,,,
11,bank:392,Tardé una hora en llegar.,Ci ho messo un'ora ad arrivare.,Ci ho messo un'ora per arrivare. | Ho impiegato un'ora ad arrivare.,,,
11,bank:404,Fue un viaje buenísimo.,È stato un viaggio bellissimo.,È stato un viaggio fantastico.,,,
11,bank:405,¿Por qué no viniste ayer?,Perché non sei venuto ieri?,Perché non sei venuta ieri?,,,
11,bank:406,Mis amigos llegaron a las diez.,I miei amici sono arrivati alle dieci.,,,,
11,bank:407,¿A qué hora saliste de la oficina?,A che ora sei uscito dall'ufficio?,A che ora sei uscita dall'ufficio?,,,
11,bank:408,Mi abuela murió hace diez años.,Mia nonna è morta dieci anni fa.,,,,
11,bank:409,Las chicas volvieron tarde.,Le ragazze sono tornate tardi.,,,,
11,bank:410,¿Te gustó Florencia?,Ti è piaciuta Firenze?,,,,
11,bank:411,No me gustaron los ravioles.,Non mi sono piaciuti i ravioli.,,,,
11,bank:412,Nos quedamos sin nafta en la ruta.,Siamo rimasti senza benzina in autostrada.,Siamo rimasti senza benzina per strada. | Siamo rimaste senza benzina in autostrada.,,,
11,bank:413,Ayer me acosté muy tarde.,Ieri sono andato a letto molto tardi.,Ieri sono andata a letto molto tardi.,,,
11,bank:414,¿Viste a Juan en la fiesta?,Hai visto Juan alla festa?,,,,
11,bank:415,Esperé a mis amigos una hora.,Ho aspettato i miei amici per un'ora.,Ho aspettato i miei amici un'ora.,,,
11,bank:416,Saludé a la profesora en la calle.,Ho salutato la professoressa per strada.,Ho salutato la professoressa in strada.,,,
11,bank:454,Se lo dije ayer a Marco.,"Gliel'ho detto ieri, a Marco.",L'ho detto ieri a Marco.,,,
11,bank:455,Le mandé el informe a Carla y se lo expliqué.,Ho mandato il rapporto a Carla e gliel'ho spiegato.,,,,
11,bank:456,Mi hermano me pidió el auto y se lo presté.,Mio fratello mi ha chiesto la macchina e gliel'ho prestata.,,,,
11,bank:458,Nos lo contaron nuestros amigos.,Ce l'hanno raccontato i nostri amici.,Ce lo hanno raccontato i nostri amici.,,,
11,bank:464,Al final lo logramos.,Alla fine ce l'abbiamo fatta.,,,,
11,bank:468,Me fui de la reunión antes del final.,Sono andato via dalla riunione prima della fine.,Sono andata via dalla riunione prima della fine. | Me ne sono andato dalla riunione prima della fine.,,,
11,bank:469,El libro que me recomendaste es excelente.,Il libro che mi hai consigliato è ottimo.,Il libro che mi hai consigliato è eccellente.,,,
11,bank:474,Lo que me dijiste es verdad.,Quello che mi hai detto è vero.,Ciò che mi hai detto è vero.,,,
11,bank:476,La novela fue escrita por Italo Svevo.,Il romanzo è stato scritto da Italo Svevo.,Il romanzo fu scritto da Italo Svevo.,,,
11,bank:477,El puente fue construido en el siglo XVI.,Il ponte è stato costruito nel XVI secolo.,Il ponte è stato costruito nel Cinquecento. | Il ponte fu costruito nel XVI secolo.,,,
11,bank:478,La ciudad fue fundada por los romanos.,La città è stata fondata dai romani.,La città fu fondata dai Romani.,,,
11,bank:486,"Caminando por Roma, encontré una librería antigua.","Passeggiando per Roma, ho trovato una vecchia libreria.","Camminando per Roma, ho trovato una vecchia libreria. | Passeggiando per Roma, ho trovato una libreria antica.",,,
11,bank:502,Viví diez años en Madrid.,Ho vissuto dieci anni a Madrid.,Ho vissuto a Madrid per dieci anni. | Sono vissuto dieci anni a Madrid.,,,
11,bank:503,El año pasado fui tres veces a Italia.,L'anno scorso sono andato in Italia tre volte.,L'anno scorso sono andata in Italia tre volte.,,,
11,bank:505,Me enteré de la noticia por la radio.,Ho saputo la notizia dalla radio.,Ho sentito la notizia alla radio.,,,
11,bank:534,"Sin embargo, el proyecto siguió adelante.","Tuttavia, il progetto è andato avanti.","Comunque, il progetto è andato avanti.",,,
11,bank:538,"Mientras tanto, preparé la cena.",Nel frattempo ho preparato la cena.,Intanto ho preparato la cena.,,,
11,bank:551,El otro día me crucé con tu ex.,L'altro giorno ho incontrato il tuo ex.,L'altro giorno ho incontrato la tua ex.,,,
11,bank:552,Estudié Letras en la UBA.,Ho studiato Lettere all'UBA.,Ho fatto Lettere all'UBA.,,,
11,bank:560,La reunión se pasó para el jueves.,La riunione è stata spostata a giovedì.,La riunione è stata rimandata a giovedì.,,,
11,bank:561,El proyecto fue aprobado por el directorio.,Il progetto è stato approvato dal consiglio di amministrazione.,,,,
11,bank:564,Ayer me quedé hasta las diez en la oficina.,Ieri sono rimasto in ufficio fino alle dieci.,Ieri sono rimasta in ufficio fino alle dieci.,,,
11,bank:568,Me costó mucho entenderlo.,Ho fatto fatica a capirlo.,Mi è costato molto capirlo.,,,
11,bank:569,La cena me salió cara.,La cena mi è costata cara.,La cena mi è costata tanto.,,,
11,bank:570,¿Cuánto te costó el pasaje?,Quanto ti è costato il biglietto?,,,,
11,bank:571,Durante la dictadura muchos intelectuales se exiliaron.,Durante la dittatura molti intellettuali sono andati in esilio.,Durante la dittatura molti intellettuali andarono in esilio.,,,
11,bank:573,Italia se unificó en 1861.,L'Italia è stata unificata nel 1861.,L'Italia si è unificata nel 1861. | L'Italia fu unificata nel 1861.,,,
11,bank:574,Garibaldi vivió un tiempo en Sudamérica.,Garibaldi ha vissuto per un periodo in Sudamerica.,Garibaldi visse per un periodo in Sudamerica. | Garibaldi ha vissuto per un periodo in America del Sud.,,,
11,bank:580,Calvino escribió muchos cuentos fantásticos.,Calvino ha scritto molti racconti fantastici.,Calvino scrisse molti racconti fantastici.,,,
11,bank:581,Me regalaron una novela de Elsa Morante.,Mi hanno regalato un romanzo di Elsa Morante.,,,,
11,bank:621,La carta fue enviada ayer.,La lettera è stata spedita ieri.,La lettera è stata inviata ieri.,,,
11,bank:637,Me pidió que no le dijera nada a nadie.,Mi ha chiesto di non dire niente a nessuno.,Mi ha chiesto di non dire nulla a nessuno.,,,
11,bank:658,El informe fue revisado por tres colegas.,Il rapporto è stato rivisto da tre colleghi.,Il rapporto è stato controllato da tre colleghi. | La relazione è stata rivista da tre colleghi.,,,
11,bank:659,La ley fue aprobada por amplia mayoría.,La legge è stata approvata a larga maggioranza.,La legge è stata approvata con un'ampia maggioranza. | La legge fu approvata a larga maggioranza.,,,
11,bank:664,Se publicaron dos nuevas traducciones de Dante.,Sono state pubblicate due nuove traduzioni di Dante.,Si sono pubblicate due nuove traduzioni di Dante.,,,
11,bank:665,"¿Le devolviste el libro a Paolo? Sí, se lo devolví ayer.","Hai restituito il libro a Paolo? Sì, gliel'ho restituito ieri.","Hai ridato il libro a Paolo? Sì, gliel'ho ridato ieri.",,,
11,bank:672,Nos las arreglamos para terminar a tiempo.,Siamo riusciti a finire in tempo.,Ce l'abbiamo fatta a finire in tempo. | Siamo riuscite a finire in tempo.,,,
11,bank:673,No pude dormir en toda la noche.,Non sono riuscito a dormire tutta la notte.,Non sono riuscita a dormire tutta la notte. | Non ho chiuso occhio tutta la notte. | Non ho potuto dormire tutta la notte.,,,
11,bank:674,Me costó adaptarme a la vida en Italia.,Ho fatto fatica ad abituarmi alla vita in Italia.,Ho fatto fatica ad adattarmi alla vita in Italia. | Mi è stato difficile abituarmi alla vita in Italia.,,,
11,bank:678,Nos dijeron que esperáramos afuera.,Ci hanno detto di aspettare fuori.,,,,
11,bank:693,Los partidos tradicionales perdieron mucho apoyo.,I partiti tradizionali hanno perso molto consenso.,I partiti tradizionali persero molto consenso. | I partiti tradizionali hanno perso molto sostegno. | I partiti tradizionali hanno perso molto appoggio.,,,
11,bank:694,La crisis económica afectó sobre todo a los jóvenes.,La crisi economica ha colpito soprattutto i giovani.,,,,
11,bank:695,El gobierno fue criticado por los sindicatos.,Il governo è stato criticato dai sindacati.,,,,
11,bank:721,"En cuanto me enteré, te llamé.","Appena l'ho saputo, ti ho chiamato.","Appena l'ho saputo, ti ho chiamata. | Non appena l'ho saputo, ti ho chiamato.",,,
11,bank:722,Así que al final no viniste.,Quindi alla fine non sei venuto.,Quindi alla fine non sei venuta. | Allora alla fine non sei venuto.,,,
11,bank:724,"De hecho, nadie lo leyó.",Infatti nessuno l'ha letto.,In effetti nessuno l'ha letto.,,,
11,bank:726,"En resumen, el proyecto fue un éxito.","Insomma, il progetto è stato un successo.","In sintesi, il progetto è stato un successo. | In breve, il progetto è stato un successo.",,,
11,bank:728,Fue un fracaso total.,È stato un fallimento totale.,È stato un fiasco totale.,,,
11,bank:734,Recibió una buena educación en la escuela pública.,Ha ricevuto una buona istruzione nella scuola pubblica.,,,,
11,bank:735,La propuesta fue rechazada.,La proposta è stata respinta.,La proposta è stata rifiutata. | La proposta fu respinta.,,,
11,bank:741,Me costó un ojo de la cara.,Mi è costato un occhio della testa.,,,,
11,bank:748,Me llevó a casa en auto.,Mi ha accompagnato a casa in macchina.,Mi ha accompagnata a casa in macchina. | Mi ha portato a casa in macchina.,,,
11,bank:754,"Durante siglos, Italia estuvo dividida.",Per secoli l'Italia è stata divisa.,Per secoli l'Italia fu divisa.,,,
11,bank:798,Tal vez haya sido un error confiar en él.,Forse è stato un errore fidarsi di lui.,Può darsi che sia stato un errore fidarsi di lui.,,,
11,bank:857,Lo hizo a propósito para que lo echaran.,L'ha fatto apposta per farsi licenziare.,L'ha fatto apposta perché lo licenziassero.,,,
11,bank:858,Quien lo haya leído sabrá de qué hablo.,Chi l'ha letto sa di cosa parlo.,Chi l'ha letto sa di che cosa parlo. | Chi l'abbia letto saprà di cosa parlo.,,,
12,bank:0,Me gusta la música italiana.,Mi piace la musica italiana.,,,,
12,bank:1,Me llamo Lucía y soy argentina.,Mi chiamo Lucia e sono argentina.,,,,
12,bank:12,Me gustan los libros de historia.,Mi piacciono i libri di storia.,,,,
12,bank:13,¿Te gusta el café?,Ti piace il caffè?,,,,
12,bank:132,Me interesa la sociología.,Mi interessa la sociologia.,,,,
12,bank:133,Me interesan los libros de Borges.,Mi interessano i libri di Borges.,,,,
12,bank:14,No me gusta levantarme temprano.,Non mi piace alzarmi presto.,,,,
12,bank:174,Me gusta caminar por la ciudad.,Mi piace camminare per la città.,Mi piace passeggiare per la città. | Mi piace girare per la città.,,,
12,bank:175,No me gustan las películas de terror.,Non mi piacciono i film dell'orrore.,Non mi piacciono i film horror.,,,
12,bank:178,¿A ustedes les gusta la ciudad?,Vi piace la città?,A voi piace la città?,,,
12,bank:2,¿Cómo te llamás?,Come ti chiami?,,,,
12,bank:226,Te llamo esta noche.,Ti chiamo stasera.,,,,
12,bank:253,"Estoy por salir, te llamo después.","Sto per uscire, ti chiamo dopo.","Sto per uscire, ti richiamo dopo.",,,
12,bank:288,Te extraño mucho.,Mi manchi molto.,Mi manchi tanto.,,,
12,bank:289,Extraño Buenos Aires.,Mi manca Buenos Aires.,,,,
12,bank:290,Extraño a mis amigos.,Mi mancano i miei amici.,,,,
12,bank:292,Me duelen los pies.,Mi fanno male i piedi.,,,,
12,bank:293,Me parece una buena idea.,Mi sembra una buona idea.,Mi pare una buona idea.,,,
12,bank:323,¿Me prestás tu lapicera?,Mi presti la tua penna?,,,,
12,bank:354,Hoy me siento mejor.,Oggi mi sento meglio.,Mi sento meglio oggi.,,,
12,bank:396,Acá se come muy bien.,Qui si mangia molto bene.,Qua si mangia molto bene.,,,
12,bank:398,En Suiza se habla italiano.,In Svizzera si parla italiano.,In Svizzera si parla l'italiano. | Si parla italiano in Svizzera.,,,
12,bank:399,Se venden departamentos en esta calle.,Si vendono appartamenti in questa strada.,In questa strada si vendono appartamenti. | Si vendono appartamenti in questa via.,,,
12,bank:436,Tengo miedo de que se enoje.,Ho paura che si arrabbi.,,,,
12,bank:446,"Si tengo tiempo, te llamo.","Se ho tempo, ti chiamo.",,,,
12,bank:465,No me importa lo que digan.,Non mi importa quello che dicono.,Non m'importa quello che dicono. | Non mi interessa quello che dicono. | Non mi importa quello che dicano.,,,
12,bank:47,Necesito una birome.,Mi serve una penna.,Ho bisogno di una penna.,,,
12,bank:480,Las reglas se respetan.,Le regole si rispettano.,Le regole vanno rispettate.,,,
12,bank:481,Acá no se puede fumar.,Qui non si può fumare.,Qua non si può fumare.,,,
12,bank:484,Se dice que el ministro va a renunciar.,Si dice che il ministro si dimetterà.,,,,
12,bank:507,Me da vergüenza hablar en público.,Mi vergogno a parlare in pubblico.,Mi vergogno di parlare in pubblico.,,,
12,bank:508,Me cae bien tu hermano.,Tuo fratello mi sta simpatico.,Mi sta simpatico tuo fratello.,,,
12,bank:512,Me hace falta un día libre.,Mi serve un giorno libero.,Ho bisogno di un giorno libero.,,,
12,bank:548,"Disculpe, ¿me puede ayudar?","Scusi, mi può aiutare?","Mi scusi, può aiutarmi? | Scusi, può aiutarmi?",,,
12,bank:584,"Si querés, te acompaño a la estación.","Se vuoi, ti accompagno alla stazione.","Se vuoi, ti accompagno in stazione.",,,
12,bank:610,¿Hace cuánto que se conocen?,Da quanto tempo vi conoscete?,Da quanto vi conoscete? | Da quanto tempo si conoscono? | Da quanto si conoscono?,,,
12,bank:614,Mis compañeros de trabajo se quejan de todo.,I miei colleghi si lamentano di tutto.,,,,
12,bank:615,Este barrio me recuerda a mi infancia.,Questo quartiere mi ricorda la mia infanzia.,,,,
12,bank:619,En esta empresa se trabaja mucho.,In quest'azienda si lavora molto.,In questa azienda si lavora molto. | In questa ditta si lavora tanto.,,,
12,bank:62,Me levanto a las siete.,Mi alzo alle sette.,,,,
12,bank:620,Se ven muchas bicicletas en Ferrara.,Si vedono molte biciclette a Ferrara.,A Ferrara si vedono molte biciclette.,,,
12,bank:626,Yo no me meto en política.,Io non mi occupo di politica.,Non mi immischio nella politica.,,,
12,bank:657,Es el único que me entiende.,È l'unico che mi capisce.,È l'unico che mi capisca.,,,
12,bank:66,Ella se viste rápido.,Lei si veste in fretta.,Si veste in fretta. | Lei si veste velocemente. | Si veste velocemente.,,,
12,bank:67,Estudio italiano porque me gusta.,Studio l'italiano perché mi piace.,Studio italiano perché mi piace.,,,
12,bank:733,Me molesta el ruido de la calle.,Mi dà fastidio il rumore della strada.,Il rumore della strada mi dà fastidio.,,,
12,bank:765,Lo que más me preocupa es la inflación.,Ciò che mi preoccupa di più è l'inflazione.,Quello che mi preoccupa di più è l'inflazione.,,,
12,bank:780,"Si te interesa, te paso el contacto.","Se ti interessa, ti passo il contatto.",,,,
12,bank:816,Se trata de un fenómeno que no conviene subestimar.,Si tratta di un fenomeno che non conviene sottovalutare.,,,,
12,bank:92,Me gusta el pan con manteca.,Mi piace il pane con il burro.,Mi piace il pane col burro.,,,
15,bank:242,Cuando era chico vivía en La Plata.,Quando ero piccolo abitavo a La Plata.,Quando ero piccolo vivevo a La Plata. | Da piccolo abitavo a La Plata.,,,
15,bank:243,De chica jugaba mucho en la calle.,Da piccola giocavo molto per strada.,Da piccola giocavo molto in strada. | Da bambina giocavo molto per strada.,,,
15,bank:244,Mi abuela siempre cocinaba los domingos.,Mia nonna cucinava sempre la domenica.,,,,
15,bank:245,Antes trabajaba en un banco.,Prima lavoravo in una banca.,,,,
15,bank:246,Hacía frío y llovía.,Faceva freddo e pioveva.,,,,
15,bank:247,"Mientras leía, sonó el teléfono.","Mentre leggevo, è squillato il telefono.","Mentre leggevo, ha squillato il telefono. | Mentre leggevo, ha suonato il telefono.",,,
15,bank:248,"Estaba cansada, así que me fui a dormir.","Ero stanca, quindi sono andata a dormire.","Ero stanca, così sono andata a dormire. | Ero stanca, quindi sono andata a letto.",,,
15,bank:249,Estábamos en la playa cuando empezó a llover.,Eravamo al mare quando ha cominciato a piovere.,Eravamo al mare quando è cominciato a piovere. | Eravamo al mare quando ha iniziato a piovere. | Eravamo in spiaggia quando ha cominciato a piovere.,,,
15,bank:255,Estaba por llamarte.,Stavo per chiamarti.,,,,
15,bank:310,No pude venir porque estaba enfermo.,Non sono potuto venire perché ero malato.,Non ho potuto venire perché ero malato. | Non sono potuto venire perché stavo male.,,,
15,bank:334,El helado estaba muy rico.,Il gelato era molto buono.,Il gelato era buonissimo.,,,
15,bank:367,"Antes fumaba, ahora no.","Prima fumavo, adesso no.","Prima fumavo, ora no.",,,
15,bank:368,De joven leía mucha poesía.,Da giovane leggevo molta poesia.,Da giovane leggevo tanta poesia.,,,
15,bank:369,Los romanos construían caminos por todo el imperio.,I romani costruivano strade in tutto l'impero.,,,,
15,bank:370,En la Edad Media pocas personas sabían leer.,Nel Medioevo poche persone sapevano leggere.,,,,
15,bank:371,La ciudad tenía murallas enormes.,La città aveva mura enormi.,La città aveva delle mura enormi.,,,
15,bank:372,Mi abuelo contaba historias de la guerra.,Mio nonno raccontava storie della guerra.,Mio nonno raccontava storie di guerra.,,,
15,bank:388,El colectivo estaba lleno de gente.,L'autobus era pieno di gente.,,,,
15,bank:389,Había mucha gente en la plaza.,C'era molta gente in piazza.,C'era tanta gente in piazza.,,,
15,bank:390,Había muchos turistas en el museo.,C'erano molti turisti al museo.,C'erano molti turisti nel museo. | C'erano tanti turisti al museo.,,,
15,bank:492,Hacía años que no venía a Roma.,Non venivo a Roma da anni.,Erano anni che non venivo a Roma.,,,
15,bank:495,Me preguntó si quería ir con él.,Mi ha chiesto se volevo andare con lui.,Mi ha chiesto se volessi andare con lui.,,,
15,bank:496,Dijo que estaba cansado.,Ha detto che era stanco.,,,,
15,bank:498,"Cuando era estudiante, trabajaba de mozo.","Quando ero studente, facevo il cameriere.","Quando ero studente, lavoravo come cameriere.",,,
15,bank:499,Estaba durmiendo cuando sonó el timbre.,Stavo dormendo quando ha suonato il campanello.,Stavo dormendo quando è suonato il campanello.,,,
15,bank:500,Conocí a mi mujer mientras vivía en Córdoba.,Ho conosciuto mia moglie mentre vivevo a Córdoba.,Ho conosciuto mia moglie mentre abitavo a Córdoba.,,,
15,bank:501,Ayer no fui a trabajar porque me sentía mal.,Ieri non sono andato a lavorare perché stavo male.,Ieri non sono andata a lavorare perché stavo male. | Ieri non sono andato al lavoro perché mi sentivo male.,,,
15,bank:549,"Pase, lo estábamos esperando.","Prego, entri, La stavamo aspettando.","Entri, La stavamo aspettando.",,,
15,bank:557,Renuncié porque no me pagaban bien.,Mi sono dimesso perché non mi pagavano bene.,Mi sono dimessa perché non mi pagavano bene. | Ho dato le dimissioni perché non mi pagavano bene.,,,
15,bank:565,Las cosas no salieron como esperábamos.,Le cose non sono andate come speravamo.,Le cose non sono andate come ci aspettavamo.,,,
15,bank:609,Me di cuenta de que había un error.,Mi sono reso conto che c'era un errore.,Mi sono resa conto che c'era un errore. | Mi sono accorto che c'era un errore.,,,
15,bank:692,La mafia se había infiltrado en la política.,La mafia si era infiltrata nella politica.,La mafia si era infiltrata in politica.,,,
15,bank:725,"Sin embargo, no todos estaban de acuerdo.","Tuttavia, non tutti erano d'accordo.",,,,
15,bank:751,Nadie se esperaba semejante resultado.,Nessuno si aspettava un risultato del genere.,Nessuno si aspettava un simile risultato.,,,
15,bank:763,Hacía horas que esperaba cuando por fin llegó.,Aspettavo da ore quando finalmente è arrivato.,Aspettavo da ore quando finalmente è arrivata.,,,
15,bank:764,Hacía mucho que no leía algo tan bueno.,Era da tanto che non leggevo qualcosa di così bello.,Non leggevo qualcosa di così bello da tanto tempo.,,,
15,bank:775,Nos enteramos de que la empresa había quebrado.,Abbiamo saputo che l'azienda era fallita.,Siamo venuti a sapere che l'azienda era fallita.,,,
15,bank:777,"Cuando llegamos, la película ya había empezado.","Quando siamo arrivati, il film era già cominciato.","Quando siamo arrivati, il film era già iniziato.",,,
15,bank:785,En los pueblos se vivía de la agricultura.,Nei paesi si viveva di agricoltura.,Nei paesi si viveva dell'agricoltura.,,,
15,bank:821,Estaba a punto de rendirme cuando recibí la noticia.,Stavo per arrendermi quando ho ricevuto la notizia.,Ero sul punto di arrendermi quando ho ricevuto la notizia.,,,
15,bank:822,Estuve a punto de perder el avión.,Stavo per perdere l'aereo.,Per poco non perdevo l'aereo. | Ho rischiato di perdere l'aereo.,,,
15,bank:842,Ahí se jugaba el destino de la nación.,Lì si giocava il destino della nazione.,Lì si decideva il destino della nazione.,,,
16,bank:211,Me desperté a las seis.,Mi sono svegliato alle sei.,Mi sono svegliata alle sei.,,,
16,bank:212,Ella se casó el año pasado.,Si è sposata l'anno scorso.,Lei si è sposata l'anno scorso.,,,
16,bank:297,Se me hizo tarde.,Si è fatto tardi.,,,,
16,bank:353,Se enojó conmigo.,Si è arrabbiato con me.,Si è arrabbiata con me.,,,
16,bank:355,¿Te acordaste de comprar pan?,Ti sei ricordato di comprare il pane?,Ti sei ricordata di comprare il pane?,,,
16,bank:356,Me puse la campera porque hacía frío.,Mi sono messo la giacca perché faceva freddo.,Mi sono messa la giacca perché faceva freddo. | Ho messo la giacca perché faceva freddo.,,,
16,bank:362,La computadora se rompió otra vez.,Il computer si è rotto di nuovo.,Il computer si è rotto un'altra volta. | Il computer si è rotto ancora.,,,
16,bank:377,Mis padres se conocieron en Rosario.,I miei genitori si sono conosciuti a Rosario.,,,,
16,bank:516,Se me olvidó tu cumpleaños.,Mi sono dimenticato del tuo compleanno.,Mi sono dimenticata del tuo compleanno. | Ho dimenticato il tuo compleanno.,,,
16,bank:533,Me mudé a Roma para estar más cerca de mi familia.,Mi sono trasferito a Roma per stare più vicino alla mia famiglia.,Mi sono trasferita a Roma per stare più vicina alla mia famiglia.,,,
16,bank:553,Me recibí de abogado en 2015.,Mi sono laureato in Giurisprudenza nel 2015.,Mi sono laureato in Legge nel 2015.,,,
16,bank:554,Mi hermana se recibió de médica.,Mia sorella si è laureata in Medicina.,,,,
16,bank:613,Me mudé hace poco y todavía no conozco a nadie.,Mi sono trasferito da poco e non conosco ancora nessuno.,Mi sono trasferita da poco e non conosco ancora nessuno.,,,
16,bank:730,Me sentí muy avergonzado.,Mi sono sentito molto in imbarazzo.,Mi sono sentito molto imbarazzato. | Mi sono vergognato molto.,,,
16,bank:762,"Desde que me mudé, duermo mejor.","Da quando mi sono trasferito, dormo meglio.","Da quando mi sono trasferita, dormo meglio.",,,
16,bank:815,Rara vez se ha escrito con tanta lucidez sobre el poder.,Raramente si è scritto con tanta lucidità sul potere.,Di rado si è scritto con tanta lucidità sul potere.,,,
19,bank:236,Mañana voy a ir a Roma.,Domani andrò a Roma.,Domani vado a Roma.,,,
19,bank:237,El año que viene voy a estudiar filosofía.,L'anno prossimo studierò filosofia.,L'anno prossimo studierò la filosofia. | L'anno prossimo studio filosofia.,,,
19,bank:238,¿Vas a venir a la fiesta?,Verrai alla festa?,Vieni alla festa?,,,
19,bank:239,Te voy a llamar cuando llegue.,Ti chiamerò quando arriverò.,Ti chiamo quando arrivo. | Ti chiamerò quando arrivo.,,,
19,bank:241,¿Dónde está Pablo? Estará en la oficina.,Dov'è Pablo? Sarà in ufficio.,,,,
19,bank:343,Este fin de semana voy a descansar.,Questo fine settimana mi riposerò.,Questo fine settimana mi riposo. | Questo weekend mi riposerò. | Questo fine settimana riposerò. | Questo fine settimana riposo.,,,
19,bank:550,"Volvé pronto, te vamos a extrañar.","Torna presto, ci mancherai.","Torna presto, ci mancherai tanto.",,,
19,bank:585,"Si no estudiás, no vas a aprobar.","Se non studi, non passerai l'esame.","Se non studi, non supererai l'esame.",,,
19,bank:589,"Cuando tenga tiempo, voy a leer ese libro.","Quando avrò tempo, leggerò quel libro.","Quando ho tempo, leggerò quel libro. | Quando ho tempo, leggo quel libro.",,,
19,bank:590,"Cuando hayas terminado, avisame.","Quando avrai finito, avvisami.","Quando hai finito, avvisami.",,,
19,bank:591,Habrá unas cincuenta personas.,Ci saranno una cinquantina di persone.,Ci saranno circa cinquanta persone.,,,
19,bank:592,¿Qué hora será?,Che ore saranno?,,,,
19,bank:593,Habrá perdido el tren.,Avrà perso il treno.,,,,
19,bank:594,Dentro de diez años todo será distinto.,Tra dieci anni tutto sarà diverso.,Fra dieci anni tutto sarà diverso.,,,
19,bank:786,"Por mucho que se esfuerce, nunca estará satisfecho.","Per quanto si sforzi, non sarà mai soddisfatto.",,,,
19,bank:819,Vaya uno a saber qué habrá pensado.,Chissà cosa avrà pensato.,Chissà che cosa avrà pensato.,,,
19,bank:832,"Llueva o no llueva, vamos a salir.","Che piova o no, usciremo.","Che piova o meno, usciremo.",,,
20,bank:31,"Quiero un café con leche, por favor.","Vorrei un caffellatte, per favore.","Voglio un caffellatte, per favore. | Vorrei un caffè latte, per favore. | Vorrei un caffelatte, per favore.",,,
20,bank:400,Me gustaría ir a Roma.,Mi piacerebbe andare a Roma.,,,,
20,bank:401,¿Podrías ayudarme con esto?,Potresti aiutarmi con questo?,Mi potresti aiutare con questo?,,,
20,bank:438,"Iría con gusto, pero tengo que trabajar.","Ci andrei volentieri, ma devo lavorare.","Ci andrei volentieri, però devo lavorare. | Andrei volentieri, ma devo lavorare.",,,
20,bank:439,¿Qué harías en mi lugar?,Cosa faresti al posto mio?,Cosa faresti al mio posto? | Che faresti al posto mio? | Che cosa faresti al mio posto?,,,
20,bank:441,Deberías descansar más.,Dovresti riposare di più.,Dovresti riposarti di più.,,,
20,bank:442,Me gustaría vivir en Bolonia.,Mi piacerebbe vivere a Bologna.,Mi piacerebbe abitare a Bologna.,,,
20,bank:595,Me encantaría conocer Sicilia.,Mi piacerebbe tantissimo visitare la Sicilia.,Mi piacerebbe molto conoscere la Sicilia. | Mi piacerebbe tanto visitare la Sicilia. | Mi piacerebbe tanto conoscere la Sicilia. | Mi piacerebbe tantissimo conoscere la Sicilia. | Mi piacerebbe molto visitare la Sicilia.,,,
20,bank:598,Yo no diría eso en la reunión.,Io non direi questo alla riunione.,Non direi questo alla riunione. | Io non lo direi alla riunione.,,,
20,bank:679,El ministro afirmó que no iba a renunciar.,Il ministro ha affermato che non si sarebbe dimesso.,Il ministro affermò che non si sarebbe dimesso.,,,
20,bank:850,"No quisiera parecer descortés, pero debo irme.","Non vorrei sembrare scortese, ma devo andare.","Non vorrei sembrare scortese, ma devo andarmene.",,,
21,bank:283,¿Cuántos hermanos tenés? Tengo dos.,Quanti fratelli hai? Ne ho due.,,,,
21,bank:284,Compré manzanas: ¿querés una?,Ho comprato delle mele: ne vuoi una?,Ho comprato le mele: ne vuoi una?,,,
21,bank:285,"¿Hablaron del proyecto? Sí, hablamos mucho.","Avete parlato del progetto? Sì, ne abbiamo parlato molto.","Avete parlato del progetto? Sì, ne abbiamo parlato tanto.",,,
21,bank:466,¿Cuántas páginas leíste? Leí cincuenta.,Quante pagine hai letto? Ne ho lette cinquanta.,,,,
21,bank:467,"Tomé demasiado café, no quiero más.","Ho bevuto troppo caffè, non ne voglio più.","Ho preso troppo caffè, non ne voglio più.",,,
21,bank:510,No tengo ni idea.,Non ne ho idea.,Non ho idea.,,,
21,bank:577,Muchos jóvenes se van del país.,Molti giovani se ne vanno dal paese.,Molti giovani lasciano il paese.,,,
21,bank:604,Hace falta que alguien se ocupe del tema.,Bisogna che qualcuno se ne occupi.,Bisogna che qualcuno si occupi della questione.,,,
21,bank:645,Sería mejor que lo discutiéramos en persona.,Sarebbe meglio che ne discutessimo di persona.,Sarebbe meglio discuterne di persona.,,,
21,bank:700,"Por lo que sé, la reunión se suspendió.","Per quanto ne so, la riunione è stata annullata.","Che io sappia, la riunione è stata annullata. | Per quanto ne so, la riunione è stata sospesa.",,,
21,bank:705,Aprovecho para agradecerles a todos.,Ne approfitto per ringraziare tutti.,Colgo l'occasione per ringraziare tutti.,,,
22,bank:452,Te lo doy mañana.,Te lo do domani.,Domani te lo do.,,,
22,bank:453,¿Me lo podés explicar?,Me lo puoi spiegare?,Puoi spiegarmelo?,,,
22,bank:457,¿Las fotos? Te las mando esta tarde.,Le foto? Te le mando oggi pomeriggio.,Le foto? Te le mando questo pomeriggio.,,,
22,bank:459,"Bueno, me voy a casa.","Beh, me ne vado a casa.","Bene, me ne vado a casa. | Allora, vado a casa.",,,
22,bank:461,"¿Te acordás de él? Sí, me acuerdo.","Ti ricordi di lui? Sì, me ne ricordo.","Ti ricordi di lui? Sì, mi ricordo.",,,
22,bank:463,Ya no puedo más.,Non ce la faccio più.,,,,
22,bank:521,Estaba por irme cuando llamaste.,Stavo per andarmene quando hai chiamato.,Stavo per andare via quando hai chiamato.,,,
22,bank:543,"Decíselo vos, que lo conocés mejor.","Diglielo tu, che lo conosci meglio.",,,,
22,bank:546,"Si ya lo leíste, dámelo.","Se l'hai già letto, dammelo.",,,,
22,bank:666,"¿Le mandaste las fotos a tu madre? Sí, ya se las mandé.","Hai mandato le foto a tua madre? Sì, gliele ho già mandate.",,,,
22,bank:668,No te lo voy a repetir.,Non te lo ripeterò.,Non te lo ripeto.,,,
22,bank:669,"No te preocupes, me las arreglo solo.","Non preoccuparti, me la cavo da solo.","Non ti preoccupare, me la cavo da solo.",,,
22,bank:776,"Por mucho que me lo expliques, no lo entiendo.","Per quanto tu me lo spieghi, non lo capisco.","Per quanto me lo spieghi, non lo capisco.",,,
22,bank:818,Se lo reprocharon durante años.,Glielo rinfacciarono per anni.,Gliel'hanno rinfacciato per anni.,,,
23,bank:262,Roma es más grande que Florencia.,Roma è più grande di Firenze.,,,,
23,bank:263,Mi hermano es más alto que yo.,Mio fratello è più alto di me.,,,,
23,bank:264,Es más fácil leer que escribir.,È più facile leggere che scrivere.,,,,
23,bank:265,Tengo más libros que discos.,Ho più libri che dischi.,,,,
23,bank:268,Es el libro más lindo que leí.,È il libro più bello che ho letto.,È il libro più bello che abbia letto. | È il libro più bello che abbia mai letto.,,,
23,bank:269,Matera es una de las ciudades más antiguas del mundo.,Matera è una delle città più antiche del mondo.,,,,
23,bank:402,Mi hermano es menor que yo.,Mio fratello è più piccolo di me.,Mio fratello è più giovane di me. | Mio fratello è minore di me.,,,
23,bank:523,Más de mil personas vinieron a la marcha.,Più di mille persone sono venute alla manifestazione.,Più di mille persone sono venute al corteo.,,,
23,bank:524,Este año trabajé más que nunca.,Quest'anno ho lavorato più che mai.,,,,
23,bank:527,Hoy hace menos frío que ayer.,Oggi fa meno freddo di ieri.,,,,
23,bank:647,"Vamos a la playa, a menos que llueva.","Andiamo al mare, a meno che non piova.","Andiamo al mare, a meno che piova.",,,
23,bank:783,Los jóvenes de hoy leen menos que antes.,I giovani di oggi leggono meno di prima.,I ragazzi di oggi leggono meno di prima.,,,
24,bank:417,Creo que tenés razón.,Credo che tu abbia ragione.,Penso che tu abbia ragione.,,,
24,bank:418,Pienso que es una buena idea.,Penso che sia una buona idea.,Credo che sia una buona idea.,,,
24,bank:419,Espero que vengas a la fiesta.,Spero che tu venga alla festa.,,,,
24,bank:420,Quiero que me digas la verdad.,Voglio che tu mi dica la verità.,,,,
24,bank:421,Es importante que todos participen.,È importante che tutti partecipino.,,,,
24,bank:424,No creo que sea tan difícil.,Non credo che sia così difficile.,Non penso che sia così difficile. | Non credo che sia tanto difficile.,,,
24,bank:426,"Aunque es tarde, sigo trabajando.","Benché sia tardi, continuo a lavorare.","Anche se è tardi, continuo a lavorare. | Sebbene sia tardi, continuo a lavorare.",,,
24,bank:427,Te lo explico antes de que te vayas.,Te lo spiego prima che tu vada via.,Te lo spiego prima che tu te ne vada.,,,
24,bank:428,Te presto el libro para que lo leas.,Ti presto il libro perché tu lo legga.,Ti presto il libro affinché tu lo legga. | Ti presto il libro così lo leggi.,,,
24,bank:431,Busco un departamento que tenga balcón.,Cerco un appartamento che abbia il balcone.,Cerco un appartamento che abbia un balcone.,,,
24,bank:435,Me alegra que estés acá.,Sono contento che tu sia qui.,Sono contenta che tu sia qui. | Mi fa piacere che tu sia qui.,,,
24,bank:437,Lo hago sin que nadie lo sepa.,Lo faccio senza che nessuno lo sappia.,,,,
24,bank:520,Parece que está por llover.,Sembra che stia per piovere.,Pare che stia per piovere.,,,
24,bank:547,"Siéntese, por favor.","Si sieda, per favore.","Si accomodi, per favore. | Si accomodi, prego.",,,
24,bank:601,Parece mentira que ya sea diciembre.,Sembra impossibile che sia già dicembre.,Sembra incredibile che sia già dicembre.,,,
24,bank:602,Es posible que el vuelo se atrase.,È possibile che il volo sia in ritardo.,È possibile che il volo ritardi.,,,
24,bank:603,Es mejor que no digas nada.,È meglio che tu non dica niente.,È meglio che tu non dica nulla.,,,
24,bank:646,Te lo presto con tal de que me lo devuelvas.,Te lo presto purché tu me lo restituisca.,Te lo presto a patto che tu me lo restituisca.,,,
24,bank:650,"Cualquiera que sea la decisión, la vamos a respetar.","Qualunque sia la decisione, la rispetteremo.","Qualsiasi sia la decisione, la rispetteremo.",,,
24,bank:651,"Adondequiera que vayas, te voy a seguir.","Ovunque tu vada, ti seguirò.","Dovunque tu vada, ti seguirò.",,,
24,bank:652,Hablo despacio para que todos me entiendan.,Parlo lentamente affinché tutti mi capiscano.,Parlo piano perché tutti mi capiscano. | Parlo lentamente perché tutti mi capiscano. | Parlo piano affinché tutti mi capiscano.,,,
24,bank:656,No hay nadie que entienda este sistema.,Non c'è nessuno che capisca questo sistema.,,,,
24,bank:698,Hay quien piensa que la historia se repite.,C'è chi pensa che la storia si ripeta.,,,,
24,bank:701,"Que yo sepa, nadie se quejó.","Che io sappia, nessuno si è lamentato.",,,,
24,bank:715,Temo que sea demasiado tarde.,Temo che sia troppo tardi.,,,,
24,bank:723,"Es más, creo que tiene razón.","Anzi, credo che abbia ragione.",,,,
24,bank:750,Tengo entendido que el vuelo está demorado.,Mi risulta che il volo sia in ritardo.,"Da quanto ho capito, il volo è in ritardo.",,,
24,bank:791,"Suponiendo que tengas razón, ¿qué proponés?","Ammesso che tu abbia ragione, che cosa proponi?","Supponendo che tu abbia ragione, cosa proponi? | Ammesso che tu abbia ragione, cosa proponi?",,,
24,bank:792,"Siempre y cuando se respeten los plazos, el proyecto es viable.","Purché si rispettino le scadenze, il progetto è fattibile.","A condizione che si rispettino le scadenze, il progetto è fattibile.",,,
24,bank:817,Es conveniente que se tomen medidas cuanto antes.,È opportuno che si prendano provvedimenti al più presto.,È opportuno che si prendano misure al più presto.,,,
24,bank:831,"Mal que le pese, tendrá que aceptarlo.","Che gli piaccia o no, dovrà accettarlo.","Volente o nolente, dovrà accettarlo.",,,
24,bank:855,Es de suponer que ya estén al tanto.,È presumibile che siano già al corrente.,Si presume che siano già al corrente.,,,
26,bank:493,"Cuando llegué, ya se habían ido.","Quando sono arrivato, se n'erano già andati.","Quando sono arrivata, se n'erano già andati. | Quando sono arrivato, erano già andati via.",,,
26,bank:494,Me dijo que había perdido el tren.,Mi ha detto che aveva perso il treno.,,,,
26,bank:738,Habíamos quedado en vernos y me dejó plantado.,Ci eravamo messi d'accordo per vederci e mi ha dato buca.,Avevamo appuntamento e mi ha dato buca.,,,
26,bank:778,Nunca había visto tanta gente junta.,Non avevo mai visto tanta gente insieme.,,,,
26,bank:779,Ya se lo había advertido.,Gliel'avevo già detto.,L'avevo già avvertito.,,,
26,bank:784,Nunca se había hablado tanto de igualdad.,Non si era mai parlato tanto di uguaglianza.,,,,
29,bank:425,Me parece que el jefe está enojado.,Mi sembra che il capo sia arrabbiato.,Mi pare che il capo sia arrabbiato.,,,
29,bank:434,Es raro que no haya llamado.,È strano che non abbia chiamato.,,,,
29,bank:528,Es la mejor novela que leí este año.,È il miglior romanzo che abbia letto quest'anno.,È il romanzo migliore che ho letto quest'anno. | È il miglior romanzo che ho letto quest'anno.,,,
29,bank:714,Me extraña que no haya contestado.,Mi stupisce che non abbia risposto.,Mi sorprende che non abbia risposto. | Mi sembra strano che non abbia risposto.,,,
29,bank:825,Me consta que hizo todo lo posible.,Mi risulta che abbia fatto tutto il possibile.,So per certo che ha fatto tutto il possibile.,,,
29,bank:827,El hecho de que no haya protestado dice mucho.,Il fatto che non abbia protestato la dice lunga.,Il fatto che non abbia protestato dice molto.,,,
30,bank:440,"Yo que vos, hablaría con el jefe.","Se fossi in te, parlerei con il capo.","Io al tuo posto parlerei con il capo. | Al posto tuo parlerei col capo. | Se fossi in te, parlerei col capo.",,,
30,bank:448,"Si tuviera plata, viajaría por Italia.","Se avessi soldi, viaggerei per l'Italia.","Se avessi i soldi, viaggerei per l'Italia. | Se avessi soldi, viaggerei in giro per l'Italia.",,,
30,bank:449,"Si fuera vos, no lo haría.","Se fossi in te, non lo farei.",,,,
30,bank:450,"Si supiera la respuesta, te la diría.","Se sapessi la risposta, te la direi.",,,,
30,bank:451,"Si pudiera, me mudaría a Roma.","Se potessi, mi trasferirei a Roma.",,,,
30,bank:525,Es más difícil de lo que pensaba.,È più difficile di quanto pensassi.,È più difficile di quello che pensavo. | È più difficile di quanto pensavo.,,,
30,bank:583,Los filósofos griegos se preguntaban qué era la felicidad.,I filosofi greci si chiedevano che cosa fosse la felicità.,I filosofi greci si chiedevano cosa fosse la felicità. | I filosofi greci si domandavano che cosa fosse la felicità.,,,
30,bank:631,"Si fuera más joven, estudiaría medicina.","Se fossi più giovane, studierei medicina.",,,,
30,bank:632,"Si hubiera estudiado más, ahora tendría un trabajo mejor.","Se avessi studiato di più, ora avrei un lavoro migliore.","Se avessi studiato di più, adesso avrei un lavoro migliore.",,,
30,bank:633,Quería que vinieras conmigo.,Volevo che tu venissi con me.,,,,
30,bank:634,Pensaba que eras italiano.,Pensavo che fossi italiano.,Credevo che fossi italiano.,,,
30,bank:635,No sabía que estabas enfermo.,Non sapevo che fossi malato.,Non sapevo che stessi male. | Non sapevo che eri malato.,,,
30,bank:636,Era necesario que todos firmaran el contrato.,Era necessario che tutti firmassero il contratto.,,,,
30,bank:638,Esperaba que el gobierno cambiara de rumbo.,Speravo che il governo cambiasse rotta.,Speravo che il governo cambiasse direzione.,,,
30,bank:639,"Aunque lo hubiera sabido, no habría cambiado nada.","Anche se l'avessi saputo, non sarebbe cambiato niente.","Anche se l'avessi saputo, non sarebbe cambiato nulla.",,,
30,bank:640,Siguió trabajando como si nada hubiera pasado.,Ha continuato a lavorare come se niente fosse.,Ha continuato a lavorare come se nulla fosse successo. | Ha continuato a lavorare come se niente fosse successo.,,,
30,bank:641,Habla como si fuera el dueño.,Parla come se fosse il padrone.,Parla come se fosse il proprietario.,,,
30,bank:642,Ojalá tuviera más tiempo para leer.,Magari avessi più tempo per leggere!,Vorrei avere più tempo per leggere.,,,
30,bank:643,Ojalá me hubieras escuchado.,Magari mi avessi ascoltato!,Se solo mi avessi ascoltato!,,,
30,bank:644,Preferiría que no fumaras acá.,Preferirei che tu non fumassi qui.,Preferirei che non fumassi qui.,,,
30,bank:648,"A pesar de que estaba cansado, siguió estudiando.","Nonostante fosse stanco, ha continuato a studiare.","Benché fosse stanco, ha continuato a studiare. | Sebbene fosse stanco, ha continuato a studiare.",,,
30,bank:653,Salió sin que nadie se diera cuenta.,È uscito senza che nessuno se ne accorgesse.,È uscita senza che nessuno se ne accorgesse.,,,
30,bank:654,Lo terminé antes de que llegara el jefe.,L'ho finito prima che arrivasse il capo.,,,,
30,bank:676,Me preguntó dónde había estado.,Mi ha chiesto dove fossi stato.,Mi ha chiesto dove fossi stata. | Mi ha chiesto dov'ero stato.,,,
30,bank:677,Le pregunté si le gustaba Roma.,Gli ho chiesto se gli piacesse Roma.,Le ho chiesto se le piacesse Roma. | Gli ho chiesto se gli piaceva Roma. | Le ho chiesto se le piaceva Roma.,,,
30,bank:745,"Si me llamaras, iría enseguida.","Se mi chiamassi, verrei subito.",,,,
30,bank:757,Se cree que Homero era ciego.,Si crede che Omero fosse cieco.,Si pensa che Omero fosse cieco.,,,
30,bank:758,Se dice que los romanos eran supersticiosos.,Si dice che i Romani fossero superstiziosi.,,,,
30,bank:781,Me dio pena que se fuera tan pronto.,Mi è dispiaciuto che se ne andasse così presto.,Mi è dispiaciuto che andasse via così presto.,,,
30,bank:790,"Fuera quien fuera, no tenía derecho a entrar.","Chiunque fosse, non aveva il diritto di entrare.",,,,
30,bank:805,Gramsci sostenía que la hegemonía se construye en la cultura.,Gramsci sosteneva che l'egemonia si costruisse nella cultura.,Gramsci sosteneva che l'egemonia si costruisce nella cultura.,,,
30,bank:808,Primo Levi se preguntaba cómo había sido posible Auschwitz.,Primo Levi si chiedeva come fosse stato possibile Auschwitz.,,,,
30,bank:809,"Si Italia no se hubiera unificado, hoy hablaríamos de otra historia.","Se l'Italia non si fosse unificata, oggi parleremmo di un'altra storia.",,,,
30,bank:823,"No puedo pagar eso, ¡ni que fuera millonario!","Non posso pagare questo, neanche fossi milionario!","Non posso pagarlo, neanche fossi milionario!",,,
30,bank:826,Ignoraba que la reunión hubiera sido cancelada.,Ignoravo che la riunione fosse stata annullata.,Non sapevo che la riunione fosse stata annullata.,,,
30,bank:851,Le agradecería que me respondiera a la brevedad.,Le sarei grato se mi rispondesse al più presto.,Le sarei grata se mi rispondesse al più presto. | Le sarei grato se mi rispondesse quanto prima.,,,
30,bank:856,"Por si fuera poco, se largó a llover.","Come se non bastasse, si è messo a piovere.","Come se non bastasse, ha cominciato a piovere.",,,
31,bank:444,Dijo que vendría a las ocho.,Ha detto che sarebbe venuto alle otto.,Ha detto che sarebbe venuta alle otto.,,,
31,bank:445,Me prometió que me llamaría.,Mi ha promesso che mi avrebbe chiamato.,Mi ha promesso che mi avrebbe chiamata.,,,
31,bank:497,Me contó que se iba a casar.,Mi ha raccontato che si sarebbe sposato.,Mi ha raccontato che si sarebbe sposata. | Mi ha detto che si sarebbe sposato.,,,
31,bank:599,"Habría venido, pero estaba enferma.","Sarei venuta, ma ero malata.","Sarei venuta, ma stavo male. | Sarebbe venuta, ma era malata. | Sarebbe venuta, ma stava male.",,,
31,bank:600,"Te habría llamado, pero no tenía tu número.","Ti avrei chiamato, ma non avevo il tuo numero.","Ti avrei chiamata, ma non avevo il tuo numero.",,,
31,bank:627,"Si hubiera sabido, te habría avisado.","Se l'avessi saputo, ti avrei avvisato.","Se l'avessi saputo, ti avrei avvisata. | Se avessi saputo, ti avrei avvisato.",,,
31,bank:628,"Si hubiéramos salido antes, no habríamos perdido el tren.","Se fossimo usciti prima, non avremmo perso il treno.","Se fossimo partiti prima, non avremmo perso il treno. | Se fossimo uscite prima, non avremmo perso il treno.",,,
31,bank:629,"Si no hubiera llovido, habríamos ido a la playa.","Se non avesse piovuto, saremmo andati al mare.","Se non fosse piovuto, saremmo andati al mare.",,,
31,bank:630,"Si me lo hubieras dicho, te habría ayudado.","Se me l'avessi detto, ti avrei aiutato.","Se me l'avessi detto, ti avrei aiutata. | Se me lo avessi detto, ti avrei aiutato.",,,
31,bank:667,Me lo tendrías que haber dicho antes.,Avresti dovuto dirmelo prima.,Me l'avresti dovuto dire prima. | Me lo avresti dovuto dire prima.,,,
31,bank:675,Dijo que lo haría al día siguiente.,Ha detto che l'avrebbe fatto il giorno dopo.,Ha detto che l'avrebbe fatto il giorno seguente.,,,
31,bank:716,Me hubiera gustado conocer a tu abuelo.,Mi sarebbe piaciuto conoscere tuo nonno.,,,,
31,bank:717,Hubiera sido mejor quedarse en casa.,Sarebbe stato meglio restare a casa.,Sarebbe stato meglio rimanere a casa. | Sarebbe stato meglio stare a casa.,,,
31,bank:718,No hubiera podido hacerlo sin vos.,Non avrei potuto farlo senza di te.,Non ce l'avrei fatta senza di te.,,,
31,bank:742,"Si no hubiera sido por vos, no habría terminado nunca.","Se non fosse stato per te, non avrei mai finito.","Se non fosse per te, non avrei mai finito.",,,
31,bank:743,"Si lo hubiera sabido antes, no habría venido.","Se l'avessi saputo prima, non sarei venuto.","Se l'avessi saputo prima, non sarei venuta.",,,
31,bank:744,"De haberlo sabido, me quedaba en casa.","Se l'avessi saputo, sarei rimasto a casa.","Se l'avessi saputo, sarei rimasta a casa. | Se l'avessi saputo, restavo a casa.",,,
31,bank:787,"Aun cuando lo hubiera querido, no habría podido.","Anche se l'avessi voluto, non avrei potuto.","Anche se avessi voluto, non avrei potuto.",,,
31,bank:796,Nadie hubiera imaginado que la guerra durara tanto.,Nessuno avrebbe immaginato che la guerra durasse così a lungo.,Nessuno avrebbe immaginato che la guerra durasse tanto.,,,
31,bank:797,Hubiera preferido que me lo dijeras en la cara.,Avrei preferito che me lo dicessi in faccia.,,,,
31,bank:810,"De no haber sido por la censura, la obra se habría publicado antes.","Se non fosse stato per la censura, l'opera sarebbe stata pubblicata prima.",,,,
31,bank:820,¿Quién lo hubiera dicho?,Chi l'avrebbe mai detto?,Chi l'avrebbe detto?,,,
31,bank:839,"Si Dante no hubiera sido exiliado, quizás no habría escrito la Comedia.","Se Dante non fosse stato esiliato, forse non avrebbe scritto la Commedia.",,,,
31,bank:860,"De haber nacido en otra época, habría sido revolucionario.","Se fosse nato in un'altra epoca, sarebbe stato un rivoluzionario.","Fosse nato in un'altra epoca, sarebbe stato un rivoluzionario. | Se fossi nato in un'altra epoca, sarei stato un rivoluzionario. | Fossi nato in un'altra epoca, sarei stato un rivoluzionario. | Se fosse nato in un'altra epoca, sarebbe stato rivoluzionario. | Se fossi nato in un'altra epoca, sarei stato rivoluzionario.",,,
34,bank:470,La persona con la que hablé es la directora.,La persona con cui ho parlato è la direttrice.,,,,
34,bank:471,El barrio en el que vivo es tranquilo.,Il quartiere in cui abito è tranquillo.,Il quartiere dove abito è tranquillo. | Il quartiere in cui vivo è tranquillo.,,,
34,bank:472,Ese es el motivo por el cual renuncié.,Questo è il motivo per cui mi sono dimesso.,Questo è il motivo per cui mi sono dimessa. | È il motivo per cui mi sono dimesso. | Quello è il motivo per cui mi sono dimesso. | Quello è il motivo per cui mi sono dimessa.,,,
34,bank:473,El escritor cuyos libros leí vive en Turín.,Lo scrittore di cui ho letto i libri vive a Torino.,Lo scrittore i cui libri ho letto vive a Torino. | Lo scrittore di cui ho letto i libri abita a Torino. | Lo scrittore i cui libri ho letto abita a Torino.,,,
34,bank:504,La casa en la que crecí ya no existe.,La casa in cui sono cresciuto non esiste più.,La casa in cui sono cresciuta non esiste più. | La casa dove sono cresciuto non esiste più.,,,
34,bank:766,El día en que nos conocimos llovía.,Il giorno in cui ci siamo conosciuti pioveva.,Il giorno in cui ci siamo conosciute pioveva.,,,
34,bank:767,Es un autor del que se habla poco.,È un autore di cui si parla poco.,,,,
34,bank:768,Los amigos con quienes viajé son de Turín.,Gli amici con cui ho viaggiato sono di Torino.,,,,
34,bank:769,La razón por la que te llamo es otra.,Il motivo per cui ti chiamo è un altro.,La ragione per cui ti chiamo è un'altra.,,,
34,bank:772,Me lo dijo alguien en quien confío.,Me l'ha detto una persona di cui mi fido.,Me l'ha detto qualcuno di cui mi fido.,,,
35,bank:660,El museo es visitado por millones de turistas.,Il museo viene visitato da milioni di turisti.,Il museo è visitato da milioni di turisti.,,,
35,bank:713,Es probable que el tratado se firme en marzo.,È probabile che il trattato venga firmato a marzo.,È probabile che il trattato sia firmato a marzo. | È probabile che il trattato si firmi a marzo.,,,
36,bank:483,Uno se acostumbra a todo.,Ci si abitua a tutto.,,,,
36,bank:515,Se me rompieron los anteojos.,Mi si sono rotti gli occhiali.,Ho rotto gli occhiali.,,,
37,bank:663,En los años cincuenta se construyeron muchas fábricas.,Negli anni Cinquanta furono costruite molte fabbriche.,Negli anni Cinquanta sono state costruite molte fabbriche. | Negli anni Cinquanta si costruirono molte fabbriche.,,,
37,bank:680,Galileo fue obligado a abjurar.,Galileo fu costretto ad abiurare.,Galileo è stato costretto ad abiurare.,,,
37,bank:682,Maquiavelo escribió El príncipe en 1513.,Machiavelli scrisse Il Principe nel 1513.,Machiavelli ha scritto Il Principe nel 1513.,,,
37,bank:683,Mussolini llegó al poder en 1922.,Mussolini salì al potere nel 1922.,Mussolini arrivò al potere nel 1922. | Mussolini è salito al potere nel 1922. | Mussolini è arrivato al potere nel 1922.,,,
37,bank:684,La República Italiana nació en 1946.,La Repubblica italiana nacque nel 1946.,La Repubblica italiana è nata nel 1946.,,,
37,bank:685,Los italianos votaron por la república.,Gli italiani votarono per la repubblica.,Gli italiani hanno votato per la repubblica.,,,
37,bank:687,Pasolini fue asesinado en 1975.,Pasolini fu assassinato nel 1975.,Pasolini è stato assassinato nel 1975. | Pasolini fu ucciso nel 1975.,,,
37,bank:689,Umberto Eco enseñó semiótica en Bolonia.,Umberto Eco insegnò semiotica a Bologna.,Umberto Eco ha insegnato semiotica a Bologna.,,,
37,bank:690,El Renacimiento nació en Florencia.,Il Rinascimento nacque a Firenze.,Il Rinascimento è nato a Firenze.,,,
37,bank:691,Muchos emigrantes nunca volvieron a su tierra.,Molti emigranti non tornarono mai nella loro terra.,Molti emigranti non sono mai tornati nella loro terra. | Molti emigranti non tornarono mai in patria. | Molti emigranti non sono tornati mai nella loro terra. | Molti emigranti non sono mai tornati in patria.,,,
37,bank:752,La obra fue censurada por el régimen.,L'opera fu censurata dal regime.,L'opera è stata censurata dal regime.,,,
37,bank:795,Cabe destacar que el texto fue escrito en el exilio.,Va sottolineato che il testo fu scritto in esilio.,Occorre sottolineare che il testo fu scritto in esilio. | Va sottolineato che il testo è stato scritto in esilio.,,,
37,bank:813,"No bien hubo terminado de hablar, se retiró.","Non appena ebbe finito di parlare, si ritirò.",,,,
37,bank:814,"Apenas lo supo, se echó a llorar.","Appena lo seppe, scoppiò a piangere.","Appena lo seppe, si mise a piangere. | Appena l'ha saputo, è scoppiato a piangere. | Appena l'ha saputo, si è messo a piangere.",,,
37,bank:835,Tocqueville advirtió sobre los peligros de la tiranía de la mayoría.,Tocqueville mise in guardia contro i pericoli della tirannia della maggioranza.,Tocqueville ha messo in guardia contro i pericoli della tirannia della maggioranza.,,,
37,bank:837,"Borges, a quien Eco tanto admiraba, murió ciego.","Borges, che Eco ammirava tanto, morì cieco.","Borges, che Eco ammirava tanto, è morto cieco.",,,
37,bank:840,Los nobles se negaron a pagar impuestos.,I nobili si rifiutarono di pagare le tasse.,I nobili si rifiutarono di pagare le imposte. | I nobili si sono rifiutati di pagare le tasse. | I nobili si sono rifiutati di pagare le imposte.,,,
37,bank:843,Hubo quienes lo acusaron de traición.,Ci fu chi lo accusò di tradimento.,C'è stato chi l'ha accusato di tradimento.,,,
37,bank:847,"Habiéndose negado a firmar, fue despedido.","Essendosi rifiutato di firmare, fu licenziato.","Essendosi rifiutato di firmare, è stato licenziato.",,,
37,bank:848,"Una vez firmado el acuerdo, las tropas se retiraron.","Firmato l'accordo, le truppe si ritirarono.","Una volta firmato l'accordo, le truppe si ritirarono. | Firmato l'accordo, le truppe si sono ritirate. | Una volta firmato l'accordo, le truppe si sono ritirate.",,,
37,bank:859,"Por muy liberal que se considere, sus políticas fueron autoritarias.","Per quanto si consideri liberale, le sue politiche furono autoritarie.","Per quanto si consideri liberale, le sue politiche sono state autoritarie.",,,
37,bank:862,Los intelectuales no supieron o no quisieron ver el peligro.,Gli intellettuali non seppero o non vollero vedere il pericolo.,Gli intellettuali non hanno saputo o non hanno voluto vedere il pericolo.,,,
44,bank:485,Leyendo se aprende mucho.,Leggendo si impara molto.,Leggendo si impara tanto.,,,
44,bank:487,Me lo encontré saliendo de la oficina.,L'ho incontrato uscendo dall'ufficio.,,,,
44,bank:608,"Al salir de casa, me di cuenta de que llovía.","Uscendo di casa, mi sono accorto che pioveva.","Uscendo di casa, mi sono accorta che pioveva. | Quando sono uscito di casa, mi sono accorto che pioveva.",,,
44,bank:702,"Estando en Roma, aproveché para ver a unos amigos.","Essendo a Roma, ne ho approfittato per vedere degli amici.","Trovandomi a Roma, ne ho approfittato per vedere alcuni amici.",,,
44,bank:703,"Habiendo terminado el informe, me fui a casa.","Avendo finito il rapporto, sono andato a casa.","Avendo finito il rapporto, sono andata a casa. | Avendo finito la relazione, sono andato a casa.",,,
44,bank:704,Se fue dando un portazo.,Se n'è andato sbattendo la porta.,Se n'è andata sbattendo la porta. | Se ne è andato sbattendo la porta.,,,
