Semana,Id,Tipo,Consigna,Enunciado,Respuesta,También se acepta,Opciones,OK (sí/no),Corrección,Comentario
1,a2-ort-01,choice,¿Cuál se pronuncia con sonido duro [k]?,___,chi,,chi | ci | ce,,,
1,a2-ort-03,choice,Elegí la palabra que significa «abuelo».,___,nonno,,nonno | nono | nonna,,,
1,a2-ort-04,choice,¿Dónde lleva acento gráfico?,___,città,,città | cittá | cìtta,,,
1,a2-ort-06,choice,¿Cómo suena «gli» en «figli»?,figli,"[ʎ], como la «ll» tradicional (no la rioplatense)",,"[ʎ], como la «ll» tradicional (no la rioplatense) | [gli] separado | [x] como la j española",,,
1,d07-001,conjugate,Completá con la forma correcta de essere en presente.,Loro ___ simpatici.,sono,,,,,
1,d07-002,conjugate,Completá con la forma correcta de essere en presente.,Tu ___ americana?,sei,,,,,
1,d07-003,conjugate,Completá con la forma correcta de essere en presente.,Voi ___ insegnanti?,siete,,,,,
1,d07-004,conjugate,Completá con la forma correcta de essere en presente.,Giulia e Chiara ___ cugine.,sono,,,,,
1,d07-005,conjugate,Completá con la forma correcta de essere en presente.,Io ___ felice.,sono,,,,,
1,d07-006,conjugate,Completá con la forma correcta de essere en presente.,I bambini ___ a casa.,sono,,,,,
1,d07-007,conjugate,Completá con la forma correcta de essere en presente.,Tu e Paola ___ amici.,siete,,,,,
1,d07-008,conjugate,Completá con la forma correcta de essere en presente.,Laura ___ molto giovane.,è,,,,,
1,d07-009,conjugate,Completá con la forma correcta de essere en presente.,Io ed Emilio ___ in campagna.,siamo,,,,,
1,d07-010,conjugate,Completá con la forma correcta de essere en presente.,Tu e loro ___ in montagna durante l’estate.,siete,,,,,
1,d07-011,conjugate,Completá con la forma correcta de avere en presente.,Luigi ___ un gatto che è vecchio vecchio.,ha,,,,,
1,d07-012,conjugate,Completá con la forma correcta de avere en presente.,Voi ___ una bellissima casa.,avete,,,,,
1,d07-014,conjugate,Completá con la forma correcta de avere en presente.,Io non ___ una macchina.,ho,,,,,
1,d07-015,conjugate,Completá con la forma correcta de avere en presente.,Tu ___ un amico che si chiama Leonardo?,hai,,,,,
1,d07-016,translate,Traducí al italiano usando avere.,Tengo hambre.,Ho fame.,Io ho fame.,,,,
1,d07-017,translate,Traducí al italiano usando avere.,Ella está equivocada.,Lei ha torto.,Ha torto.,,,,
1,d07-018,translate,Traducí al italiano usando avere.,Tienen sueño.,Hanno sonno.,Loro hanno sonno.,,,,
1,d07-019,translate,Traducí al italiano usando avere.,Él está apurado.,Ha fretta.,Lui ha fretta.,,,,
1,d07-020,translate,Traducí al italiano usando avere.,¿Ustedes tienen frío?,Avete freddo?,Voi avete freddo? | Hanno freddo? | Loro hanno freddo?,,,,
1,d07-021,translate,Traducí al italiano usando avere.,Paolo tiene calor.,Paolo ha caldo.,,,,,
1,d07-022,translate,Traducí al italiano usando avere.,Tengo miedo.,Ho paura.,Io ho paura.,,,,
1,d07-024,translate,Traducí al italiano usando avere.,Micia (la gata) tiene sed.,Micia ha sete.,,,,,
1,d07-025,translate,Traducí al italiano usando avere.,Él no tiene vergüenza.,Non ha vergogna.,Lui non ha vergogna.,,,,
1,d07-026,conjugate,"Completá con essere o avere, conjugado en presente.",Noi ___ studenti.,siamo,,,,,
1,d07-027,conjugate,"Completá con essere o avere, conjugado en presente.",Il bambino ___ fame.,ha,,,,,
1,d07-028,conjugate,"Completá con essere o avere, conjugado en presente.",Tu ___ torto!,hai,,,,,
1,d07-029,conjugate,"Completá con essere o avere, conjugado en presente.",Lei ___ simpatica.,è,,,,,
1,d07-030,conjugate,"Completá con essere o avere, conjugado en presente.",Io ___ freddo.,ho,,,,,
1,d07-031,conjugate,"Completá con essere o avere, conjugado en presente.",Loro ___ molto vecchi.,sono,,,,,
1,d07-032,conjugate,"Completá con essere o avere, conjugado en presente.",La maestra ___ intelligente.,è,,,,,
1,d07-033,conjugate,"Completá con essere o avere, conjugado en presente.",Io ___ voglia di mangiare. (tengo ganas),ho,,,,,
1,d07-034,conjugate,"Completá con essere o avere, conjugado en presente.",Lui ___ molto ricco.,è,,,,,
1,d07-035,conjugate,"Completá con essere o avere, conjugado en presente.",Voi ___ fretta?,avete,,,,,
1,rf-1-02,choice,Elegí la palabra que significa «leche».,"Un bicchiere di ___, per favore.",latte,,latte | late | lattè,,,
1,rf-1-03,choice,Elegí el número 7.,La settimana ha ___ giorni.,sette,,sette | sete | setté,,,
1,rf-1-06,choice,¿En cuál la c suena como la «ch» de «chico»?,___,cena,,cena | casa | chiave | cuore,,,
1,rf-1-07,choice,"¿En cuál la g suena suave [dʒ], como en «gelato»?",___,giorno,,giorno | gatto | ghiro | gusto,,,
1,rf-1-08,choice,¿Cómo se escribe «montaña»?,___,montagna,,montagna | montania | montaña,,,
1,rf-1-09,choice,¿Cómo se escribe la palabra que significa «esquí»?,Quest'inverno vado a fare ___ a Cortina.,sci,,sci | schi | ski,,,
1,rf-1-10,cloze,Completá con las letras que faltan (sonido [ʃ]; significa «pescado»).,Il pe___e è fresco oggi.,sc,,,,,
1,rf-1-11,choice,Elegí la grafía correcta de «ciencia».,___,scienza,,scienza | sienza | scenza,,,
1,rf-1-12,choice,¿Cómo se escribe correctamente?,Prendiamo un ___ al bar?,caffè,,caffè | caffé | caffe,,,
1,rf-1-13,choice,¿Cómo se escribe correctamente?,___ non vieni con noi?,Perché,,Perché | Perchè | Perche,,,
1,rf-1-14,cloze,Completá con «è» (verbo) o «e» (conjunción).,Mia madre ___ argentina e mio padre è italiano.,è,,,,,
1,rf-1-15,cloze,Completá con «è» (verbo) o «e» (conjunción).,"Pane ___ burro, per favore.",e,,,,,
1,rf-1-18,choice,¿Cómo suena la «ch» de «Michelangelo»?,Michelangelo,"[k], como la «qu» de «queso»",,"[k], como la «qu» de «queso» | [tʃ], como la «ch» de «chico» | [ʃ], como la «sh» rioplatense",,,
1,rf-1-19,choice,Elegí la forma correcta (ellos tienen).,Loro ___ fame.,hanno,,hanno | anno | hano,,,
1,rf-1-20,cloze,Completá con «o» (conjunción) o «ho» (verbo).,Vuoi il tè ___ il caffè?,o,,,,,
1,rf-1-21,cloze,Completá con «o» (conjunción) o «ho» (verbo).,Stasera ___ una cena con i colleghi.,ho,,,,,
1,rf-1-24,translate,Traducí al italiano.,La ciudad es linda.,La città è bella,,,,,
1,rf-1-25,choice,¿Cómo se escribe «hielo»?,"Un'aranciata con ___, per favore.",ghiaccio,,ghiaccio | giaccio | ghiacio,,,
2,a2-ort-02,choice,¿Cómo se escribe el plural de «amico»?,amico → ___,amici,,amici | amichi | amicos,,,
2,d03-001,choice,¿El sustantivo es masculino o femenino? Elegí.,bambina (nena): ___,femminile,F,maschile | femminile,,,
2,d03-002,choice,¿El sustantivo es masculino o femenino? Elegí.,macchina (auto): ___,femminile,F,maschile | femminile,,,
2,d03-003,choice,¿El sustantivo es masculino o femenino? Elegí.,libro (libro): ___,maschile,M,maschile | femminile,,,
2,d03-004,choice,¿El sustantivo es masculino o femenino? Elegí.,signore (señor): ___,maschile,M,maschile | femminile,,,
2,d03-005,choice,¿El sustantivo es masculino o femenino? Elegí.,padre (padre): ___,maschile,M,maschile | femminile,,,
2,d03-006,choice,¿El sustantivo es masculino o femenino? Elegí.,zio (tío): ___,maschile,M,maschile | femminile,,,
2,d03-007,choice,¿El sustantivo es masculino o femenino? Elegí.,medico (médico): ___,maschile,M,maschile | femminile,,,
2,d03-008,choice,¿El sustantivo es masculino o femenino? Elegí.,lezione (clase): ___,femminile,F,maschile | femminile,,,
2,d03-009,choice,¿El sustantivo es masculino o femenino? Elegí.,zucchero (azúcar): ___,maschile,M,maschile | femminile,,,
2,d03-010,choice,¿El sustantivo es masculino o femenino? Elegí.,casa (casa): ___,femminile,F,maschile | femminile,,,
2,d03-011,plural,Escribí el plural del sustantivo.,fratello → ___,fratelli,,,,,
2,d03-012,plural,Escribí el plural del sustantivo.,idea → ___,idee,,,,,
2,d03-013,plural,Escribí el plural del sustantivo.,amico → ___,amici,,,,,
2,d03-014,plural,Escribí el plural del sustantivo.,cugino → ___,cugini,,,,,
2,d03-015,plural,Escribí el plural del sustantivo.,zia → ___,zie,,,,,
2,d03-016,plural,Escribí el plural del sustantivo.,cane → ___,cani,,,,,
2,d03-017,plural,Escribí el plural del sustantivo.,valigia → ___,valigie,valige,,,,
2,d03-018,plural,Escribí el plural del sustantivo.,medico → ___,medici,,,,,
2,d03-019,plural,Escribí el plural del sustantivo.,bacio → ___,baci,,,,,
2,d03-020,plural,Escribí el plural del sustantivo.,vecchio → ___,vecchi,,,,,
2,d03-021,plural,Escribí el plural. Ojo: algunos sustantivos no cambian y otros tienen plural masculino y femenino.,stress → ___,stress,,,,,
2,d03-022,plural,Escribí el plural. Ojo: algunos sustantivos no cambian y otros tienen plural masculino y femenino.,ottimista → ___,ottimisti,"ottimiste | ottimisti, ottimiste | ottimisti e ottimiste | ottimisti / ottimiste",,,,
2,d03-023,plural,Escribí el plural. Ojo: algunos sustantivos no cambian y otros tienen plural masculino y femenino.,tema → ___,temi,,,,,
2,d03-024,plural,Escribí el plural. Ojo: algunos sustantivos no cambian y otros tienen plural masculino y femenino.,città → ___,città,,,,,
2,d03-025,plural,Escribí el plural. Ojo: algunos sustantivos no cambian y otros tienen plural masculino y femenino.,tennis → ___,tennis,,,,,
2,d03-026,plural,Escribí el plural. Ojo: algunos sustantivos no cambian y otros tienen plural masculino y femenino.,crisi → ___,crisi,,,,,
2,d03-028,plural,Escribí el plural. Ojo: algunos sustantivos no cambian y otros tienen plural masculino y femenino.,paio → ___,paia,,,,,
2,d03-029,plural,Escribí el plural. Ojo: algunos sustantivos no cambian y otros tienen plural masculino y femenino.,mano → ___,mani,,,,,
2,d03-030,plural,Escribí el plural. Ojo: algunos sustantivos no cambian y otros tienen plural masculino y femenino.,gioventù → ___,gioventù,,,,,
2,rf-1-04,cloze,Escribí el plural conservando el sonido duro [k].,A Buenos Aires ci sono tanti ___ (parco).,parchi,,,,,
2,rf-1-05,cloze,Escribí el plural conservando el sonido duro [g].,In Lombardia ci sono molti ___ (lago).,laghi,,,,,
2,s:r01-01:b,choice,Elegí la forma verbal correcta para completar cada oración.,___ troppa gente qui. (Hay demasiada gente acá.),C'è,,C'è | Ci sono,,,
2,s:r01-07:a,choice,Elegí la palabra con el género correcto para completar cada oración.,È ___ dell'anno scolastico.,la fine,,il fine | la fine,,,
2,s:r01-07:b,choice,Elegí la palabra con el género correcto para completar cada oración.,Gli manca ___ per comprare la ditta.,il capitale,,il capitale | la capitale,,,
2,s:r01-07:c,choice,Elegí la palabra con el género correcto para completar cada oración.,___ dell'Australia non è Sydney.,La capitale,,Il capitale | La capitale,,,
2,s:r01-07:e,choice,Elegí la palabra con el género correcto para completar cada oración.,"Sono senza soldi, devo andare in ___.",banca,,banco | banca,,,
2,s:r01-07:f,choice,Elegí la palabra con el género correcto para completar cada oración.,Devo far riparare ___ della borsa.,il manico,,il manico | la manica,,,
3,b2-prep-05,choice,Elegí el artículo correcto.,___ zio di Marco.,Lo,,Lo | Il | L',,,
3,b2-prep-06,choice,Elegí el artículo correcto.,___ studenti sono in classe.,Gli,,Gli | I | Li,,,
3,b2-prep-07,choice,Elegí la forma correcta.,Mi piace ___ musica classica.,la,,la | — | una,,,
3,d03-031,cloze,"Escribí el artículo determinado (il, lo, l', la, i, gli, le) que va delante de la palabra.",___ amica (amiga),l’,l',,,,
3,d03-032,cloze,"Escribí el artículo determinado (il, lo, l', la, i, gli, le) que va delante de la palabra.",___ casa (casa),la,,,,,
3,d03-033,cloze,"Escribí el artículo determinado (il, lo, l', la, i, gli, le) que va delante de la palabra.",___ errori (errores),gli,,,,,
3,d03-034,cloze,"Escribí el artículo determinado (il, lo, l', la, i, gli, le) que va delante de la palabra.",___ padri (padres),i,,,,,
3,d03-035,cloze,"Escribí el artículo determinado (il, lo, l', la, i, gli, le) que va delante de la palabra.",___ arance (naranjas),le,,,,,
3,d03-036,cloze,"Escribí el artículo determinado (il, lo, l', la, i, gli, le) que va delante de la palabra.",___ entrate (entradas),le,,,,,
3,d03-037,cloze,"Escribí el artículo determinado (il, lo, l', la, i, gli, le) que va delante de la palabra.",___ gnocchi (ñoquis),gli,,,,,
3,d03-039,cloze,"Escribí el artículo determinado (il, lo, l', la, i, gli, le) que va delante de la palabra.",___ oche (gansas),le,,,,,
3,d03-040,cloze,"Escribí el artículo determinado (il, lo, l', la, i, gli, le) que va delante de la palabra.",___ zii (tíos),gli,,,,,
3,d03-041,cloze,"Escribí el artículo indeterminado (un, uno, una, un') que va delante de la palabra.",___ zaino (mochila),uno,,,,,
3,d03-042,cloze,"Escribí el artículo indeterminado (un, uno, una, un') que va delante de la palabra.",___ aeroplano (avión),un,,,,,
3,d03-043,cloze,"Escribí el artículo indeterminado (un, uno, una, un') que va delante de la palabra.",___ errore (error),un,,,,,
3,d03-044,cloze,"Escribí el artículo indeterminado (un, uno, una, un') que va delante de la palabra.",___ madre (madre),una,,,,,
3,d03-045,cloze,"Escribí el artículo indeterminado (un, uno, una, un') que va delante de la palabra.",___ arancia (naranja),un’,un',,,,
3,d03-046,cloze,"Escribí el artículo indeterminado (un, uno, una, un') que va delante de la palabra.",___ finestra (ventana),una,,,,,
3,d03-047,cloze,"Escribí el artículo indeterminado (un, uno, una, un') que va delante de la palabra.",___ studentessa (estudiante mujer),una,,,,,
3,d03-048,cloze,"Escribí el artículo indeterminado (un, uno, una, un') que va delante de la palabra.",___ entrata (entrada),un’,un',,,,
3,d03-049,cloze,"Escribí el artículo indeterminado (un, uno, una, un') que va delante de la palabra.",___ scuola (escuela),una,,,,,
3,d03-050,cloze,"Escribí el artículo indeterminado (un, uno, una, un') que va delante de la palabra.",___ succo (jugo),un,,,,,
3,d03-051,translate,Traducí al italiano con el artículo determinado.,la gente,la gente,,,,,
3,d03-052,translate,Traducí al italiano con el artículo determinado.,las verduras,le verdure,la verdura,,,,
3,d03-053,translate,Traducí al italiano con el artículo determinado.,las películas,i film,,,,,
3,d03-054,translate,Traducí al italiano con el artículo determinado.,las ciudades,le città,,,,,
3,d03-055,translate,Traducí al italiano con el artículo determinado.,el casamiento,il matrimonio,le nozze,,,,
3,rf-1-16,choice,¿Cómo se escribe «un poco»?,Vuoi ___ di latte nel caffè?,un po',,un po' | un pò | un po,,,
3,rf-1-17,choice,Elegí la forma correcta.,Stasera esco con ___ di Laura.,un amico,,un amico | un'amico,,,
3,rf-1-22,translate,Traducí al italiano.,Mi abuelo tiene noventa años.,Mio nonno ha novant'anni,Mio nonno ha novanta anni,,,,
3,rf-1-23,translate,Traducí al italiano.,¿Dónde está el cine?,Dov'è il cinema?,Dove è il cinema?,,,,
3,s:r02-01:a,cloze,Describí a este hombre y su estado: completá con el artículo determinado donde haga falta.,"Ha ___ capelli biondi, ___ occhi azzurri, ___ pelle chiara e ___ orecchie a sventola.",i | gli | la | le,,,,,
3,s:r02-01c:a,cloze,"Expresá cada oración de otra manera, sin el partitivo, usando la pista entre paréntesis.",Mi dà dello zucchero? → Mi dà ___ zucchero? (un poco de),un po' di,,,,,
3,s:r02-01c:b,cloze,"Expresá cada oración de otra manera, sin el partitivo, usando la pista entre paréntesis.",Mi porti dell'acqua frizzante? → Mi porti ___ acqua frizzante? (un poco de),un po' d',un po' di,,,,
3,s:r02-01c:c,cloze,"Expresá cada oración de otra manera, sin el partitivo, usando la pista entre paréntesis.",Mi dà dei fagiolini? → Mi dà ___ fagiolino? (algún),qualche,,,,,
3,s:r02-01c:d,cloze,"Expresá cada oración de otra manera, sin el partitivo, usando la pista entre paréntesis.",Non abbiamo burro. → Non abbiamo ___ burro. (ni siquiera un poco de),neanche un po' di,nemmeno un po' di | neppure un po' di,,,,
3,s:r02-01c:e,cloze,"Expresá cada oración de otra manera, sin el partitivo, usando la pista entre paréntesis.",Non ho soldi. → Non ho ___ soldo. (ningún),nessun,neanche un | nemmeno un | un,,,,
3,s:r02-01c:f,cloze,"Expresá cada oración de otra manera, sin el partitivo, usando la pista entre paréntesis.",Non ci sono lenzuola. → Non c'è ___ lenzuolo. (ningún),nessun,neanche un | nemmeno un,,,,
3,s:r02-02:a,cloze,Reemplazá la palabra indicada entre paréntesis por el artículo determinado adecuado.,Arriva domani con ___ moglie. (en lugar de «sua»),la,,,,,
3,s:r02-02:b,cloze,Reemplazá la palabra indicada entre paréntesis por el artículo determinado adecuado.,Non ho ___ smartphone e nemmeno ___ laptop. (en lugar de «uno» y «un»),lo | il,,,,,
3,s:r02-02:c,cloze,Reemplazá la palabra indicada entre paréntesis por el artículo determinado adecuado.,I miei figli vanno alla partita con ___ zio. (en lugar de «il loro»),lo,,,,,
3,s:r02-02b:a,cloze,Completá con el partitivo correcto; en un caso no va ninguno.,Mi dà ___ caffè macinato?,del,,,,,
3,s:r02-02b:b,cloze,Completá con el partitivo correcto; en un caso no va ninguno.,Avete ___ pasta fresca?,della,,,,,
3,s:r02-02b:c,cloze,Completá con el partitivo correcto; en un caso no va ninguno.,Devo comprare ___ camicie nuove.,delle,,,,,
3,s:r02-02b:f,cloze,Completá con el partitivo correcto; en un caso no va ninguno.,Mi serve ___ sciroppo per la tosse.,dello,,,,,
3,s:r02-02b:g,cloze,Completá con el partitivo correcto; en un caso no va ninguno.,Ho bisogno ___ aspirina.,di un',d' | di | dell',,,,
3,s:r02-02b:h,choice,Completá con el partitivo correcto; en un caso no va ninguno.,Non ho ___ fratelli.,(sin partitivo),,dei | (sin partitivo),,,
3,s:r02-02b:i,cloze,Completá con el partitivo correcto; en un caso no va ninguno.,"Devo comprare ___ olio, ___ aceto, ___ sale e ___ pepe.",dell' | dell' | del | del,,,,,
3,s:r02-02c:a,cloze,"Reformulá cada oración con un significado parecido, usando «alcuni/alcune» o «qualche» según la forma del sustantivo.",Ho delle lettere da scrivere. → Ho ___ lettere da scrivere.,alcune,,,,,
3,s:r02-02c:c,cloze,"Reformulá cada oración con un significado parecido, usando «alcuni/alcune» o «qualche» según la forma del sustantivo.",Avete degli impegni per domani? → Avete ___ impegno per domani?,qualche,,,,,
3,s:r02-02c:d,cloze,"Reformulá cada oración con un significado parecido, usando «alcuni/alcune» o «qualche» según la forma del sustantivo.",Hai degli articoli da leggere? → Hai ___ articoli da leggere?,alcuni,,,,,
3,s:r02-03:a,cloze,Completá con la preposición articulada correcta (preposición + artículo). En una oración no hace falta el artículo.,La baby sitter ___ miei figli è greca. (di),dei,,,,,
3,s:r02-03:b,cloze,Completá con la preposición articulada correcta (preposición + artículo). En una oración no hace falta el artículo.,Il finestrino ___ macchina è chiuso? (di),della,,,,,
3,s:r02-03:c,cloze,Completá con la preposición articulada correcta (preposición + artículo). En una oración no hace falta el artículo.,La ragazza ___ mio figlio è molto gentile. (di),di,,,,,
3,s:r02-03:d,cloze,Completá con la preposición articulada correcta (preposición + artículo). En una oración no hace falta el artículo.,Il gatto dorme ___ studio. (in),nello,,,,,
3,s:r02-03:e,cloze,Completá con la preposición articulada correcta (preposición + artículo). En una oración no hace falta el artículo.,Mi piace lavorare ___ mio studio. (in),nel,,,,,
3,s:r02-06:a,cloze,Usá la preposición articulada donde corresponda.,"Passo sempre le ferie ___ Francia, ___ Francia del sud. (in)",in | nella,,,,,
3,s:r02-06:b,cloze,Usá la preposición articulada donde corresponda.,Io lavoro ___ Gran Bretagna. (in),in,,,,,
3,s:r02-07:a,cloze,Combiná «in» y «di» con el artículo determinado donde sea necesario.,Torino è ___ Piemonte. È il capoluogo ___ Piemonte.,in | del,nel | del,,,,
3,s:r02-07:b,cloze,Combiná «in» y «di» con el artículo determinado donde sea necesario.,L'Aquila è ___ Abruzzi. È il capoluogo ___ Abruzzi.,negli | degli,,,,,
3,s:r02-07:c,cloze,Combiná «in» y «di» con el artículo determinado donde sea necesario.,Cagliari è ___ Sardegna. È il capoluogo ___ Sardegna.,in | della,,,,,
3,s:r02-08:a,cloze,Combiná «di» con el artículo determinado donde sea necesario.,La capitale ___ Scozia è Edimburgo.,della,,,,,
3,s:r02-08:b,cloze,Combiná «di» con el artículo determinado donde sea necesario.,La capitale ___ Italia è Roma.,dell',,,,,
3,s:r02-08:c,cloze,Combiná «di» con el artículo determinado donde sea necesario.,La capitale ___ Malta è La Valletta.,di,,,,,
3,s:r02-08:d,cloze,Combiná «di» con el artículo determinado donde sea necesario.,La capitale ___ Canada è Ottawa.,del,,,,,
3,s:r02-08:e,cloze,Combiná «di» con el artículo determinado donde sea necesario.,La capitale ___ Cuba è l'Avana.,di,,,,,
3,s:r02-08:f,cloze,Combiná «di» con el artículo determinado donde sea necesario.,La capitale ___ Filippine è Manila.,delle,,,,,
3,s:r02-09:a,cloze,"Completá usando cada palabra una sola vez: il, le, la, in, da, dall', dell', dell', della, della. (Cipro y Bratislava no llevan artículo.)",Cipro è situata a sud ___ Turchia. (Chipre está situada al sur de Turquía.),della,,,,,
3,s:r02-09:b,cloze,"Completá usando cada palabra una sola vez: il, le, la, in, da, dall', dell', dell', della, della. (Cipro y Bratislava no llevan artículo.)",Ci sono molti libri e guide ___ isola d'Elba. (Hay muchos libros y guías de la isla de Elba.),dell',,,,,
3,s:r02-09:c,cloze,"Completá usando cada palabra una sola vez: il, le, la, in, da, dall', dell', dell', della, della. (Cipro y Bratislava no llevan artículo.)",___ Sicilia non è lontana ___ Africa. (Sicilia no está lejos de África.),La | dall',,,,,
3,s:r02-09:d,cloze,"Completá usando cada palabra una sola vez: il, le, la, in, da, dall', dell', dell', della, della. (Cipro y Bratislava no llevan artículo.)","Bratislava è ___ Slovacchia, ma non è lontana ___ Vienna. (Bratislava está en Eslovaquia, pero no lejos de Viena.)",in | da,,,,,
3,s:r02-09:e,cloze,"Completá usando cada palabra una sola vez: il, le, la, in, da, dall', dell', dell', della, della. (Cipro y Bratislava no llevan artículo.)",___ Eolie sono al largo ___ Sicilia. (Las islas Eolias están frente a la costa de Sicilia.),Le | della,,,,,
3,s:r02-09:f,cloze,"Completá usando cada palabra una sola vez: il, le, la, in, da, dall', dell', dell', della, della. (Cipro y Bratislava no llevan artículo.)",___ Canada occupa la parte nord ___ America settentrionale. (Canadá ocupa la parte norte de América del Norte.),Il | dell',,,,,
3,s:r02-11:b,cloze,Completá con la forma correcta: «di» o «di» + artículo (d' delante de vocal).,Carlo Alberto ___ Savoia abdicò nel 1849. (di/della),di,,,,,
4,d05-001,cloze,Concordá el adjetivo entre paréntesis con el sustantivo (género y número).,i ragazzi ___ (pigro),pigri,,,,,
4,d05-002,cloze,Concordá el adjetivo entre paréntesis con el sustantivo (género y número).,le bimbe ___ (buono),buone,,,,,
4,d05-003,cloze,Concordá el adjetivo entre paréntesis con el sustantivo (género y número).,Giuliano è ___ (alto),alto,,,,,
4,d05-004,cloze,Concordá el adjetivo entre paréntesis con el sustantivo (género y número).,le scuole ___ (grande),grandi,,,,,
4,d05-005,cloze,Concordá el adjetivo entre paréntesis con el sustantivo (género y número).,gli insegnanti ___ (bravo),bravi,,,,,
4,d05-006,cloze,Concordá el adjetivo entre paréntesis con el sustantivo (género y número).,i gatti ___ (piccolo),piccoli,,,,,
4,d05-007,cloze,Concordá el adjetivo entre paréntesis con el sustantivo (género y número).,le camere da letto ___ (nuovo),nuove,,,,,
4,d05-008,cloze,Concordá el adjetivo entre paréntesis con el sustantivo (género y número).,le amiche ___ (simpatico),simpatiche,,,,,
4,d05-009,cloze,Concordá el adjetivo entre paréntesis con el sustantivo (género y número).,la madre ___ (difficile),difficile,,,,,
4,d05-010,cloze,Concordá el adjetivo entre paréntesis con el sustantivo (género y número).,la foto ___ (brutto),brutta,,,,,
4,d05-011,cloze,"Escribí la forma correcta de buono, santo o bello (entre paréntesis) delante del sustantivo.",(buono) ___ giorno,buon,,,,,
4,d05-012,cloze,"Escribí la forma correcta de buono, santo o bello (entre paréntesis) delante del sustantivo.",(bello) ___ abiti,begli,,,,,
4,d05-013,cloze,"Escribí la forma correcta de buono, santo o bello (entre paréntesis) delante del sustantivo.",(santo) ___ Apostoli,Santi,,,,,
4,d05-014,cloze,"Escribí la forma correcta de buono, santo o bello (entre paréntesis) delante del sustantivo.",(buono) ___ studentessa,buona,,,,,
4,d05-015,cloze,"Escribí la forma correcta de buono, santo o bello (entre paréntesis) delante del sustantivo.",(bello) ___ montagne,belle,,,,,
4,d05-016,cloze,"Escribí la forma correcta de buono, santo o bello (entre paréntesis) delante del sustantivo.",(bello) ___ giornata,bella,,,,,
4,d05-017,cloze,"Escribí la forma correcta de buono, santo o bello (entre paréntesis) delante del sustantivo.",(buono) ___ anno,buon,,,,,
4,d05-018,cloze,"Escribí la forma correcta de buono, santo o bello (entre paréntesis) delante del sustantivo.",(santo) ___ Elisabetta,Sant’,Sant' | Santa,,,,
4,d05-019,cloze,"Escribí la forma correcta de buono, santo o bello (entre paréntesis) delante del sustantivo.",(bello) ___ ragazzi,bei,,,,,
4,d05-020,cloze,"Escribí la forma correcta de buono, santo o bello (entre paréntesis) delante del sustantivo.",(buono) ___ notte,buona,,,,,
4,d05-021,cloze,"Escribí el sustantivo con el adjetivo entre paréntesis, antes o después según corresponda.",(piccola) scuola → ___,piccola scuola,scuola piccola,,,,
4,d05-022,cloze,"Escribí el sustantivo con el adjetivo entre paréntesis, antes o después según corresponda.",(interessante) libro → ___,libro interessante,,,,,
4,d05-023,cloze,"Escribí el sustantivo con el adjetivo entre paréntesis, antes o después según corresponda.",(grande) casa → ___,grande casa,casa grande,,,,
4,d05-024,cloze,"Escribí el sustantivo con el adjetivo entre paréntesis, antes o después según corresponda.",(francesi) studenti → ___,studenti francesi,,,,,
4,d05-025,cloze,"Escribí el sustantivo con el adjetivo entre paréntesis, antes o después según corresponda.",(care) gatte → ___,care gatte,gatte care,,,,
4,d05-026,cloze,"Escribí el sustantivo con el adjetivo entre paréntesis, antes o después según corresponda.",(intelligente) donna → ___,donna intelligente,,,,,
4,d05-027,cloze,"Escribí el sustantivo con el adjetivo entre paréntesis, antes o después según corresponda.",(simpatico) zio → ___,zio simpatico,,,,,
4,d05-028,cloze,"Escribí el sustantivo con el adjetivo entre paréntesis, antes o después según corresponda.",(alto) edificio → ___,edificio alto,alto edificio,,,,
4,d05-029,cloze,"Escribí el sustantivo con el adjetivo entre paréntesis, antes o después según corresponda.",(blu) macchina → ___,macchina blu,,,,,
4,d05-030,cloze,"Escribí el sustantivo con el adjetivo entre paréntesis, antes o después según corresponda.",(preferito) film → ___,film preferito,,,,,
4,rf-4-01,choice,Elegí la forma correcta.,Firenze è una città ___.,bella,,bella | bello | belle,,,
4,rf-4-02,choice,Elegí la forma correcta.,Che ___ tramonto sul Río de la Plata!,bel,,bel | bello | bell',,,
4,rf-4-03,choice,Elegí la forma correcta.,Agli Uffizi ci sono dei ___ quadri.,bei,,bei | begli | belli,,,
4,rf-4-04,choice,Elegí la forma correcta.,Tua figlia ha dei ___ occhi verdi.,begli,,begli | bei | belli,,,
4,rf-4-05,choice,Elegí la forma correcta.,Marco è un ___ amico.,buon,,buon | buono | buon',,,
4,rf-4-06,choice,Elegí la forma correcta.,Ha un lavoro con un ___ stipendio.,buono,,buono | buon | buoni,,,
4,rf-4-07,choice,Elegí la forma correcta.,La basilica di ___ Pietro è a Roma.,San,,San | Santo | Sant',,,
4,rf-4-08,choice,Elegí la forma correcta.,A Padova la festa di ___ Antonio è il 13 giugno.,Sant',,Sant' | San | Santo,,,
4,rf-4-09,choice,Elegí la forma correcta.,Il 26 dicembre in Italia si festeggia ___ Stefano.,Santo,,Santo | San | Sant',,,
4,rf-4-10,cloze,Completá con el adjetivo concordado.,Le tue cugine sono molto ___ (simpatico).,simpatiche,,,,,
4,rf-4-11,cloze,Completá con el adjetivo concordado.,I miei vicini sono ___ (simpatico).,simpatici,,,,,
4,rf-4-12,cloze,Completá con el adjetivo concordado.,A Roma ci sono molti monumenti ___ (antico).,antichi,,,,,
4,rf-4-13,cloze,Completá con el adjetivo concordado.,Le strade di questo quartiere sono ___ (largo).,larghe,,,,,
4,rf-4-14,choice,Elegí la forma correcta.,Ho due magliette ___.,blu,,blu | blue | blui,,,
4,rf-4-15,choice,Elegí la forma correcta (rosadas).,Mi piacciono le rose ___.,rosa,,rosa | rose | rosse,,,
4,rf-4-16,cloze,Completá con el adjetivo concordado.,Luisa e Paolo sono ___ (stanco).,stanchi,,,,,
4,rf-4-17,cloze,Completá con el adjetivo concordado.,In estate le giornate sono ___ (lungo).,lunghe,,,,,
4,rf-4-18,choice,Elegí según el sentido: «un hombre pobre» (sin plata).,___,un uomo povero,,un uomo povero | un povero uomo,,,
4,rf-4-19,choice,Elegí según el sentido: «un amigo de hace muchos años».,___,un vecchio amico,,un vecchio amico | un amico vecchio,,,
4,rf-4-20,choice,Elegí la forma correcta.,Dante è un ___ poeta.,gran,,gran | grandi | grossi,,,
4,rf-4-21,cloze,Completá con el adjetivo concordado.,Le città ___ (grande) sono spesso caotiche.,grandi,,,,,
4,rf-4-23,translate,Traducí al italiano.,Las chicas argentinas son muy simpáticas.,Le ragazze argentine sono molto simpatiche,,,,,
4,rf-4-24,translate,Traducí al italiano.,Es un buen libro.,È un buon libro,,,,,
4,rf-4-25,translate,Traducí al italiano.,¡Qué lindos zapatos!,Che belle scarpe!,,,,,
5,d06-001,conjugate,Conjugá el verbo entre paréntesis en presente.,Noi ___ (abitare) in una vecchia casa.,abitiamo,,,,,
5,d06-002,conjugate,Conjugá el verbo entre paréntesis en presente.,Tu ___ (frequentare) una scuola molto famosa.,frequenti,,,,,
5,d06-003,conjugate,Conjugá el verbo entre paréntesis en presente.,Loro ___ (insegnare) le lingue.,insegnano,,,,,
5,d06-004,conjugate,Conjugá el verbo entre paréntesis en presente.,Lui ___ (imparare) molto.,impara,,,,,
5,d06-005,conjugate,Conjugá el verbo entre paréntesis en presente.,Lei ___ (aspettare) un tassì.,aspetta,,,,,
5,d06-006,conjugate,Conjugá el verbo entre paréntesis en presente.,Guido ___ (portare) sempre una cravatta.,porta,,,,,
5,d06-007,conjugate,Conjugá el verbo entre paréntesis en presente.,Voi ___ (ritornare) tardi?,ritornate,,,,,
5,d06-008,conjugate,Conjugá el verbo entre paréntesis en presente.,Loro ___ (parlare) spesso.,parlano,,,,,
5,d06-009,conjugate,Conjugá el verbo entre paréntesis en presente.,Angelo ___ (guidare) una macchina molto elegante.,guida,,,,,
5,d06-010,conjugate,Conjugá el verbo entre paréntesis en presente.,Voi due ___ (ballare) assai bene.,ballate,,,,,
5,d06-011,conjugate,Conjugá el verbo entre paréntesis en presente (ojo con la ortografía de -care y -gare).,Noi ___ (cercare) il museo.,cerchiamo,,,,,
5,d06-012,conjugate,Conjugá el verbo entre paréntesis en presente (ojo con la ortografía de -care y -gare).,Tonio ___ (giocare) a calcio ogni giorno.,gioca,,,,,
5,d06-013,conjugate,Conjugá el verbo entre paréntesis en presente (ojo con la ortografía de -care y -gare).,Tu ___ (negare) questo?,neghi,,,,,
5,d06-014,conjugate,Conjugá el verbo entre paréntesis en presente (ojo con la ortografía de -care y -gare).,La professoressa ___ (spiegare) tutto.,spiega,,,,,
5,d06-015,conjugate,Conjugá el verbo entre paréntesis en presente (ojo con la ortografía de -care y -gare).,Noi ___ (pagare) oggi.,paghiamo,,,,,
5,d06-016,conjugate,Conjugá el verbo entre paréntesis en presente (ojo con la ortografía de -care y -gare).,Lui ___ (criticare) tutto.,critica,,,,,
5,d06-017,conjugate,Conjugá el verbo entre paréntesis en presente (ojo con la ortografía de -care y -gare).,Tu ___ (indicare) la strada?,indichi,,,,,
5,d06-018,conjugate,Conjugá el verbo entre paréntesis en presente (ojo con la ortografía de -care y -gare).,"Tu, cosa ___ (cercare)?",cerchi,,,,,
5,d06-019,conjugate,Conjugá el verbo entre paréntesis en presente (ojo con la ortografía de -care y -gare).,Loro non ___ (comunicare) con il pubblico.,comunicano,,,,,
5,d06-020,conjugate,Conjugá el verbo entre paréntesis en presente (ojo con la ortografía de -care y -gare).,Tu ___ (giocare) a pallavolo?,giochi,,,,,
5,d06-021,conjugate,"Conjugá el verbo entre paréntesis en presente, cuidando la ortografía.",Tu ___ (cominciare).,cominci,,,,,
5,d06-022,conjugate,"Conjugá el verbo entre paréntesis en presente, cuidando la ortografía.",Voi ___ (cambiare).,cambiate,,,,,
5,d06-023,conjugate,"Conjugá el verbo entre paréntesis en presente, cuidando la ortografía.",Noi ___ (mangiare).,mangiamo,,,,,
5,d06-024,conjugate,"Conjugá el verbo entre paréntesis en presente, cuidando la ortografía.",Io ___ (studiare).,studio,,,,,
5,d06-025,conjugate,"Conjugá el verbo entre paréntesis en presente, cuidando la ortografía.",Lui ___ (cercare).,cerca,,,,,
5,d06-026,conjugate,"Conjugá el verbo entre paréntesis en presente, cuidando la ortografía.",Noi ___ (sciare).,sciamo,,,,,
5,d06-027,conjugate,"Conjugá el verbo entre paréntesis en presente, cuidando la ortografía.",Tu ___ (inviare).,invii,,,,,
5,d06-028,conjugate,"Conjugá el verbo entre paréntesis en presente, cuidando la ortografía.",Noi ___ (pagare).,paghiamo,,,,,
5,d06-029,conjugate,"Conjugá el verbo entre paréntesis en presente, cuidando la ortografía.",Loro ___ (studiare).,studiano,,,,,
5,d06-030,conjugate,"Conjugá el verbo entre paréntesis en presente, cuidando la ortografía.",Lei ___ (indicare).,indica,,,,,
5,d06-031,conjugate,Conjugá el verbo entre paréntesis en presente.,Io ___ (scrivere) cartoline agli amici.,scrivo,,,,,
5,d06-032,conjugate,Conjugá el verbo entre paréntesis en presente.,Noi ___ (vivere) ad Arezzo.,viviamo,,,,,
5,d06-033,conjugate,Conjugá el verbo entre paréntesis en presente.,Tu ___ (prendere) tè o caffè?,prendi,,,,,
5,d06-034,conjugate,Conjugá el verbo entre paréntesis en presente.,Lui ___ (chiudere) la porta.,chiude,,,,,
5,d06-035,conjugate,Conjugá el verbo entre paréntesis en presente.,Loro ___ (vendere) frutta e verdura.,vendono,,,,,
5,d06-036,conjugate,Conjugá el verbo entre paréntesis en presente.,Voi ___ (vedere) quello?,vedete,,,,,
5,d06-037,conjugate,Conjugá el verbo entre paréntesis en presente.,Mirella ___ (rispondere) subito.,risponde,,,,,
5,d06-038,conjugate,Conjugá el verbo entre paréntesis en presente.,Gli studenti ___ (ripetere) le parole.,ripetono,,,,,
5,d06-039,conjugate,Conjugá el verbo entre paréntesis en presente.,Lei ___ (credere) di sì.,crede,,,,,
5,d06-040,conjugate,Conjugá el verbo entre paréntesis en presente.,Noi ___ (prendere) sempre l’autobus numero 7a.,prendiamo,,,,,
5,d06-041,conjugate,Conjugá el verbo entre paréntesis en presente (algunos -ire llevan -isc-).,Tu ___ (sentire) qualcosa?,senti,,,,,
5,d06-042,conjugate,Conjugá el verbo entre paréntesis en presente (algunos -ire llevan -isc-).,Riccardo ___ (dormire) fino a tardi.,dorme,,,,,
5,d06-043,conjugate,Conjugá el verbo entre paréntesis en presente (algunos -ire llevan -isc-).,Noi ___ (aprire) i libri.,apriamo,,,,,
5,d06-044,conjugate,Conjugá el verbo entre paréntesis en presente (algunos -ire llevan -isc-).,Loro ___ (finire) le lezioni all’una.,finiscono,,,,,
5,d06-045,conjugate,Conjugá el verbo entre paréntesis en presente (algunos -ire llevan -isc-).,"Voi ___ (partire) domani, vero?",partite,,,,,
5,d06-046,conjugate,Conjugá el verbo entre paréntesis en presente (algunos -ire llevan -isc-).,Francesca ___ (capire) sempre.,capisce,,,,,
5,d06-047,conjugate,Conjugá el verbo entre paréntesis en presente (algunos -ire llevan -isc-).,Loro ___ (seguire) gli altri.,seguono,,,,,
5,d06-048,conjugate,Conjugá el verbo entre paréntesis en presente (algunos -ire llevan -isc-).,Io ___ (preferire) i gatti ai cani.,preferisco,,,,,
5,d06-049,conjugate,Conjugá el verbo entre paréntesis en presente (algunos -ire llevan -isc-).,"Tu ___ (pulire) la casa il sabato, no?",pulisci,,,,,
5,d06-050,conjugate,Conjugá el verbo entre paréntesis en presente (algunos -ire llevan -isc-).,Io non ___ (sentire) nulla.,sento,,,,,
5,d06-052,translate,Traducí al italiano.,Entiendo.,Capisco.,Io capisco.,,,,
5,d06-053,translate,Traducí al italiano.,Leemos.,Leggiamo.,Noi leggiamo. | Stiamo leggendo. | Noi stiamo leggendo.,,,,
5,d06-054,translate,Traducí al italiano.,Comés. (vos),Mangi.,Tu mangi.,,,,
5,d06-055,translate,Traducí al italiano.,Ellos pagan.,Pagano.,Loro pagano.,,,,
5,d06-056,translate,Traducí al italiano.,Ustedes escriben. (en confianza),Scrivete.,Voi scrivete. | State scrivendo. | Voi state scrivendo.,,,,
5,d06-057,translate,Traducí al italiano.,Termino.,Finisco.,Io finisco.,,,,
5,d06-058,translate,Traducí al italiano.,Él lleva puesto (ropa).,Porta.,Indossa. | Lui porta. | Lui indossa.,,,,
5,d06-059,translate,Traducí al italiano.,Él y ella abren.,Aprono.,Loro aprono. | Lui e lei aprono.,,,,
5,d06-060,translate,Traducí al italiano.,Ellos siguen.,Seguono.,Loro seguono. | Continuano. | Loro continuano.,,,,
5,d06-061,translate,"Traducí al italiano usando e, ma, o, perché.",Paolo llama por teléfono a Marisa y hablan.,Paolo telefona a Marisa e parlano.,Paolo telefona a Marisa e loro parlano. | Paolo chiama Marisa e parlano. | Paolo chiama Marisa e loro parlano.,,,,
5,d06-063,translate,"Traducí al italiano usando e, ma, o, perché.",Ella escucha la radio y él mira televisión.,Lei ascolta la radio e lui guarda la televisione.,Lei ascolta la radio e lui guarda la tv. | Lei ascolta la radio e lui guarda la tivù.,,,,
5,d06-064,translate,"Traducí al italiano usando e, ma, o, perché.",Vos buscás a Beatrice y Beatrice busca a Davide.,Tu cerchi Beatrice e Beatrice cerca Davide.,Cerchi Beatrice e Beatrice cerca Davide.,,,,
5,d06-065,translate,"Traducí al italiano usando e, ma, o, perché.",Empiezan pero no terminan.,Cominciano ma non finiscono.,Loro cominciano ma non finiscono. | Iniziano ma non finiscono. | Loro iniziano ma non finiscono.,,,,
5,d06-066,translate,"Traducí al italiano usando e, ma, o, perché.",Edo y Giulia duermen porque Rosa lee.,Edo e Giulia dormono perché Rosa legge.,,,,,
5,d06-067,translate,"Traducí al italiano usando e, ma, o, perché.",Conocen Florencia pero no Roma.,Conoscono Firenze ma non Roma.,Conoscono Firenze ma non conoscono Roma. | Loro conoscono Firenze ma non Roma.,,,,
5,d06-068,translate,"Traducí al italiano usando e, ma, o, perché.","Él lee, ella escribe y yo estudio.","Lui legge, lei scrive e io studio.","Lui legge, lei scrive ed io studio.",,,,
5,d06-069,translate,"Traducí al italiano usando e, ma, o, perché.",Compran o venden libros.,Comprano o vendono libri.,Loro comprano o vendono libri. | Comprano o vendono dei libri.,,,,
5,s:r18-01b:b,translate,"Traducí al italiano usando al menos una vez cada verbo: alzarsi, bere, dire, essere, fare, fare colazione, riuscire a, sentire, uscire.","Gran Bretaña es una isla e Italia es una península. (isola, penisola)",La Gran Bretagna è un'isola e l'Italia è una penisola.,,,,,
5,s:r18-03:a,cloze,Escribilo bien: poné el verbo en presente.,Tu ___ troppo. (mangiare),mangi,,,,,
5,s:r18-03:b,cloze,Escribilo bien: poné el verbo en presente.,Tu ___ troppo di affitto. (pagare),paghi,,,,,
5,s:r18-03:c,cloze,Escribilo bien: poné el verbo en presente.,Perché non ___ subito? (cominciare – noi),cominciamo,,,,,
5,s:r18-03:d,cloze,Escribilo bien: poné el verbo en presente.,___ spesso a bridge. (giocare – noi),Giochiamo,,,,,
5,s:r18-03c:b,translate,¿Desde cuándo? Respondé en italiano con presente + da.,Da quant'è che abiti qui? – Hace un par de meses que vivo acá.,Abito qui da un paio di mesi.,Vivo qui da un paio di mesi. | Da un paio di mesi.,,,,
5,s:r18-03c:c,translate,¿Desde cuándo? Respondé en italiano con presente + da.,Da quando uscite insieme? – Salimos desde enero.,Usciamo insieme da gennaio.,Da gennaio. | Usciamo da gennaio.,,,,
5,s:r18-03c:e,translate,¿Desde cuándo? Respondé en italiano con presente + da.,Da quant'è che non ci sentiamo? – No hablamos desde el año pasado.,Non ci sentiamo dall'anno scorso.,Dall'anno scorso.,,,,
5,s:r18-03c:f,translate,¿Desde cuándo? Respondé en italiano con presente + da.,È da molto che sei in Italia? – Estoy en Italia desde septiembre.,Sono in Italia da settembre.,Da settembre.,,,,
5,s:r18-04:b,cloze,Completá con el presente de los verbos reflexivos.,Renato e Luca ___ sempre a Londra! (perdersi),si perdono,,,,,
6,d07-013,conjugate,Completá con la forma correcta de avere en presente.,"Lei, signora, ___ il biglietto?",ha,,,,,
6,d07-036,conjugate,Completá con la forma correcta de fare en presente.,___ brutto tempo oggi.,fa,,,,,
6,d07-037,conjugate,Completá con la forma correcta de fare en presente.,"Mario, cosa ___?",fai,,,,,
6,d07-038,conjugate,Completá con la forma correcta de fare en presente.,Noi ___ pranzo fuori.,facciamo,,,,,
6,d07-039,conjugate,Completá con la forma correcta de fare en presente.,L’acqua gassata ___ male.,fa,,,,,
6,d07-040,conjugate,Completá con la forma correcta de fare en presente.,Voi ___ le valigie?,fate,,,,,
6,d07-041,conjugate,Completá con la forma correcta de fare en presente.,Emilio ___ una telefonata.,fa,,,,,
6,d07-042,conjugate,Completá con la forma correcta de fare en presente.,I turisti ___ molte fotografie.,fanno,,,,,
6,d07-043,conjugate,Completá con la forma correcta de fare en presente.,I professori ___ la conoscenza degli studenti.,fanno,,,,,
6,d07-044,conjugate,Completá con la forma correcta de fare en presente.,Lui ___ sempre lo spiritoso.,fa,,,,,
6,d07-045,conjugate,Completá con la forma correcta de fare en presente.,"Dopo cena, io ___ la doccia.",faccio,,,,,
6,d07-046,conjugate,"Conjugá en presente el verbo italiano que corresponde a la pista (andare, dare, dovere, potere, stare, venire, volere).",Paola ___ da mangiare al gatto. (dar),dà,,,,,
6,d07-047,conjugate,"Conjugá en presente el verbo italiano que corresponde a la pista (andare, dare, dovere, potere, stare, venire, volere).",A che ora ___ loro? (ir),vanno,,,,,
6,d07-048,conjugate,"Conjugá en presente el verbo italiano que corresponde a la pista (andare, dare, dovere, potere, stare, venire, volere).",Io ___ studiare. (tener que),devo,debbo,,,,
6,d07-049,conjugate,"Conjugá en presente el verbo italiano que corresponde a la pista (andare, dare, dovere, potere, stare, venire, volere).",Voi ___ a teatro domani? (ir),andate,,,,,
6,d07-050,conjugate,"Conjugá en presente el verbo italiano que corresponde a la pista (andare, dare, dovere, potere, stare, venire, volere).","Come ___, caro? (estar)",stai,,,,,
6,d07-051,conjugate,"Conjugá en presente el verbo italiano que corresponde a la pista (andare, dare, dovere, potere, stare, venire, volere).",Tu ___ venire con noi? (querer),vuoi,,,,,
6,d07-052,conjugate,"Conjugá en presente el verbo italiano que corresponde a la pista (andare, dare, dovere, potere, stare, venire, volere).",I bambini non ___ mangiare tanti dolci. (deber),devono,debbono,,,,
6,d07-053,conjugate,"Conjugá en presente el verbo italiano que corresponde a la pista (andare, dare, dovere, potere, stare, venire, volere).",Tu e Marco ___ molti regali ai bambini. (dar),date,,,,,
6,d07-054,conjugate,"Conjugá en presente el verbo italiano que corresponde a la pista (andare, dare, dovere, potere, stare, venire, volere).",Noi ___ arrivare presto. (poder),possiamo,,,,,
6,d07-055,conjugate,"Conjugá en presente el verbo italiano que corresponde a la pista (andare, dare, dovere, potere, stare, venire, volere).",Io ___ stasera. (venir),vengo,,,,,
6,d07-056,conjugate,"Conjugá en presente el verbo italiano que corresponde a la pista (andare, dire, partire, uscire).",Tu ___ dopo cena? (salir),esci,,,,,
6,d07-057,conjugate,"Conjugá en presente el verbo italiano que corresponde a la pista (andare, dire, partire, uscire).","Loro ___ domani mattina per Milano. (partir, irse de viaje)",partono,,,,,
6,d07-058,conjugate,"Conjugá en presente el verbo italiano que corresponde a la pista (andare, dire, partire, uscire).",Io non ___ a scuola. (ir),vado,,,,,
6,d07-059,conjugate,"Conjugá en presente el verbo italiano que corresponde a la pista (andare, dire, partire, uscire).",Marco ___ sempre con gli amici. (salir),esce,,,,,
6,d07-060,conjugate,"Conjugá en presente el verbo italiano que corresponde a la pista (andare, dire, partire, uscire).","Figlio mio, dove ___? (ir)",vai,,,,,
6,d07-061,conjugate,"Conjugá en presente el verbo italiano que corresponde a la pista (andare, dire, partire, uscire).","I parenti ___ oggi. Tornano a casa. (partir, irse de viaje)",partono,,,,,
6,d07-062,conjugate,"Conjugá en presente el verbo italiano que corresponde a la pista (andare, dire, partire, uscire).",Noi ___ di sì. (decir),diciamo,,,,,
6,d07-063,conjugate,"Conjugá en presente el verbo italiano que corresponde a la pista (andare, dire, partire, uscire).",Io ___ con un’amica. (salir),esco,,,,,
6,d07-064,conjugate,"Conjugá en presente el verbo italiano que corresponde a la pista (andare, dire, partire, uscire).",Voi ___ di no. (decir),dite,,,,,
6,d07-065,conjugate,"Conjugá en presente el verbo italiano que corresponde a la pista (andare, dire, partire, uscire).",Lui ___ che non vieni. (decir),dice,,,,,
6,d07-066,translate,Traducí al italiano usando la expresión con essere que se indica.,Ella es una persona honestísima. (essere un Cincinnato),Lei è un Cincinnato.,È un Cincinnato.,,,,
6,d07-067,translate,Traducí al italiano usando la expresión con essere que se indica.,No están de humor. (essere in vena),Non sono in vena.,Loro non sono in vena.,,,,
6,d07-068,translate,Traducí al italiano usando la expresión con essere que se indica.,Estoy sin un peso. (essere al verde),Sono al verde.,Io sono al verde.,,,,
6,d07-069,translate,Traducí al italiano usando la expresión con essere que se indica.,Nadie le cree nunca a ella. (essere una Cassandra),Lei è una Cassandra.,È una Cassandra.,,,,
6,d07-070,translate,Traducí al italiano usando la expresión con essere que se indica.,"Él es un capo, está en todo. (essere in gamba)",Lui è molto in gamba.,È molto in gamba. | Lui è in gamba. | È in gamba.,,,,
6,s:r18-01:a,cloze,Completá la pregunta y la respuesta con el presente del verbo indicado.,"Giulio, ___ tempo di prendere un caffè? – Mi dispiace, non ___ tempo. (avere)",hai | ho,,,,,
6,s:r18-01:b,cloze,Completá la pregunta y la respuesta con el presente del verbo indicado.,"Sandra, dove ___ di casa? – ___ in via Carducci, numero 12. (stare)",stai | Sto,,,,,
6,s:r18-01:c,cloze,Completá la pregunta y la respuesta con el presente del verbo indicado.,"Lucia, che ___ domani? – Domani ___ una lunga passeggiata in campagna. (fare)",fai | faccio,,,,,
6,s:r18-01:d,cloze,Completá la pregunta y la respuesta con el presente del verbo indicado.,"Lino, ___ l'esame oggi? – No, lo ___ domani. (dare)",dai | do,,,,,
6,s:r18-01:e,cloze,Completá la pregunta y la respuesta con el presente del verbo indicado.,"Antonella, dove ___ stasera? – Stasera ___ da Alessandro. (andare)",vai | vado,,,,,
6,s:r18-01b:c,translate,"Traducí al italiano usando al menos una vez cada verbo: alzarsi, bere, dire, essere, fare, fare colazione, riuscire a, sentire, uscire.",¿Toman café a la mañana? (voi),Bevete il caffè la mattina?,Bevete caffè la mattina? | Bevete il caffè di mattina? | Bevete caffè di mattina? | Bevete il caffè al mattino?,,,,
6,s:r18-01b:d,translate,"Traducí al italiano usando al menos una vez cada verbo: alzarsi, bere, dire, essere, fare, fare colazione, riuscire a, sentire, uscire.",¿De qué trabajás? (tu),Che lavoro fai?,Che lavoro fai tu? | Che cosa fai di lavoro? | Cosa fai di lavoro?,,,,
6,s:r18-01b:e,translate,"Traducí al italiano usando al menos una vez cada verbo: alzarsi, bere, dire, essere, fare, fare colazione, riuscire a, sentire, uscire.",¿Desayunan en el bar?,Fanno colazione al bar?,Fanno colazione nel bar? | Fate colazione al bar? | Fate colazione nel bar?,,,,
6,s:r18-01b:f,translate,"Traducí al italiano usando al menos una vez cada verbo: alzarsi, bere, dire, essere, fare, fare colazione, riuscire a, sentire, uscire.",¿Qué dice? No lo escucho.,Cosa dice? Non lo sento.,Che cosa dice? Non lo sento. | Che dice? Non lo sento. | Cosa dice? Non riesco a sentirlo. | Che cosa dice? Non riesco a sentirlo.,,,,
6,s:r18-01c:a,cloze,Respondé con el presente de los verbos dados (también podés usar stare + gerundio).,"Volete venire a cena con noi? – No, ci dispiace, in questo momento ___. (studiare)",stiamo studiando,studiamo,,,,
6,s:r18-01c:c,cloze,Respondé con el presente de los verbos dados (también podés usar stare + gerundio).,"Vieni al cinema con me? – Adesso non posso, ___ i compiti. (fare)",sto facendo,faccio,,,,
6,s:r18-02:a,cloze,Pasá el verbo a la persona indicada y escribí su infinitivo.,Esco spesso la sera. (io → noi): ___ spesso la sera. (infinitivo: ___),Usciamo | uscire,,,,,
6,s:r18-02:c,cloze,Pasá el verbo a la persona indicada y escribí su infinitivo.,Cosa propone? (lui/lei → loro): Cosa ___? (infinitivo: ___),propongono | proporre,,,,,
6,s:r18-02:d,cloze,Pasá el verbo a la persona indicada y escribí su infinitivo.,Ma cosa mi dici? (tu → voi): Ma cosa mi ___? (infinitivo: ___),dite | dire,,,,,
6,s:r18-02:e,cloze,Pasá el verbo a la persona indicada y escribí su infinitivo.,Traduciamo un articolo. (noi → io): ___ un articolo. (infinitivo: ___),Traduco | tradurre,,,,,
6,s:r18-02:f,cloze,Pasá el verbo a la persona indicada y escribí su infinitivo.,Dov'è? (lui/lei → loro): Dove ___? (infinitivo: ___),sono | essere,,,,,
6,s:r18-02:g,cloze,Pasá el verbo a la persona indicada y escribí su infinitivo.,Siamo in anticipo. (noi → io): ___ in anticipo. (infinitivo: ___),Sono | essere,,,,,
6,s:r18-02b:a,translate,Traducí al italiano.,Dice que Mario llega mañana pero que no está bien.,Dice che Mario arriva domani ma che non sta bene.,"Dice che Mario arriva domani ma non sta bene. | Dice che Mario arriva domani, ma che non sta bene. | Dice che Mario arriva domani, ma non sta bene.",,,,
6,s:r18-03b:a,cloze,Completá con el presente de estos verbos modales.,"Scusa, ___ partire adesso, non ___ aspettare. (volere – io; potere – io)",voglio | posso,,,,,
6,s:r18-03b:b,cloze,Completá con el presente de estos verbos modales.,___ venire subito o ___ chiedere permesso? (potere – tu; dovere – tu),Puoi | devi,,,,,
6,s:r18-03b:c,cloze,Completá con el presente de estos verbos modales.,Non ___ ancora se ___ lavorare domani. (sapere – noi; dovere – noi),sappiamo | dobbiamo,,,,,
6,s:r18-03b:d,cloze,Completá con el presente de estos verbos modales.,"Se non ___ aspettare, ___ mangiare adesso. (volere – voi; potere – voi)",volete | potete,,,,,
7,d04-001,numbers,"Escribí el número en letras, en italiano.",1947 → ___,millenovecentoquarantasette,,,,,
7,d04-002,numbers,"Escribí el número en letras, en italiano.",31 → ___,trentuno,,,,,
7,d04-003,numbers,"Escribí el número en letras, en italiano.",212 → ___,duecentododici,,,,,
7,d04-004,numbers,"Escribí el número en letras, en italiano.",19 → ___,diciannove,,,,,
7,d04-006,numbers,"Escribí el número en letras, en italiano.",88 → ___,ottantotto,,,,,
7,d04-007,numbers,"Escribí el número en letras, en italiano.",966 → ___,novecentosessantasei,,,,,
7,d04-008,numbers,"Escribí el número en letras, en italiano.",23 → ___,ventitré,,,,,
7,d04-009,numbers,"Escribí el número en letras, en italiano.",6298 → ___,seimiladuecentonovantotto,,,,,
7,d04-010,numbers,"Escribí el número en letras, en italiano.",861 → ___,ottocentosessantuno,,,,,
7,d04-011,cloze,"Escribí el número ordinal en letras, concordado con el sustantivo.",I ___ cugini (primero),primi,,,,,
7,d04-012,cloze,"Escribí el número ordinal en letras, concordado con el sustantivo.",La ___ attrice (segunda),seconda,,,,,
7,d04-013,cloze,"Escribí el número ordinal en letras, concordado con el sustantivo.",Il ___ edificio (noveno),nono,,,,,
7,d04-014,cloze,"Escribí el número ordinal en letras, concordado con el sustantivo.",La ___ città (cuarta),quarta,,,,,
7,d04-017,cloze,"Escribí el número ordinal en letras, concordado con el sustantivo.",Il ___ cliente (millonésimo),milionesimo,,,,,
7,d04-019,cloze,"Escribí el número ordinal en letras, concordado con el sustantivo.",Le ___ scene (primeras),prime,,,,,
7,d04-021,cloze,"Completá la anotación de la agenda: escribí en italiano el día y/o la fecha, con los números en letras.","dentista, ___ (jueves 15)",giovedì quindici,giovedì il quindici,,,,
7,d04-022,cloze,"Completá la anotación de la agenda: escribí en italiano el día y/o la fecha, con los números en letras.","cena da Mario, ___ (el 3)",il tre,tre,,,,
7,d04-023,cloze,"Completá la anotación de la agenda: escribí en italiano el día y/o la fecha, con los números en letras.","concerto, ___ (el 30)",il trenta,trenta,,,,
7,d04-024,cloze,"Completá la anotación de la agenda: escribí en italiano el día y/o la fecha, con los números en letras.","lezione, ___ (el 6)",il sei,sei,,,,
7,d04-025,cloze,"Completá la anotación de la agenda: escribí en italiano el día y/o la fecha, con los números en letras.","lezione, ___ (el 20)",il venti,venti,,,,
7,d04-026,cloze,"Completá la anotación de la agenda: escribí en italiano el día y/o la fecha, con los números en letras.","il compleanno del babbo, ___ (el 1)",il primo,primo,,,,
7,d04-027,cloze,"Completá la anotación de la agenda: escribí en italiano el día y/o la fecha, con los números en letras.","in ufficio, ___ (lunes)",lunedì,,,,,
7,d04-028,cloze,"Completá la anotación de la agenda: escribí en italiano el día y/o la fecha, con los números en letras.","veterinario, ___ (el 28)",il ventotto,ventotto,,,,
7,d04-029,cloze,"Completá la anotación de la agenda: escribí en italiano el día y/o la fecha, con los números en letras.","caffè con Giorgio, ___ (el 9)",il nove,nove,,,,
7,d04-030,cloze,"Completá la anotación de la agenda: escribí en italiano el día y/o la fecha, con los números en letras.","il cinema, ___ (el 24)",il ventiquattro,ventiquattro,,,,
7,d04-031,translate,"Escribí la hora en italiano, con los números en letras.",Es mediodía.,È mezzogiorno.,,,,,
7,d04-032,translate,"Escribí la hora en italiano, con los números en letras.",Son las 3:30 de la tarde.,Sono le tre e mezza del pomeriggio.,Sono le tre e mezza. | Sono le tre e trenta del pomeriggio. | Sono le tre e trenta. | Sono le quindici e trenta. | Sono le quindici e mezza. | Sono le tre e mezzo del pomeriggio. | Sono le tre e mezzo.,,,,
7,d04-033,translate,"Escribí la hora en italiano, con los números en letras.",Son las 9:15 de la mañana.,Sono le nove e un quarto di mattina.,Sono le nove e un quarto. | Sono le nove e quindici di mattina. | Sono le nove e quindici. | Sono le nove e un quarto del mattino. | Sono le nove e quindici del mattino.,,,,
7,d04-034,translate,"Escribí la hora en italiano, con los números en letras.",Es la 1:25 de la tarde.,È l’una e venticinque del pomeriggio.,È l’una e venticinque. | Sono le tredici e venticinque.,,,,
7,d04-035,translate,"Escribí la hora en italiano, con los números en letras.",Son las 7:45 de la mañana.,Sono le otto meno un quarto di mattina.,Sono le otto meno un quarto. | Sono le sette e quarantacinque di mattina. | Sono le sette e quarantacinque. | Sono le otto meno un quarto del mattino. | Sono le sette e quarantacinque del mattino. | Sono le sette e tre quarti. | Sono le otto meno quindici. | Sono le otto meno quindici di mattina. | Sono le otto meno quindici del mattino.,,,,
7,d04-036,translate,"Escribí la hora en italiano, con los números en letras.",A las 2:20 de la tarde.,Alle due e venti del pomeriggio.,Alle due e venti. | Alle quattordici e venti.,,,,
7,d04-037,translate,"Escribí la hora en italiano, con los números en letras.",A eso de las 6 de la tarde.,Verso le sei di sera.,Verso le sei del pomeriggio. | Verso le sei. | Verso le diciotto. | Intorno alle sei. | Intorno alle sei del pomeriggio. | Intorno alle sei di sera.,,,,
7,d04-038,translate,"Escribí la hora en italiano, con los números en letras.",A las 17 horas.,Alle diciassette.,Alle ore diciassette.,,,,
7,d04-039,translate,"Escribí la hora en italiano, con los números en letras.",Son las 12 y cuarto de la noche (pasada la medianoche).,È mezzanotte e un quarto.,È mezzanotte e quindici.,,,,
7,d04-040,translate,"Escribí la hora en italiano, con los números en letras.",Son las 5:45 de la tarde.,Sono le sei meno un quarto del pomeriggio.,Sono le sei meno un quarto di sera. | Sono le sei meno un quarto. | Sono le cinque e quarantacinque del pomeriggio. | Sono le cinque e quarantacinque. | Sono le diciassette e quarantacinque. | Sono le cinque e tre quarti. | Sono le sei meno quindici. | Sono le sei meno quindici del pomeriggio. | Sono le sei meno quindici di sera.,,,,
7,rf-4-22,translate,Traducí al italiano.,Tengo dos gatos negros.,Ho due gatti neri,,,,,
7,s:r17-01:a,translate,Traducí al italiano. Escribí los números con letras.,un kilo,un chilo,un chilogrammo,,,,
7,s:r17-01:b,translate,Traducí al italiano. Escribí los números con letras.,una feta,una fetta,,,,,
7,s:r17-01:c,translate,Traducí al italiano. Escribí los números con letras.,diecisiete libros,diciassette libri,,,,,
7,s:r17-01:d,translate,Traducí al italiano. Escribí los números con letras.,diecinueve páginas,diciannove pagine,,,,,
7,s:r17-01:e,translate,Traducí al italiano. Escribí los números con letras.,treinta y un estudiantes,trentuno studenti,trentun studenti,,,,
7,s:r17-01:f,translate,Traducí al italiano. Escribí los números con letras.,cuarenta y ocho horas,quarantotto ore,,,,,
7,s:r17-01:g,translate,Traducí al italiano. Escribí los números con letras.,tres capítulos,tre capitoli,,,,,
7,s:r17-01:h,translate,Traducí al italiano. Escribí los números con letras.,veintitrés chicas,ventitré ragazze,,,,,
7,s:r17-01:k,translate,Traducí al italiano. Escribí los números con letras.,mil euros,mille euro,,,,,
7,s:r17-01:l,translate,Traducí al italiano. Escribí los números con letras.,diez mil euros,diecimila euro,,,,,
7,s:r17-01:o,translate,Traducí al italiano. Escribí los números con letras.,tres millones quinientos mil euros,tre milioni cinquecentomila euro,tre milioni e cinquecentomila euro,,,,
7,s:r17-01b:a,translate,"Traducí al italiano, con los números en letras.",el primero de octubre,il primo ottobre,il 1° ottobre,,,,
7,s:r17-01b:b,translate,"Traducí al italiano, con los números en letras.",la Segunda Guerra Mundial,la Seconda Guerra Mondiale,la seconda guerra mondiale,,,,
7,s:r17-01b:c,translate,"Traducí al italiano, con los números en letras.",el Tercer Mundo,il Terzo Mondo,,,,,
7,s:r17-01b:f,translate,"Traducí al italiano, con los números en letras.",Isabel II,Elisabetta II,Elisabetta seconda,,,,
7,s:r17-02:a,cloze,"Completá con el equivalente italiano de las cifras, escrito con letras.",___ automobilisti non sono assicurati. (El diez por ciento de los),Il dieci per cento degli,,,,,
7,s:r17-02:c,cloze,"Completá con el equivalente italiano de las cifras, escrito con letras.",L'olio costa ___ litro. (25 euros el),venticinque euro al,,,,,
7,s:r17-02:e,cloze,"Completá con el equivalente italiano de las cifras, escrito con letras.",Per chiamare fuori bisogna fare ___. (el 9),il nove,,,,,
7,s:r17-02:f,cloze,"Completá con el equivalente italiano de las cifras, escrito con letras.","Il mio numero di telefono è ___ interno ___. (02 39 24 81, interno 750)",zero due trentanove ventiquattro ottantuno | settecentocinquanta,"zero due trentanove ventiquattro ottantuno | sette cinque zero | zero due, trentanove, ventiquattro, ottantuno | settecentocinquanta | zero due, trentanove, ventiquattro, ottantuno | sette cinque zero",,,,
7,s:r17-02b:a,cloze,Expresá estos siglos de la otra manera.,il ventesimo secolo = ___,il Novecento,il '900 | novecento,,,,
7,s:r17-02b:b,cloze,Expresá estos siglos de la otra manera.,il quattordicesimo secolo = ___,il Trecento,trecento,,,,
7,s:r17-03:a,cloze,Decí la hora en italiano y también en formato de 24 horas.,Las diez de la mañana: ___ (formato 24 horas: ___),le dieci di mattina | le dieci,le dieci del mattino | le dieci | le dieci | le dieci,,,,
7,s:r17-03:b,cloze,Decí la hora en italiano y también en formato de 24 horas.,La una de la tarde: ___ (formato 24 horas: ___),l'una del pomeriggio | le tredici,l'una di pomeriggio | le tredici | l'una | le tredici,,,,
7,s:r17-03:c,cloze,Decí la hora en italiano y también en formato de 24 horas.,Las ocho de la noche: ___ (formato 24 horas: ___),le otto di sera | le venti,le otto della sera | le venti | le otto | le venti,,,,
7,s:r17-03:d,cloze,Decí la hora en italiano y también en formato de 24 horas.,Las once de la noche: ___ (formato 24 horas: ___),le undici di sera | le ventitré,le undici della sera | le ventitré | le undici di notte | le ventitré | le undici | le ventitré,,,,
7,s:r18-03c:a,translate,¿Desde cuándo? Respondé en italiano con presente + da.,Da quanto tempo impari l'italiano? – Hace dos años que aprendo italiano.,Imparo l'italiano da due anni.,Studio l'italiano da due anni. | Lo imparo da due anni. | Da due anni. | Imparo l'italiano da 2 anni. | Imparo italiano da due anni. | Studio italiano da due anni.,,,,
7,s:r18-03c:d,translate,¿Desde cuándo? Respondé en italiano con presente + da.,Da quant'è che vi conoscete? – Nos conocemos hace tres meses.,Ci conosciamo da tre mesi.,Da tre mesi.,,,,
7,s:r18-03c:g,translate,¿Desde cuándo? Respondé en italiano con presente + da.,Lo aspetti da molto tempo? – Lo espero desde las nueve.,Lo aspetto dalle nove.,Dalle nove. | Lo aspetto dalle 9.,,,,
8,a2-ort-05,choice,¿Cuál es la forma correcta?,___ è il tuo indirizzo?,Qual,,Qual | Qual' | Quale',,,
8,d11-002,qa,"Convertí la afirmación en pregunta: pasá el sujeto al final, después de una coma, y agregá el signo de pregunta.",I ragazzi sono a scuola.,"Sono a scuola, i ragazzi?",Sono a scuola i ragazzi?,,,,
8,d11-003,qa,"Convertí la afirmación en pregunta: pasá el sujeto al final, después de una coma, y agregá el signo de pregunta.",Tua madre è impegnatissima.,"È impegnatissima, tua madre?",È impegnatissima tua madre?,,,,
8,d11-004,qa,"Convertí la afirmación en pregunta: pasá el sujeto al final, después de una coma, y agregá el signo de pregunta.",Giuseppe parla inglese.,"Parla inglese, Giuseppe?",Parla inglese Giuseppe?,,,,
8,d11-005,qa,"Convertí la afirmación en pregunta: pasá el sujeto al final, después de una coma, y agregá el signo de pregunta.",Le nuove macchine sono molto belle.,"Sono molto belle, le nuove macchine?",Sono molto belle le nuove macchine?,,,,
8,d11-006,qa,"Convertí la afirmación en pregunta: pasá el sujeto al final, después de una coma, y agregá el signo de pregunta.",Tu prepari da mangiare.,"Prepari da mangiare, tu?",Prepari da mangiare tu?,,,,
8,d11-009,qa,"Convertí la afirmación en pregunta: pasá el sujeto al final, después de una coma, y agregá el signo de pregunta.",Le donne visitano i musei fiorentini.,"Visitano i musei fiorentini, le donne?",Visitano i musei fiorentini le donne?,,,,
8,d11-010,qa,"Convertí la afirmación en pregunta: pasá el sujeto al final, después de una coma, y agregá el signo de pregunta.",Io leggo ogni giorno.,"Leggo ogni giorno, io?",Leggo ogni giorno io?,,,,
8,d11-011,choice,"Elegí la palabra interrogativa correcta: quanto/quanta/quanti/quante (cuánto…, concuerda con el sustantivo) o quale/quali (cuál, cuáles).",___ ragazze ci sono nel liceo Leonardo da Vinci? (¿Cuántas chicas hay en el liceo Leonardo da Vinci?),quante,,quanto | quanta | quanti | quante,,,
8,d11-013,choice,"Elegí la palabra interrogativa correcta: quanto/quanta/quanti/quante (cuánto…, concuerda con el sustantivo) o quale/quali (cuál, cuáles).",___ macchina preferisci? (¿Qué auto preferís?),quale,,quale | quali | quanta | quante,,,
8,d11-014,choice,"Elegí la palabra interrogativa correcta: quanto/quanta/quanti/quante (cuánto…, concuerda con el sustantivo) o quale/quali (cuál, cuáles).",___ gatti ha? (¿Cuántos gatos tiene?),quanti,,quanto | quanta | quanti | quante,,,
8,d11-015,choice,"Elegí la palabra interrogativa correcta: quanto/quanta/quanti/quante (cuánto…, concuerda con el sustantivo) o quale/quali (cuál, cuáles).",___ ingrediente fa speciale il dolce? (¿Qué ingrediente hace especial el postre?),quale,,quale | quali | quanto | quanti,,,
8,d11-017,choice,"Elegí la palabra interrogativa correcta: quanto/quanta/quanti/quante (cuánto…, concuerda con el sustantivo) o quale/quali (cuál, cuáles).",___ ragazzo studia con te? (¿Qué chico estudia con vos?),quale,,quale | quali | quanto | quanti,,,
8,d11-018,choice,"Elegí la palabra interrogativa correcta: quanto/quanta/quanti/quante (cuánto…, concuerda con el sustantivo) o quale/quali (cuál, cuáles).",___ stoffa ci vuole? (¿Cuánta tela hace falta?),quanta,,quanto | quanta | quanti | quante,,,
8,d11-019,choice,"Elegí la palabra interrogativa correcta: quanto/quanta/quanti/quante (cuánto…, concuerda con el sustantivo) o quale/quali (cuál, cuáles).",___ materia è la tua preferita? (¿Cuál materia es tu preferida?),quale,,quale | quali | quanta | quante,,,
8,d11-021,cloze,"Completá la pregunta con una de estas opciones (sin repetir ninguna): come sono, dov'è, dove, quando, dove sono.",___ i musicisti? (¿Cómo son los músicos?),come sono,,,,,
8,d11-022,cloze,"Completá la pregunta con una de estas opciones (sin repetir ninguna): come sono, dov'è, dove, quando, dove sono.",___ la scuola elementare? (¿Dónde está la escuela primaria?),dov'è,dove è,,,,
8,d11-023,cloze,"Completá la pregunta con una de estas opciones (sin repetir ninguna): come sono, dov'è, dove, quando, dove sono.",___ vai? (¿Adónde vas?),dove,,,,,
8,d11-024,cloze,"Completá la pregunta con una de estas opciones (sin repetir ninguna): come sono, dov'è, dove, quando, dove sono.",___ parti? (¿Cuándo te vas?),quando,,,,,
8,d11-025,cloze,"Completá la pregunta con una de estas opciones (sin repetir ninguna): come sono, dov'è, dove, quando, dove sono.",___ le chiavi? (¿Dónde están las llaves?),dove sono,,,,,
8,d11-026,cloze,"Completá con el pronombre interrogativo (che cosa, chi, quanto/a/i/e, quale…).","___ fai, Mario? (¿Qué hacés, Mario?)",che cosa,cosa | che,,,,
8,d11-027,cloze,"Completá con el pronombre interrogativo (che cosa, chi, quanto/a/i/e, quale…).",___ va domani? (¿Quién va mañana?),chi,,,,,
8,d11-028,cloze,"Completá con el pronombre interrogativo (che cosa, chi, quanto/a/i/e, quale…).","Ragazze, ___ di voi hanno il telefonino? (Chicas, ¿cuántas de ustedes tienen celular?)",quante,,,,,
8,d11-029,cloze,"Completá con el pronombre interrogativo (che cosa, chi, quanto/a/i/e, quale…).",___ tempo abbiamo? (¿Cuánto tiempo tenemos?),quanto,,,,,
8,d11-031,qa,Respondé en italiano con una oración completa: reusá las palabras de la pregunta y agregá el dato que está entre paréntesis.,Come sono i professori? (muy amables),I professori sono molto gentili.,Sono molto gentili.,,,,
8,d11-032,qa,Respondé en italiano con una oración completa: reusá las palabras de la pregunta y agregá el dato que está entre paréntesis.,"Quanti studenti mangiano nella mensa universitaria? Molti? (sí, muchos)",Molti studenti mangiano nella mensa universitaria.,"Sì, molti studenti mangiano nella mensa universitaria. | Ci mangiano molti studenti.",,,,
8,d11-033,qa,Respondé en italiano con una oración completa: reusá las palabras de la pregunta y agregá el dato que está entre paréntesis.,Che cosa fanno gli studenti? (hacen la tarea),Gli studenti fanno i compiti.,Fanno i compiti.,,,,
8,d11-034,qa,Respondé en italiano con una oración completa: reusá las palabras de la pregunta y agregá el dato que está entre paréntesis.,Quando apre il museo? (a las 9),Il museo apre alle 9.00.,Il museo apre alle 9. | Il museo apre alle nove. | Apre alle 9. | Apre alle nove. | Apre alle 9.00.,,,,
8,d11-035,qa,Respondé en italiano con una oración completa: reusá las palabras de la pregunta y agregá el dato que está entre paréntesis.,Dove sono i biglietti? (sobre la mesa),I biglietti sono sul tavolo.,Sono sul tavolo.,,,,
8,d11-036,conjugate,La pregunta es para vos: completá la respuesta con el verbo en primera persona (io).,Come sei tu? (¿Cómo sos?) — ___ alto e simpatico.,sono,,,,,
8,d11-037,conjugate,La pregunta es para vos: completá la respuesta con el verbo en primera persona (io).,Da dove vieni? (¿De dónde venís?) — ___ dall'Argentina.,vengo,,,,,
8,d11-038,conjugate,La pregunta es para vos: completá la respuesta con el verbo en primera persona (io).,"Come stai oggi? (¿Cómo estás hoy?) — ___ bene, grazie.",sto,,,,,
8,d11-039,conjugate,La pregunta es para vos: completá la respuesta con el verbo en primera persona (io).,Quanti anni hai? (¿Cuántos años tenés?) — ___ trent'anni.,ho,,,,,
8,d11-040,conjugate,La pregunta es para vos: completá la respuesta con el verbo en primera persona (io).,Quale ristorante preferisci? (¿Qué restaurante preferís?) — ___ quello in piazza.,preferisco,,,,,
8,s:r10-01:a,translate,Pasá cada afirmación a pregunta: en italiano alcanza con la entonación (y el signo de pregunta). Escribí en italiano la pregunta que corresponde al castellano.,Partono stasera. → ¿Se van esta noche?,Partono stasera?,Stasera partono?,,,,
8,s:r10-01:b,translate,Pasá cada afirmación a pregunta: en italiano alcanza con la entonación (y el signo de pregunta). Escribí en italiano la pregunta que corresponde al castellano.,Cambiamo discorso. → ¿Cambiamos de tema?,Cambiamo discorso?,,,,,
8,s:r10-01:c,translate,Pasá cada afirmación a pregunta: en italiano alcanza con la entonación (y el signo de pregunta). Escribí en italiano la pregunta que corresponde al castellano.,Non vengono con noi. → ¿No vienen con nosotros?,Non vengono con noi?,,,,,
8,s:r10-01b:b,cloze,Completá con la forma correcta del verbo en italiano (tu).,Ma perché ___ (lo ayudás)? Non è mica un bambino!,lo aiuti,,,,,
8,s:r10-01b:d,cloze,Completá con la forma correcta del verbo en italiano (tu).,Che lo ___ (llamás) a fare? Non è mai in casa.,chiami,,,,,
8,s:r10-01b:e,cloze,Completá con la forma correcta del verbo en italiano (tu).,Che ci ___ (vas) a fare a Londra?,vai,,,,,
8,s:r10-01b:f,cloze,Completá con la forma correcta del verbo en italiano (tu).,Che ci ___ (hacés) qui?,fai,,,,,
8,s:r10-01c:a,cloze,Elegí el pronombre correcto: interrogativo o relativo.,Dimmi ___ vuoi. (Decime qué querés.),che cosa,cosa | che | quello che | ciò che,,,,
8,s:r10-01c:c,choice,Elegí el pronombre correcto: interrogativo o relativo.,Voglio sapere ___ viene. (Quiero saber quién viene.),chi,,chi | che,,,
8,s:r10-01c:d,choice,Elegí el pronombre correcto: interrogativo o relativo.,Gli ospiti ___ vengono sono italiani. (Los invitados que vienen son italianos.),che,,chi | che,,,
8,s:r10-01c:g,choice,Elegí el pronombre correcto: interrogativo o relativo.,Mi dai una penna ___ funziona? (¿Me das una birome que funcione?),che,,quale | che,,,
8,s:r10-01c:h,choice,Elegí el pronombre correcto: interrogativo o relativo.,Non so ___ penna funziona. (No sé qué birome funciona.),quale,che,quale | chi,,,
8,s:r10-02:b,cloze,Transformá las preguntas indirectas en preguntas directas.,Non so se la signorina è polacca. → ___?,La signorina è polacca,È polacca la signorina,,,,
8,s:r10-02b:a,cloze,Unas preguntas para precisar. Completá en italiano usando el presente (y quand'è che / dov'è che para dar énfasis).,"Dimmi un po' – ___? (¿cuándo te vas, exactamente?)",quand'è che parti,quando è che parti | quando parti,,,,
8,s:r10-02b:b,cloze,Unas preguntas para precisar. Completá en italiano usando el presente (y quand'è che / dov'è che para dar énfasis).,Spiegami un po' – ___? (¿dónde nos encontramos exactamente esta noche?),dov'è che ci vediamo stasera,dove è che ci vediamo stasera | dov'è che ci incontriamo stasera | dove ci vediamo stasera | dove ci incontriamo stasera,,,,
8,s:r10-02b:c,cloze,Unas preguntas para precisar. Completá en italiano usando el presente (y quand'è che / dov'è che para dar énfasis).,Dimmi un po' – ___? (¿desde cuándo estás esperando?),da quand'è che aspetti,da quando è che aspetti | da quando aspetti,,,,
8,s:r10-03:c,translate,"Solo querés confirmar los datos. Traducí al italiano con la coletilla adecuada (vero?, no?, non trovi?…).","Es una mujer fascinante, ¿no te parece? (tu)","È una donna affascinante, non trovi?","È una donna affascinante, non ti pare? | È una donna affascinante, non credi? | È una donna affascinante, vero? | È una donna affascinante, non ti sembra?",,,,
8,s:r10-03:d,translate,"Solo querés confirmar los datos. Traducí al italiano con la coletilla adecuada (vero?, no?, non trovi?…).","Se van el lunes, ¿no?","Partono lunedì, vero?","Partono lunedì, no? | Partono lunedì, non è vero?",,,,
8,s:r10-03b:a,translate,"Traducí al italiano con quando, dove o perché. Tené en cuenta las posibles posiciones del sujeto.",¿Cuándo se van? (voi),Quando partite?,Quando ve ne andate?,,,,
8,s:r10-03b:b,translate,"Traducí al italiano con quando, dove o perché. Tené en cuenta las posibles posiciones del sujeto.",¿Cuándo sale el tren?,Quando parte il treno?,Il treno quando parte?,,,,
8,s:r10-03b:c,translate,"Traducí al italiano con quando, dove o perché. Tené en cuenta las posibles posiciones del sujeto.",¿Adónde van? (voi),Dove andate?,,,,,
8,s:r10-03b:d,translate,"Traducí al italiano con quando, dove o perché. Tené en cuenta las posibles posiciones del sujeto.",¿Adónde van los chicos?,Dove vanno i bambini?,I bambini dove vanno? | Dove vanno i ragazzi?,,,,
8,s:r10-04:b,cloze,Completá con el equivalente italiano de la pregunta indirecta.,Mi sai dire ___ (cuándo vuelve Maria)?,quando torna Maria,quando ritorna Maria | quando Maria torna,,,,
8,s:r10-04:c,cloze,Completá con el equivalente italiano de la pregunta indirecta.,"Mi dispiace, non so ___ (cuándo abre el banco).",quando apre la banca,a che ora apre la banca,,,,
8,s:r10-05:c,translate,Traducí al italiano. En todos los casos menos uno vas a usar la misma palabra interrogativa (come).,¿Qué tal tu nuevo trabajo? (tu),Com'è il tuo nuovo lavoro?,Come è il tuo nuovo lavoro?,,,,
8,s:r10-05:d,translate,Traducí al italiano. En todos los casos menos uno vas a usar la misma palabra interrogativa (come).,No quiero salir. – ¿Por qué no?,Perché no?,,,,,
8,s:r10-05:e,translate,Traducí al italiano. En todos los casos menos uno vas a usar la misma palabra interrogativa (come).,¿Me da un vaso de agua? – ¡Pero claro! (Lei),Ma come no!,Come no!,,,,
8,s:r10-05:f,translate,Traducí al italiano. En todos los casos menos uno vas a usar la misma palabra interrogativa (come).,No sé cómo funciona esto: ¿qué hago?,Non so come funziona: cosa faccio?,"Non so come funziona: che cosa faccio? | Non so come funziona: che faccio? | Non so come funziona questo: cosa faccio? | Non so come funziona, cosa faccio? | Non so come funziona, che cosa faccio? | Non so come funzioni: cosa faccio? | Non so come funzioni: che cosa faccio? | Non so come funzioni, cosa faccio?",,,,
8,s:r10-06:a,translate,Traducí al italiano (para 'exactamente' podés usar quand'è che / dov'è che).,¿Cuándo llegan Pino y Mariella?,Quando arrivano Pino e Mariella?,Pino e Mariella quando arrivano?,,,,
8,s:r10-06:b,translate,Traducí al italiano (para 'exactamente' podés usar quand'è che / dov'è che).,¿A qué hora sale exactamente el avión?,Quand'è che parte l'aereo?,Quando è che parte l'aereo? | Quando parte esattamente l'aereo? | A che ora parte esattamente l'aereo? | Quando parte l'aereo esattamente? | A che ora parte l'aereo esattamente? | A che ora è che parte l'aereo?,,,,
8,s:r10-06:c,translate,Traducí al italiano (para 'exactamente' podés usar quand'è che / dov'è che).,¿Dónde vive Susanna?,Dove abita Susanna?,Dove vive Susanna? | Susanna dove abita?,,,,
8,s:r10-06:d,translate,Traducí al italiano (para 'exactamente' podés usar quand'è che / dov'è che).,¿Dónde trabaja exactamente tu papá? (tu),Dov'è che lavora tuo padre?,Dove è che lavora tuo padre? | Dove lavora esattamente tuo padre? | Dov'è che lavora tuo papà? | Dove lavora esattamente tuo papà?,,,,
8,s:r10-07:d,cloze,Reescribí las preguntas de forma más enfática y coloquial (adelantá o repetí el objeto con un pronombre).,Come giustifichi il tuo comportamento? → ___?,Come lo giustifichi il tuo comportamento,"Come lo giustifichi, il tuo comportamento",,,,
8,s:r10-08:a,translate,Traducí al italiano. Usá voi para 'ustedes'.,¿Quién es ese hombre?,Chi è quell'uomo?,,,,,
8,s:r10-08:b,translate,Traducí al italiano. Usá voi para 'ustedes'.,¿De quién es ese libro? (¿quién lo escribió?),Di chi è quel libro?,,,,,
8,s:r10-08:c,translate,Traducí al italiano. Usá voi para 'ustedes'.,¿A quién le gusta el helado?,A chi piace il gelato?,,,,,
8,s:r10-08:d,translate,Traducí al italiano. Usá voi para 'ustedes'.,¿De quién están hablando? (voi),Di chi parlate?,Di chi state parlando?,,,,
8,s:r10-08:g,translate,Traducí al italiano. Usá voi para 'ustedes'.,¿Qué necesitan? (voi) (aver bisogno di),Di che cosa avete bisogno?,Di cosa avete bisogno? | Di che avete bisogno?,,,,
8,s:r10-08:h,translate,Traducí al italiano. Usá voi para 'ustedes'.,¿De qué están hablando? (voi),Di che cosa parlate?,Di cosa parlate? | Di che parlate? | Di che cosa state parlando? | Di cosa state parlando?,,,,
8,s:r10-13:a,translate,Traducí al italiano usando quanto.,¿Cuántos espaguetis querés? (tu),Quanti spaghetti vuoi?,,,,,
8,s:r10-13:c,translate,Traducí al italiano usando quanto.,¿Cuántos son? (voi),Quanti siete?,,,,,
8,s:r10-13:d,translate,Traducí al italiano usando quanto.,No sé cuántos huevos quedan.,Non so quante uova rimangono.,Non so quante uova restano. | Non so quante uova sono rimaste.,,,,
8,s:r10-14:c,translate,Preguntá en italiano usando quanto.,¿Qué tan grande es su cocina? (Lei),Quanto è grande la Sua cucina?,Quant'è grande la Sua cucina?,,,,
8,s:r10-14:d,translate,Preguntá en italiano usando quanto.,"¿Qué ancho tiene? (largo/a, hablando de la cocina)",Quanto è larga?,Quant'è larga?,,,,
8,s:r10-14:e,translate,Preguntá en italiano usando quanto.,¿Dentro de cuánto podemos vernos?,Fra quanto possiamo vederci?,Tra quanto possiamo vederci? | Fra quanto ci possiamo vedere? | Tra quanto ci possiamo vedere?,,,,
9,b2-prep-01,choice,Elegí la preposición correcta.,Vado ___ Italia.,in,,in | a | nella,,,
9,b2-prep-02,choice,Elegí la preposición correcta.,Sono ___ Milano da due anni.,a,,a | in | di,,,
9,b2-prep-03,choice,Elegí la preposición correcta.,Vado ___ dentista.,dal,,dal | al | nel,,,
9,b2-prep-04,choice,Elegí la forma correcta.,Studio italiano ___ tre anni.,da,,da | per | fa,,,
9,c1-prep-01,choice,Elegí la preposición correcta.,Domani comincio ___ studiare il tedesco.,a,,a | di | —,,,
9,c1-prep-02,choice,Elegí la preposición correcta.,"Allora, decidi ___ partire o no?",di,,di | a | per,,,
9,c1-prep-03,choice,Elegí la correcta (sin preposición).,Preferisco ___ restare qui.,—,,— | di | a,,,
9,c1-prep-04,choice,Elegí la correcta.,Mi dimentico sempre ___ chiamarla.,di,,di | a | per,,,
9,c1-prep-05,translate,Traducí al italiano.,No logro terminar a tiempo.,Non riesco a finire in tempo,Non riesco a terminare in tempo,,,,
9,d12-001,cloze,"Completá con a o di, solas o unidas al artículo (al, alla, alle, del, della…).",Vanno a scuola ___ sette.,alle,,,,,
9,d12-002,cloze,"Completá con a o di, solas o unidas al artículo (al, alla, alle, del, della…).","Paola è romana, è ___ Roma.",di,,,,,
9,d12-003,cloze,"Completá con a o di, solas o unidas al artículo (al, alla, alle, del, della…).",C'è un bel film ___ televisione.,alla,,,,,
9,d12-005,cloze,"Completá con a o di, solas o unidas al artículo (al, alla, alle, del, della…).",Sono i guanti ___ Laura.,di,,,,,
9,d12-006,cloze,"Completá con a o di, solas o unidas al artículo (al, alla, alle, del, della…).",Tornano ___ mezzogiorno.,a,,,,,
9,d12-007,cloze,"Completá con a o di, solas o unidas al artículo (al, alla, alle, del, della…).",Prendo sempre un bicchiere ___ latte.,di,,,,,
9,d12-008,cloze,"Completá con a o di, solas o unidas al artículo (al, alla, alle, del, della…).",L'abito è ___ lana.,di,,,,,
9,d12-009,cloze,"Completá con a o di, solas o unidas al artículo (al, alla, alle, del, della…).",Cominciano ___ sciare.,a,,,,,
9,d12-010,cloze,"Completá con a o di, solas o unidas al artículo (al, alla, alle, del, della…).",___ dove sei?,di,,,,,
9,d12-011,cloze,"Completá con da, sola o unida al artículo (dal, dallo, dalla…).",Noi veniamo ___ stato di Washington.,dallo,,,,,
9,d12-013,cloze,"Completá con da, sola o unida al artículo (dal, dallo, dalla…).",Gli studenti hanno molti compiti ___ fare.,da,,,,,
9,d12-014,cloze,"Completá con da, sola o unida al artículo (dal, dallo, dalla…).",Domani vanno ___ barbiere.,dal,,,,,
9,d12-015,cloze,"Completá con da, sola o unida al artículo (dal, dallo, dalla…).",È un disegno fatto ___ Raffaello.,da,,,,,
9,d12-016,cloze,"Completá con da, sola o unida al artículo (dal, dallo, dalla…).",Mangiano nella sala ___ pranzo.,da,,,,,
9,d12-018,cloze,"Completá con da, sola o unida al artículo (dal, dallo, dalla…).","Io, invece, vado ___ dentista.",dal,,,,,
9,d12-019,cloze,"Completá con da, sola o unida al artículo (dal, dallo, dalla…).",Ho qualcosa di bello ___ darti.,da,,,,,
9,d12-020,cloze,"Completá con da, sola o unida al artículo (dal, dallo, dalla…).",Quando torni ___ centro?,dal,,,,,
9,d12-021,translate,"Traducí al italiano. Ojo con la preposición (a, in, da, di).",en la escuela (estar en clase),a scuola,,,,,
9,d12-022,translate,"Traducí al italiano. Ojo con la preposición (a, in, da, di).",en Florencia,a Firenze,,,,,
9,d12-023,translate,"Traducí al italiano. Ojo con la preposición (a, in, da, di).",en el médico (en el consultorio),dal medico,dal dottore,,,,
9,d12-024,translate,"Traducí al italiano. Ojo con la preposición (a, in, da, di).",en Asia central,in Asia centrale,nell'Asia centrale,,,,
9,d12-025,translate,"Traducí al italiano. Ojo con la preposición (a, in, da, di).",en tren,in treno,col treno | con il treno,,,,
9,d12-026,translate,"Traducí al italiano. Ojo con la preposición (a, in, da, di).",en lo de Giorgio,da Giorgio,a casa di Giorgio,,,,
9,d12-027,translate,"Traducí al italiano. Ojo con la preposición (a, in, da, di).",un vaso para vino (el recipiente),un bicchiere da vino,,,,,
9,d12-028,translate,"Traducí al italiano. Ojo con la preposición (a, in, da, di).",un vaso de vino (lleno de vino),un bicchiere di vino,,,,,
9,d12-029,translate,"Traducí al italiano. Ojo con la preposición (a, in, da, di).",en Italia,in Italia,,,,,
9,d12-030,translate,"Traducí al italiano. Ojo con la preposición (a, in, da, di).",en las afueras (en la periferia),in periferia,,,,,
9,d12-031,translate,"Traducí al italiano la expresión (todas llevan una preposición: su, in, per, di, con…).",sobre el jardín,sul giardino,sopra il giardino,,,,
9,d12-032,translate,"Traducí al italiano la expresión (todas llevan una preposición: su, in, per, di, con…).",por las buenas o por las malas,per amore o per forza,con le buone o con le cattive,,,,
9,d12-034,translate,"Traducí al italiano la expresión (todas llevan una preposición: su, in, per, di, con…).",en ciernes (ej.: un poeta en ciernes),in erba,,,,,
9,d12-035,translate,"Traducí al italiano la expresión (todas llevan una preposición: su, in, per, di, con…).",Estoy en la oficina.,Sono in ufficio.,Io sono in ufficio.,,,,
9,d12-036,translate,"Traducí al italiano la expresión (todas llevan una preposición: su, in, per, di, con…).",en Internet,su Internet,in Internet,,,,
9,d12-037,translate,"Traducí al italiano la expresión (todas llevan una preposición: su, in, per, di, con…).",Cuento con vos.,Conto su di te.,Io conto su di te.,,,,
9,d12-038,cloze,Completá con la preposición correcta.,innamorato ___ Chiara (enamorado de Chiara),di,,,,,
9,d12-039,translate,"Traducí al italiano la expresión (todas llevan una preposición: su, in, per, di, con…).",(ir) con Chiara al teatro,con Chiara a teatro,a teatro con Chiara,,,,
9,d12-040,translate,"Traducí al italiano la expresión (todas llevan una preposición: su, in, per, di, con…).",en serio,sul serio,,,,,
9,rf-1-01,choice,Elegí la palabra que significa «pelota».,Giochiamo a ___ in cortile.,palla,,palla | pala | pallo,,,
9,s:r10-03:f,translate,"Solo querés confirmar los datos. Traducí al italiano con la coletilla adecuada (vero?, no?, non trovi?…).","La verdad es que no quieren venir, ¿no?","La verità è che non vogliono venire, vero?","La verità è che non vogliono venire, no? | La verità è che non vogliono venire, non è vero?",,,,
9,s:r10-03b:e,translate,"Traducí al italiano con quando, dove o perché. Tené en cuenta las posibles posiciones del sujeto.",¿Por qué te reís? (tu),Perché ridi?,,,,,
9,s:r10-03b:f,translate,"Traducí al italiano con quando, dove o perché. Tené en cuenta las posibles posiciones del sujeto.",¿Por qué se ríen las chicas?,Perché ridono le ragazze?,Perché le ragazze ridono? | Le ragazze perché ridono?,,,,
9,s:r10-05:a,translate,Traducí al italiano. En todos los casos menos uno vas a usar la misma palabra interrogativa (come).,¿Cómo es que llegan tarde? (voi),Come mai siete in ritardo?,Come mai arrivate in ritardo? | Come mai arrivate tardi?,,,,
9,s:r10-08:e,translate,Traducí al italiano. Usá voi para 'ustedes'.,¿De quién es este paraguas?,Di chi è questo ombrello?,,,,,
9,s:r10-13:b,translate,Traducí al italiano usando quanto.,¿Cuánta salsa querés? (tu),Quanto sugo vuoi?,Quanta salsa vuoi?,,,,
9,s:r10-14:b,translate,Preguntá en italiano usando quanto.,¿Cuánto tarda en llegar? (Lei) (impiegare/metterci),Quanto tempo impiega per arrivarci?,Quanto ci mette ad arrivarci? | Quanto tempo ci mette ad arrivarci? | Quanto impiega ad arrivarci? | Quanto tempo impiega ad arrivarci? | Quanto ci mette per arrivarci? | Quanto ci mette ad arrivare? | Quanto tempo ci mette ad arrivare? | Quanto ci mette per arrivare? | Quanto tempo impiega ad arrivare? | Quanto tempo impiega per arrivare? | Quanto impiega ad arrivare? | Quanto impiega per arrivare?,,,,
9,s:r15-01:a,translate,"Traducí al italiano. Ojo con la preposición: a, in, da o su.",Vivo en el último piso. (ultimo),Abito all'ultimo piano.,Vivo all'ultimo piano. | Sto all'ultimo piano.,,,,
9,s:r15-01:b,translate,"Traducí al italiano. Ojo con la preposición: a, in, da o su.","El restaurante está en la esquina, a la derecha.","Il ristorante è all'angolo, a destra.","Il ristorante è all'angolo a destra. | Il ristorante è all'angolo, sulla destra. | Il ristorante è all'angolo sulla destra. | Il ristorante è sull'angolo, a destra. | Il ristorante è sull'angolo a destra. | Il ristorante è sull'angolo, sulla destra. | Il ristorante è sull'angolo sulla destra.",,,,
9,s:r15-01:c,translate,"Traducí al italiano. Ojo con la preposición: a, in, da o su.",La librería está a 200 metros de mi casa.,La libreria è a 200 metri da casa mia.,La libreria è a duecento metri da casa mia. | La libreria è a 200 metri dalla mia casa. | La libreria è a duecento metri dalla mia casa.,,,,
9,s:r15-01:d,translate,"Traducí al italiano. Ojo con la preposición: a, in, da o su.",Vivo en una ciudad al suroeste de Londres. (sud ovest),Abito in una città a sud ovest di Londra.,Vivo in una città a sud ovest di Londra. | Abito in una città a sud-ovest di Londra. | Vivo in una città a sud-ovest di Londra. | Abito in una cittadina a sud ovest di Londra.,,,,
9,s:r15-01:e,translate,"Traducí al italiano. Ojo con la preposición: a, in, da o su.",Dan una película interesante en la tele.,C'è un film interessante alla televisione.,C'è un film interessante in televisione. | C'è un film interessante alla tv. | C'è un film interessante in tv. | Danno un film interessante alla televisione. | Danno un film interessante in televisione. | Fanno un film interessante in televisione. | Fanno un film interessante alla televisione.,,,,
9,s:r15-01:f,translate,"Traducí al italiano. Ojo con la preposición: a, in, da o su.",Tu mamá está al teléfono.,Tua madre è al telefono.,Tua mamma è al telefono. | C'è tua madre al telefono.,,,,
9,s:r15-01:g,translate,"Traducí al italiano. Ojo con la preposición: a, in, da o su.","Nos vemos en diciembre, para Navidad.","Ci vediamo a dicembre, a Natale.","Ci vediamo a dicembre a Natale. | Ci vediamo in dicembre, a Natale. | Ci vediamo in dicembre a Natale. | Ci vediamo a dicembre, per Natale. | Ci vediamo a dicembre per Natale. | Ci vediamo in dicembre, per Natale. | Ci vediamo in dicembre per Natale.",,,,
9,s:r15-01:h,translate,"Traducí al italiano. Ojo con la preposición: a, in, da o su.","¿A qué hora venís, Ida?","A che ora vieni, Ida?","A che ora vieni Ida? | A che ora arrivi, Ida? | A che ora arrivi Ida?",,,,
9,s:r15-01b:a,choice,Elegí la forma correcta: con o sin di.,Ci vediamo ___.,dopo cena,,dopo cena | dopo di cena,,,
9,s:r15-01b:c,choice,Elegí la forma correcta: con o sin di.,Abita ___.,verso il centro,,verso il centro | verso del centro,,,
9,s:r15-01b:d,choice,Elegí la forma correcta: con o sin di.,Non ho nessun obbligo ___.,verso di lui,,verso lui | verso di lui,,,
9,s:r15-01b:e,choice,Elegí la forma correcta: con o sin di.,Mauro è ___ oggi.,fuori città,,fuori città | fuori a città,,,
9,s:r15-01b:g,choice,Elegí la forma correcta: con o sin di.,Non riesco a lavorare ___.,senza un po' di musica,,senza un po' di musica | senza di un po' di musica,,,
9,s:r15-01b:h,cloze,Elegí la forma correcta: con o sin di.,___ (sin vos) non riesco a lavorare.,Senza di te,Senza te,,,,
9,s:r15-01c:a,cloze,Describí a estas personas completando con la preposición adecuada.,Pina è molto interessata ___ imparare il greco.,a,ad,,,,
9,s:r15-01c:b,cloze,Describí a estas personas completando con la preposición adecuada.,Alberta è proprio decisa ___ cambiare casa.,a,,,,,
9,s:r15-01c:c,cloze,Describí a estas personas completando con la preposición adecuada.,Ida è ansiosa ___ partire ma Delia non sembra disposta ___ muoversi.,di | a,,,,,
9,s:r15-01c:e,cloze,Describí a estas personas completando con la preposición adecuada.,Ada è veramente portata ___ la musica ma è negata ___ i numeri.,per | per,,,,,
9,s:r15-01d:a,translate,Traducí al italiano. Ojo con la preposición que acompaña a cada sustantivo.,La causa del accidente no está clara.,La causa dell'incidente non è chiara.,,,,,
9,s:r15-01d:c,translate,Traducí al italiano. Ojo con la preposición que acompaña a cada sustantivo.,Su amor por los animales es bien conocido.,Il suo amore per gli animali è ben noto.,Il suo amore per gli animali è ben conosciuto. | Il suo amore per gli animali è noto. | Il suo amore per gli animali è risaputo.,,,,
9,s:r15-02:a,translate,Traducí al italiano usando la preposición in con el verbo adecuado.,Tengo que ir a Francia.,Devo andare in Francia.,,,,,
9,s:r15-02:b,translate,Traducí al italiano usando la preposición in con el verbo adecuado.,Tengo que llamar a Italia.,Devo telefonare in Italia.,Devo chiamare in Italia.,,,,
9,s:r15-02:c,translate,Traducí al italiano usando la preposición in con el verbo adecuado.,Voy en avión.,Vado in aereo.,Ci vado in aereo.,,,,
9,s:r15-02:d,translate,Traducí al italiano usando la preposición in con el verbo adecuado.,Entremos al negocio.,Entriamo nel negozio.,Entriamo in negozio.,,,,
9,s:r15-02:e,translate,Traducí al italiano usando la preposición in con el verbo adecuado.,¿Vivís en Inglaterra?,Abiti in Inghilterra?,Vivi in Inghilterra? | Abita in Inghilterra? | Vive in Inghilterra?,,,,
9,s:r15-02:f,translate,Traducí al italiano usando la preposición in con el verbo adecuado.,Está en el cajón. (il cassetto),È nel cassetto.,Sta nel cassetto.,,,,
9,s:r15-02:g,translate,Traducí al italiano usando la preposición in con el verbo adecuado.,Duermo en el tren.,Dormo in treno.,Dormo sul treno.,,,,
9,s:r15-02b:a,cloze,"Completá con di, con a (sola o con artículo) o solo con el artículo, según corresponda.",Il portafoglio è dentro ___ borsa.,la,alla,,,,
9,s:r15-02b:b,cloze,"Completá con di, con a (sola o con artículo) o solo con el artículo, según corresponda.",Dentro ___ me sono molto arrabbiato.,di,,,,,
9,s:r15-02b:c,cloze,"Completá con di, con a (sola o con artículo) o solo con el artículo, según corresponda.",Le scarpe sono dietro ___ porta.,la,alla,,,,
9,s:r15-02b:d,cloze,"Completá con di, con a (sola o con artículo) o solo con el artículo, según corresponda.",Le chiavi sono dietro ___ te.,di,,,,,
9,s:r15-02b:e,cloze,"Completá con di, con a (sola o con artículo) o solo con el artículo, según corresponda.",Oltre ___ te non conosco nessuno.,a,di,,,,
9,s:r15-02c:c,translate,Traducí al italiano. Ojo con la preposición que pide cada adjetivo.,Encantado de conocerte.,Sono lieto di conoscerti.,Sono lieta di conoscerti. | Piacere di conoscerti. | Sono contento di conoscerti. | Sono contenta di conoscerti. | Lieto di conoscerti. | Lieta di conoscerti.,,,,
9,s:r15-02c:e,translate,Traducí al italiano. Ojo con la preposición que pide cada adjetivo.,Es amable conmigo.,È gentile con me.,,,,,
9,s:r15-03:a,translate,Respondé las preguntas en italiano usando in o a.,"A chi devi telefonare? – Tengo que llamar a mi prima que está en Italia, en Roma.","Devo telefonare a mia cugina in Italia, a Roma.","Devo telefonare a mia cugina in Italia a Roma. | Devo chiamare mia cugina in Italia, a Roma. | Devo chiamare mia cugina in Italia a Roma.",,,,
9,s:r15-03:c,translate,Respondé las preguntas en italiano usando in o a.,In quanti siete? – Somos seis.,Siamo in sei.,,,,,
9,s:r15-03c:c,cloze,Completá con el adjetivo y la preposición adecuados.,La vasca del bagno è ___ acqua sporchissima. (llena de),piena di,,,,,
9,s:r15-04:c,cloze,"Completá con la preposición da (sola o articulada) y lo que sigue, según la traducción.",L'aereo parte ___ numero 34. (El avión sale por la puerta número 34.),dall'uscita,,,,,
9,s:r15-04:e,cloze,"Completá con la preposición da (sola o articulada) y lo que sigue, según la traducción.",Non guardare ___. (No mires por la ventana.),dalla finestra,,,,,
9,s:r15-04:g,cloze,"Completá con la preposición da (sola o articulada) y lo que sigue, según la traducción.",Sono qui ___. (Estoy acá desde el sábado.),da sabato,,,,,
9,s:r15-04:h,cloze,"Completá con la preposición da (sola o articulada) y lo que sigue, según la traducción.",Vuoi qualcosa ___? (¿Querés algo para tomar?),da bere,,,,,
9,s:r15-04b:a,cloze,Completá las oraciones con las preposiciones correctas.,"Pietro è bravo ___ scuola, soprattutto ___ italiano e ___ pallavolo.",a | in | a,,,,,
9,s:r15-04b:c,cloze,Completá las oraciones con las preposiciones correctas.,L'appartamento è costituito ___ tre piccole stanze.,da,di,,,,
9,s:r15-06:a,cloze,"¿Adónde vas? Completá «Vado…» con a, da o in, con artículo cuando haga falta.",Vado ___ Italia.,in,,,,,
9,s:r15-06:b,cloze,"¿Adónde vas? Completá «Vado…» con a, da o in, con artículo cuando haga falta.",Vado ___ Sicilia.,in,,,,,
9,s:r15-06:c,cloze,"¿Adónde vas? Completá «Vado…» con a, da o in, con artículo cuando haga falta.",Vado ___ Toscana.,in,,,,,
9,s:r15-06:d,cloze,"¿Adónde vas? Completá «Vado…» con a, da o in, con artículo cuando haga falta.",Vado ___ Capri.,a,,,,,
9,s:r15-06:e,cloze,"¿Adónde vas? Completá «Vado…» con a, da o in, con artículo cuando haga falta.",Vado ___ Bari.,a,,,,,
9,s:r15-06:f,cloze,"¿Adónde vas? Completá «Vado…» con a, da o in, con artículo cuando haga falta.",Vado ___ supermercato. (il supermercato),al,,,,,
9,s:r15-06:g,cloze,"¿Adónde vas? Completá «Vado…» con a, da o in, con artículo cuando haga falta.",Vado ___ Rinascente. (la Rinascente),alla,,,,,
9,s:r15-06:h,cloze,"¿Adónde vas? Completá «Vado…» con a, da o in, con artículo cuando haga falta.",Vado ___ farmacia.,in,,,,,
9,s:r15-06:i,cloze,"¿Adónde vas? Completá «Vado…» con a, da o in, con artículo cuando haga falta.",Vado ___ piscina.,in,,,,,
9,s:r15-06:j,cloze,"¿Adónde vas? Completá «Vado…» con a, da o in, con artículo cuando haga falta.",Vado ___ Franco.,da,,,,,
9,s:r15-06:k,cloze,"¿Adónde vas? Completá «Vado…» con a, da o in, con artículo cuando haga falta.",Vado ___ parrucchiere. (il parrucchiere),dal,,,,,
9,s:r15-06:l,cloze,"¿Adónde vas? Completá «Vado…» con a, da o in, con artículo cuando haga falta.",Vado ___ medico. (il medico),dal,,,,,
9,s:r15-06:m,cloze,"¿Adónde vas? Completá «Vado…» con a, da o in, con artículo cuando haga falta.",Vado ___ zoo. (lo zoo),allo,,,,,
9,s:r15-06:n,cloze,"¿Adónde vas? Completá «Vado…» con a, da o in, con artículo cuando haga falta.",Vado ___ mare. (il mare),al,,,,,
9,s:r15-06:o,cloze,"¿Adónde vas? Completá «Vado…» con a, da o in, con artículo cuando haga falta.",Vado ___ casa.,a,,,,,
9,s:r15-06:p,cloze,"¿Adónde vas? Completá «Vado…» con a, da o in, con artículo cuando haga falta.",Vado ___ campagna.,in,,,,,
9,s:r15-07:a,cloze,"¿Dónde se encuentran? Completá «Ci vediamo…» con a, da o in (con artículo si hace falta).",Ci vediamo ___ casa mia.,a,,,,,
9,s:r15-07:b,cloze,"¿Dónde se encuentran? Completá «Ci vediamo…» con a, da o in (con artículo si hace falta).",Ci vediamo ___ biblioteca.,in,,,,,
9,s:r15-07:c,cloze,"¿Dónde se encuentran? Completá «Ci vediamo…» con a, da o in (con artículo si hace falta).",Ci vediamo ___ Franca.,da,,,,,
9,s:r15-07:d,cloze,"¿Dónde se encuentran? Completá «Ci vediamo…» con a, da o in (con artículo si hace falta).",Ci vediamo ___ fermata dell'autobus. (la fermata),alla,,,,,
9,s:r15-07:e,cloze,"¿Dónde se encuentran? Completá «Ci vediamo…» con a, da o in (con artículo si hace falta).",Ci vediamo ___ trattoria.,in,,,,,
9,s:r15-07:f,cloze,"¿Dónde se encuentran? Completá «Ci vediamo…» con a, da o in (con artículo si hace falta).",Ci vediamo ___ mia sorella.,da,,,,,
9,s:r15-07:g,cloze,"¿Dónde se encuentran? Completá «Ci vediamo…» con a, da o in (con artículo si hace falta).",Ci vediamo ___ bar. (il bar),al,,,,,
9,s:r15-07:h,cloze,"¿Dónde se encuentran? Completá «Ci vediamo…» con a, da o in (con artículo si hace falta).",Ci vediamo ___ banca.,in,,,,,
9,s:r15-07:i,cloze,"¿Dónde se encuentran? Completá «Ci vediamo…» con a, da o in (con artículo si hace falta).",Ci vediamo ___ fruttivendolo. (il fruttivendolo),dal,,,,,
9,s:r15-07:j,cloze,"¿Dónde se encuentran? Completá «Ci vediamo…» con a, da o in (con artículo si hace falta).",Ci vediamo ___ ristorante. (il ristorante),al,,,,,
9,s:r15-07:k,cloze,"¿Dónde se encuentran? Completá «Ci vediamo…» con a, da o in (con artículo si hace falta).",Ci vediamo ___ ‘Gigino’.,da,,,,,
9,s:r15-07:l,cloze,"¿Dónde se encuentran? Completá «Ci vediamo…» con a, da o in (con artículo si hace falta).",Ci vediamo ___ centro.,in,,,,,
9,s:r15-08:b,translate,Traducí al italiano estas expresiones con di.,la casa de Mauro,la casa di Mauro,,,,,
9,s:r15-08:d,translate,Traducí al italiano estas expresiones con di.,un aumento de 2.000 euros,un aumento di 2.000 euro,un aumento di 2000 euro | un aumento di duemila euro,,,,
9,s:r15-08:e,translate,Traducí al italiano estas expresiones con di.,una botella de dos litros,una bottiglia di due litri,una bottiglia da due litri | una bottiglia di 2 litri | una bottiglia da 2 litri,,,,
9,s:r15-08:f,translate,Traducí al italiano estas expresiones con di.,un día de invierno,una giornata d'inverno,una giornata di inverno | un giorno d'inverno | un giorno di inverno,,,,
9,s:r15-09:a,translate,Traducí al italiano.,un profesor de idiomas,un insegnante di lingue,un professore di lingue | un docente di lingue,,,,
9,s:r15-09:b,translate,Traducí al italiano.,la esposa del primer ministro,la moglie del primo ministro,,,,,
9,s:r15-09:d,translate,Traducí al italiano.,una nena de diez años,una bambina di dieci anni,una bambina di 10 anni | una ragazzina di dieci anni | una ragazza di dieci anni,,,,
9,s:r15-09:e,translate,Traducí al italiano.,el vuelo de las ocho,il volo delle otto,il volo delle 8,,,,
9,s:r15-09:f,translate,Traducí al italiano.,un viaje de cinco horas,un viaggio di cinque ore,un viaggio di 5 ore,,,,
9,s:r15-09:g,translate,Traducí al italiano.,las ocho de la noche,le otto di sera,le 8 di sera | le otto della sera | le 8 della sera,,,,
9,s:r15-10:a,cloze,Completá con la preposición correcta: di o da.,Vuoi una tazza ___ caffè o preferisci un tè?,di,,,,,
9,s:r15-10:c,cloze,Completá con la preposición correcta: di o da.,Ho bisogno di due francobolli ___ un euro.,da,,,,,
9,s:r15-10:e,cloze,Completá con la preposición correcta: di o da.,"Gina è ___ Pisa, è pisana.",di,,,,,
9,s:r15-11:a,cloze,"Completá las prendas y objetos con di, a o da: a indica diseño o forma, da para qué sirve, di de qué está hecho.",un anello ___ oro (un anillo de oro),d',di,,,,
9,s:r15-11:b,cloze,"Completá las prendas y objetos con di, a o da: a indica diseño o forma, da para qué sirve, di de qué está hecho.",un abito ___ sera (un vestido de noche),da,,,,,
9,s:r15-11:c,cloze,"Completá las prendas y objetos con di, a o da: a indica diseño o forma, da para qué sirve, di de qué está hecho.",una gonna ___ fiori (una pollera floreada),a,,,,,
9,s:r15-11:d,cloze,"Completá las prendas y objetos con di, a o da: a indica diseño o forma, da para qué sirve, di de qué está hecho.",un cappello ___ paglia (un sombrero de paja),di,,,,,
9,s:r15-11:e,cloze,"Completá las prendas y objetos con di, a o da: a indica diseño o forma, da para qué sirve, di de qué está hecho.",occhiali ___ sole (anteojos de sol),da,,,,,
9,s:r15-11:f,cloze,"Completá las prendas y objetos con di, a o da: a indica diseño o forma, da para qué sirve, di de qué está hecho.",una camicia ___ quadretti (una camisa a cuadros),a,,,,,
9,s:r15-13:a,translate,"Respondé en italiano, usando per donde corresponda.",Che lavoro fa? – Trabajo para una compañía aérea. (una compagnia aerea),Lavoro per una compagnia aerea.,,,,,
9,s:r15-13:b,translate,"Respondé en italiano, usando per donde corresponda.","Lei è qui in vacanza? – No, estoy acá por trabajo.","No, sono qui per lavoro.","No sono qui per lavoro. | No, sono qui per affari. | No sono qui per affari.",,,,
9,s:r15-13:c,translate,"Respondé en italiano, usando per donde corresponda.",Lei per che cosa è qui? – Estoy acá para aprender italiano. Es por mi trabajo.,Sono qui per imparare l'italiano. È per il mio lavoro.,"Sono qui per imparare l'italiano. È per lavoro. | Sono qui per imparare l'italiano, è per il mio lavoro. | Sono qui per imparare l'italiano è per il mio lavoro.",,,,
9,s:r15-13:d,translate,"Respondé en italiano, usando per donde corresponda.",Quanto si trattiene a Milano? – Me quedo un mes. (mi trattengo),Mi trattengo per un mese.,Mi trattengo un mese.,,,,
9,s:r15-13:e,translate,"Respondé en italiano, usando per donde corresponda.","È libero domani? – Lo siento, tengo muchas citas para mañana.","Mi dispiace, ho molti appuntamenti per domani.","Mi dispiace ho molti appuntamenti per domani. | Mi dispiace, ho tanti appuntamenti per domani. | Mi dispiace ho tanti appuntamenti per domani. | Mi dispiace, ho molti impegni per domani. | Mi dispiace ho molti impegni per domani.",,,,
9,s:r15-20:a,cloze,"Reemplazá in o da por con, con los cambios necesarios.",Andiamo in macchina. → Andiamo ___ macchina.,con la,,,,,
9,s:r15-20:c,cloze,"Reemplazá in o da por con, con los cambios necesarios.",È un uomo alto dai baffi lunghi. → È un uomo alto ___ baffi lunghi.,con i,coi,,,,
9,s:r15-20:d,cloze,"Reemplazá in o da por con, con los cambios necesarios.",È una signora elegante dai capelli biondi tinti. → È una signora elegante ___ capelli biondi tinti.,con i,coi,,,,
9,s:r15-21:c,cloze,"Completá con su (sola o articulada) y lo que sigue, según la traducción.",‘Il ponte ___’ è un film piuttosto vecchio. (El puente sobre el río Kwai),sul fiume Kwai,,,,,
9,s:r15-21:d,cloze,"Completá con su (sola o articulada) y lo que sigue, según la traducción.",È un film ___ in Giappone. (Es una película sobre la guerra en Japón.),sulla guerra,,,,,
9,s:r15-21:f,cloze,"Completá con su (sola o articulada) y lo que sigue, según la traducción.",Il viaggio costa ___ due milioni. (El viaje cuesta alrededor de dos millones.),sui,,,,,
9,s:r15-22:a,cloze,"Completá con fra (o tra) y lo que sigue, según la traducción.",Arrivo ___. (Llego entre las cinco y las seis.),fra le cinque e le sei,tra le cinque e le sei,,,,
9,s:r15-22:b,cloze,"Completá con fra (o tra) y lo que sigue, según la traducción.",Arrivo ___. (Llego dentro de una semana.),fra una settimana,tra una settimana,,,,
9,s:r15-22:d,cloze,"Completá con fra (o tra) y lo que sigue, según la traducción.","___ preferisco Luciano. (De todos mis primos, prefiero a Luciano.)",Fra i miei cugini,Tra i miei cugini,,,,
9,s:r15-22:e,cloze,"Completá con fra (o tra) y lo que sigue, según la traducción.",L'incrocio si trova ___. (El cruce está a dos kilómetros.),fra due chilometri,tra due chilometri,,,,
9,s:r15-22:f,cloze,"Completá con fra (o tra) y lo que sigue, según la traducción.",La nuova casa si trova ___ e Livorno. (La casa nueva está entre Génova y Livorno.),fra Genova,tra Genova,,,,
9,s:r15-22:g,cloze,"Completá con fra (o tra) y lo que sigue, según la traducción.",Si vede la casa ___. (Se ve la casa entre los árboles.),fra gli alberi,tra gli alberi,,,,
9,s:r15-22:h,cloze,"Completá con fra (o tra) y lo que sigue, según la traducción.",___ c'è un'intesa speciale. (Entre ellos hay un entendimiento especial.),Fra di loro,Tra di loro | Fra loro | Tra loro,,,,
9,s:r17-01b:e,translate,"Traducí al italiano, con los números en letras.",el vigésimo aniversario,il ventesimo anniversario,,,,,
9,s:r17-01b:g,translate,"Traducí al italiano, con los números en letras.",el siglo VIII d. C.,l'ottavo secolo d.C.,l'ottavo secolo dopo Cristo | l'VIII secolo d.C. | l'ottavo secolo d. C. | l'VIII secolo dopo Cristo,,,,
9,s:r18-01b:g,translate,"Traducí al italiano usando al menos una vez cada verbo: alzarsi, bere, dire, essere, fare, fare colazione, riuscire a, sentire, uscire.",No puedo abrir la ventana.,Non riesco ad aprire la finestra.,Non riesco a aprire la finestra.,,,,
9,s:r18-01c:b,cloze,Respondé con el presente de los verbos dados (también podés usar stare + gerundio).,"Posso parlarti un attimo? – No, mi dispiace, ___ un rapporto. (leggere)",sto leggendo,leggo,,,,
9,s:r18-02:b,cloze,Pasá el verbo a la persona indicada y escribí su infinitivo.,Vado raramente all'estero. (io → noi): ___ raramente all'estero. (infinitivo: ___),Andiamo | andare,,,,,
9,s:r18-02b:d,translate,Traducí al italiano.,"Sé que tienen que llegar alrededor de las once, pero suelen llegar tarde. (fare tardi)","So che devono arrivare verso le undici, ma di solito fanno tardi.","So che devono arrivare verso le undici ma di solito fanno tardi. | So che dovrebbero arrivare verso le undici, ma di solito fanno tardi. | So che dovrebbero arrivare verso le undici ma di solito fanno tardi. | So che devono arrivare intorno alle undici, ma di solito fanno tardi. | So che devono arrivare intorno alle undici ma di solito fanno tardi. | So che dovrebbero arrivare intorno alle undici, ma di solito fanno tardi. | So che dovrebbero arrivare intorno alle undici ma di solito fanno tardi. | So che devono arrivare verso le undici, ma fanno sempre tardi. | So che devono arrivare verso le undici ma fanno sempre tardi.",,,,
10,d08-001,cloze,"Escribí el pronombre personal sujeto que reemplaza a las palabras (hablando de ellos, salvo que diga que les hablás).",i bambini (los chicos) → ___,loro,essi,,,,
10,d08-002,cloze,"Escribí el pronombre personal sujeto que reemplaza a las palabras (hablando de ellos, salvo que diga que les hablás).",Marco e Giulia → ___,loro,essi,,,,
10,d08-003,cloze,"Escribí el pronombre personal sujeto que reemplaza a las palabras (hablando de ellos, salvo que diga que les hablás).",tu e gli altri (vos y los demás) → ___,voi,,,,,
10,d08-004,cloze,"Escribí el pronombre personal sujeto que reemplaza a las palabras (hablando de ellos, salvo que diga que les hablás).",il signor Rossi (el señor Rossi) → ___,lui,egli,,,,
10,d08-005,cloze,"Escribí el pronombre personal sujeto que reemplaza a las palabras (hablando de ellos, salvo que diga que les hablás).","(le hablás a él, de usted) Dottor Bianchi → ___",Lei,,,,,
10,d08-006,cloze,"Escribí el pronombre personal sujeto que reemplaza a las palabras (hablando de ellos, salvo que diga que les hablás).",(les hablás a ellos) Signori e signore (señoras y señores) → ___,voi,Loro,,,,
10,d08-007,cloze,"Escribí el pronombre personal sujeto que reemplaza a las palabras (hablando de ellos, salvo que diga que les hablás).",la gatta (la gata) → ___,lei,essa,,,,
10,d08-008,cloze,"Escribí el pronombre personal sujeto que reemplaza a las palabras (hablando de ellos, salvo que diga que les hablás).",io ed un gruppo di amici (yo y un grupo de amigos) → ___,noi,,,,,
10,d08-009,cloze,"Escribí el pronombre personal sujeto que reemplaza a las palabras (hablando de ellos, salvo que diga que les hablás).",(les hablás) Ragazzi (chicos) → ___,voi,,,,,
10,d08-010,cloze,"Escribí el pronombre personal sujeto que reemplaza a las palabras (hablando de ellos, salvo que diga que les hablás).",(le hablás) Mamma (mamá) → ___,tu,,,,,
10,d08-011,cloze,"Escribí el pronombre de objeto directo (lo, la, li, le, ci, vi…) que reemplaza a las palabras.",l’albero (el árbol) → ___,lo,,,,,
10,d08-012,cloze,"Escribí el pronombre de objeto directo (lo, la, li, le, ci, vi…) que reemplaza a las palabras.",i fiori (las flores) → ___,li,,,,,
10,d08-013,cloze,"Escribí el pronombre de objeto directo (lo, la, li, le, ci, vi…) que reemplaza a las palabras.",le ragazze (las chicas) → ___,le,,,,,
10,d08-014,cloze,"Escribí el pronombre de objeto directo (lo, la, li, le, ci, vi…) que reemplaza a las palabras.",te e me (a vos y a mí) → ___,ci,,,,,
10,d08-015,cloze,"Escribí el pronombre de objeto directo (lo, la, li, le, ci, vi…) que reemplaza a las palabras.",gli studenti (los estudiantes) → ___,li,,,,,
10,d08-016,cloze,"Escribí el pronombre de objeto directo (lo, la, li, le, ci, vi…) que reemplaza a las palabras.",i gatti e le gatte (los gatos y las gatas) → ___,li,,,,,
10,d08-017,cloze,"Escribí el pronombre de objeto directo (lo, la, li, le, ci, vi…) que reemplaza a las palabras.","signori e signore (señoras y señores, hablando de ellos) → ___",li,,,,,
10,d08-018,cloze,"Escribí el pronombre de objeto directo (lo, la, li, le, ci, vi…) que reemplaza a las palabras.",il museo (el museo) → ___,lo,,,,,
10,d08-019,cloze,"Escribí el pronombre de objeto directo (lo, la, li, le, ci, vi…) que reemplaza a las palabras.",Giovanni → ___,lo,,,,,
10,d08-020,cloze,"Escribí el pronombre de objeto directo (lo, la, li, le, ci, vi…) que reemplaza a las palabras.",la mamma (la mamá) → ___,la,,,,,
10,d08-021,cloze,Escribí en italiano el pronombre de objeto indirecto (una sola palabra).,a ellos → ___,gli,loro,,,,
10,d08-022,cloze,Escribí en italiano el pronombre de objeto indirecto (una sola palabra).,para mí → ___,mi,,,,,
10,d08-023,cloze,Escribí en italiano el pronombre de objeto indirecto (una sola palabra).,a ella → ___,le,,,,,
10,d08-024,cloze,Escribí en italiano el pronombre de objeto indirecto (una sola palabra).,a nosotros → ___,ci,,,,,
10,d08-025,cloze,Escribí en italiano el pronombre de objeto indirecto (una sola palabra).,para ellos → ___,gli,loro,,,,
10,d08-026,cloze,Escribí en italiano el pronombre de objeto indirecto (una sola palabra).,a ustedes → ___,vi,,,,,
10,d08-027,cloze,Escribí en italiano el pronombre de objeto indirecto (una sola palabra).,para vos y para mí → ___,ci,,,,,
10,d08-028,cloze,Escribí en italiano el pronombre de objeto indirecto (una sola palabra).,a él → ___,gli,,,,,
10,d08-029,cloze,Escribí en italiano el pronombre de objeto indirecto (una sola palabra).,a vos → ___,ti,,,,,
10,d08-030,cloze,Escribí en italiano el pronombre de objeto indirecto (una sola palabra).,para él y para ella → ___,gli,loro,,,,
10,s:r07-01e:a,cloze,"Reescribí las oraciones empezando con la frase dada, cambiando el verbo y ubicando bien los pronombres.",Ti vedo più tardi. → Preferisco ___ più tardi.,vederti,,,,,
10,s:r07-01e:b,cloze,"Reescribí las oraciones empezando con la frase dada, cambiando el verbo y ubicando bien los pronombres.",Mi diverto al mare. → Ho intenzione di ___ al mare.,divertirmi,,,,,
10,s:r07-01e:c,cloze,"Reescribí las oraciones empezando con la frase dada, cambiando el verbo y ubicando bien los pronombres.",Ci vediamo giovedì. → Non so se ___ giovedì.,ci vediamo,ci vedremo,,,,
10,s:r07-01e:d,cloze,"Reescribí las oraciones empezando con la frase dada, cambiando el verbo y ubicando bien los pronombres.",Ci vediamo giovedì. → È importante ___ giovedì.,vederci,che ci vediamo,,,,
10,s:r07-01e:e,cloze,"Reescribí las oraciones empezando con la frase dada, cambiando el verbo y ubicando bien los pronombres.",Edda ci va domani. → So che Edda ___ domani.,ci va,,,,,
10,s:r07-01e:f,cloze,"Reescribí las oraciones empezando con la frase dada, cambiando el verbo y ubicando bien los pronombres.",Ci va domani. → È meglio ___ domani.,andarci,,,,,
10,s:r07-01f:a,cloze,Completá con pronombres tónicos (los que van después de preposición).,"C'è una lettera per ___ (mí) e una fattura per ___ (usted), dottore.",me | Lei,,,,,
10,s:r07-01f:b,cloze,Completá con pronombres tónicos (los que van después de preposición).,Esci con ___ (ellos) stasera o solo con ___ (ella)?,loro | lei,,,,,
10,s:r07-01f:c,cloze,Completá con pronombres tónicos (los que van después de preposición).,"Vuoi venire da ___ (a mi casa) o devi andare da ___ (a su casa, de él)?",me | lui,,,,,
10,s:r07-01f:d,cloze,Completá con pronombres tónicos (los que van después de preposición).,"Secondo ___ (nosotros) è pericoloso farlo, e secondo ___ (ustedes)?",noi | voi,,,,,
10,s:r07-02:a,cloze,"Enfatizá, contrastá y contradecí: completá con el pronombre sujeto adecuado.",Javier e Fiona di dove sono? – ___ (él) è spagnolo e ___ (ella) è scozzese.,Lui | lei,,,,,
10,s:r07-02:b,cloze,"Enfatizá, contrastá y contradecí: completá con el pronombre sujeto adecuado.","Venite anche ___ (ustedes)? – No, ___ (nosotros) non veniamo, viene solo Marco.",voi | noi,,,,,
10,s:r07-02:d,cloze,"Enfatizá, contrastá y contradecí: completá con el pronombre sujeto adecuado.","È un bel giardino, lo cura ___ (usted), signora, o suo marito? – Lo curiamo ___ (nosotros) due.",Lei | noi,,,,,
10,s:r07-02c:a,cloze,Reemplazá el sustantivo por el pronombre de objeto directo correcto.,"I pantaloni bianchi sono bellissimi, perché non ___ compri?",li,,,,,
10,s:r07-02c:b,cloze,Reemplazá el sustantivo por el pronombre de objeto directo correcto.,"Quella macchina costa poco, ho intenzione di comprar___.",la,,,,,
10,s:r07-02c:c,cloze,Reemplazá el sustantivo por el pronombre de objeto directo correcto.,"Conosce mio figlio? – No, non ___ conosco.",lo,,,,,
10,s:r07-02c:d,cloze,Reemplazá el sustantivo por el pronombre de objeto directo correcto.,"Conoscete le mie cugine? – Certo, ___ conosciamo da molto tempo.",le,,,,,
10,s:r07-02f:c,cloze,Reemplazá los sustantivos por pronombres y ubicalos correctamente (con el gerundio van pegados).,"È caduto, lasciando cadere i bicchieri. → È caduto, ___ cadere.",lasciandoli,,,,,
10,s:r07-02f:d,cloze,Reemplazá los sustantivos por pronombres y ubicalos correctamente (con el gerundio van pegados).,Sto leggendo un racconto a mio figlio. → ___ un racconto. (reemplazá «a mio figlio»),Gli sto leggendo,Sto leggendogli,,,,
10,s:r07-02g:a,cloze,"Uní las dos oraciones con «o» (a y b) o con «e anche» (c y d), usando pronombres tónicos.",Mi porti al cinema? Lo porti al cinema? → Porti al cinema ___? (¿Me llevás a mí o a él al cine?),me o lui,,,,,
10,s:r07-02g:b,cloze,"Uní las dos oraciones con «o» (a y b) o con «e anche» (c y d), usando pronombres tónicos.",Le vuoi telefonare? Gli vuoi telefonare? → Vuoi telefonare ___? (¿Querés llamarla a ella o llamarlo a él?),a lei o a lui,,,,,
10,s:r07-03:a,cloze,Aclarar las cosas: completá en italiano la parte que está en castellano.,"Mina ed Elena, siete voi? – No, ___. (somos nosotras, Marta e Ida)","siamo noi, Marta e Ida",,,,,
10,s:r07-03:b,cloze,Aclarar las cosas: completá en italiano la parte que está en castellano.,"Sei tu, Dario? – No, ___. (soy yo, Giuseppe)","sono io, Giuseppe",,,,,
10,s:r07-03:c,cloze,Aclarar las cosas: completá en italiano la parte que está en castellano.,Chi è che vuole una caramella? – ___. (Yo no),Io no,Non io,,,,
10,s:r07-03:d,cloze,Aclarar las cosas: completá en italiano la parte que está en castellano.,"Noi andiamo al cinema, ___? (¿y ustedes dos?)",e voi due,,,,,
10,s:r07-03:e,cloze,Aclarar las cosas: completá en italiano la parte que está en castellano.,Chi è che viene domani? – ___. (Yo y mi hermana),Io e mia sorella,Mia sorella e io,,,,
10,s:r07-03:f,cloze,Aclarar las cosas: completá en italiano la parte que está en castellano.,"Chi è che fa quel rumore? Sei tu? – No, ___. (son ellos, los vecinos)","sono loro, i vicini",,,,,
10,s:r07-03c:a,cloze,Poné el pronombre que corresponde a la persona indicada.,"Angelo, ___ posso aiutare? (vos)",ti,,,,,
10,s:r07-03c:b,cloze,Poné el pronombre que corresponde a la persona indicada.,"Arriveder___, signore, ___ richiamerò più tardi. (usted)",La | La,,,,,
10,s:r07-03c:c,cloze,Poné el pronombre que corresponde a la persona indicada.,"Ragazzi, ___ ringrazio per la bella serata. (ustedes)",vi,,,,,
10,s:r07-03c:d,cloze,Poné el pronombre que corresponde a la persona indicada.,"___ accompagno io, Signora Rossi. (usted)",La,,,,,
10,s:r07-03f:a,cloze,"En estas órdenes, reemplazá los sustantivos por pronombres y ubicalos correctamente.","Gianna, manda la lettera. → Gianna, ___.",mandala,,,,,
10,s:r07-03f:c,cloze,"En estas órdenes, reemplazá los sustantivos por pronombres y ubicalos correctamente.","Ragazzi, parlate di questo oggi. → Ragazzi, ___ oggi.",parlatene,,,,,
10,s:r07-03f:d,cloze,"En estas órdenes, reemplazá los sustantivos por pronombres y ubicalos correctamente.","Signore, parli a nostro figlio domani. → Signore, ___ domani.",gli parli,,,,,
10,s:r07-03g:a,choice,"Elegí el pronombre adecuado: sé, lui, lei o loro.","Eduardo è proprio noioso, parla sempre di ___. (sí mismo)",sé,,sé | lui | lei | loro,,,
10,s:r07-03g:b,choice,"Elegí el pronombre adecuado: sé, lui, lei o loro.","Angela è veramente innamorata, parla sempre di ___. (él)",lui,,sé | lui | lei | loro,,,
10,s:r07-03g:c,choice,"Elegí el pronombre adecuado: sé, lui, lei o loro.","Sono piuttosto antipatici, parlano sempre male di ___. (ella)",lei,,sé | lui | lei | loro,,,
10,s:r07-03g:d,choice,"Elegí el pronombre adecuado: sé, lui, lei o loro.","Ida è abbastanza egoista, pensa solo a ___. (sí misma)",sé,,sé | lui | lei | loro,,,
10,s:r07-03g:e,choice,"Elegí el pronombre adecuado: sé, lui, lei o loro.",I miei figli vogliono sempre fare tutto da ___. (ellos mismos),sé,,sé | lui | lei | loro,,,
10,s:r07-03g:f,choice,"Elegí el pronombre adecuado: sé, lui, lei o loro.","Amalia vizia i figli, fa proprio tutto per ___. (ellos)",loro,,sé | lui | lei | loro,,,
10,s:r07-04b:c,cloze,Reemplazá la frase por uno o dos pronombres.,"Tu dici che sono tutti disonesti? – Certo, è ovvio che ___ sono!",lo,,,,,
10,s:r07-04b:d,cloze,Reemplazá la frase por uno o dos pronombres.,Hai la chiave? – Sì ___ ho.,ce l',,,,,
10,s:r07-04e:a,cloze,Da lo mismo: reescribí cada oración cambiando la posición del pronombre.,Mi sai dire se la cena è pronta? → ___ se la cena è pronta?,Sai dirmi,,,,,
10,s:r07-04e:b,cloze,Da lo mismo: reescribí cada oración cambiando la posición del pronombre.,Mi voglio lavare le mani. → ___ le mani.,Voglio lavarmi,,,,,
10,s:r07-04e:c,cloze,Da lo mismo: reescribí cada oración cambiando la posición del pronombre.,Lo devo finire stasera. → ___ stasera.,Devo finirlo,,,,,
10,s:r07-04e:d,cloze,Da lo mismo: reescribí cada oración cambiando la posición del pronombre.,Non li posso aiutare. → ___.,Non posso aiutarli,,,,,
10,s:r07-04e:e,cloze,Da lo mismo: reescribí cada oración cambiando la posición del pronombre.,Non lo toccare! → ___!,Non toccarlo,,,,,
10,s:r07-04e:f,cloze,Da lo mismo: reescribí cada oración cambiando la posición del pronombre.,Non ti preoccupare. → ___.,Non preoccuparti,,,,,
10,s:r07-04f:b,choice,Decidí si el pronombre marcado es un pronombre sujeto o un pronombre tónico (después de preposición o como objeto).,È la sua vera storia raccontata da «lei stessa».,tónico,,sujeto | tónico,,,
10,s:r07-04f:c,choice,Decidí si el pronombre marcado es un pronombre sujeto o un pronombre tónico (después de preposición o como objeto).,«Conosci te stesso» è un motto greco.,tónico,,sujeto | tónico,,,
10,s:r07-04f:d,choice,Decidí si el pronombre marcado es un pronombre sujeto o un pronombre tónico (después de preposición o como objeto).,È inutile biasimare gli altri: «tu stesso» sei il problema.,sujeto,,sujeto | tónico,,,
10,s:r07-04f:e,choice,Decidí si el pronombre marcado es un pronombre sujeto o un pronombre tónico (después de preposición o como objeto).,Sono disposto ad andare «io stesso» a prenderti.,sujeto,,sujeto | tónico,,,
10,s:r07-04f:f,choice,Decidí si el pronombre marcado es un pronombre sujeto o un pronombre tónico (después de preposición o como objeto).,Il blog s'intitola «Lettere a me stesso».,tónico,,sujeto | tónico,,,
10,s:r07-05b:a,translate,"Respondé en italiano, usando un pronombre de objeto directo.","Ascolti spesso la radio? – (Sí, la escucho seguido.)","Sì, la ascolto spesso.","Sì, l'ascolto spesso.",,,,
10,s:r07-05b:c,translate,"Respondé en italiano, usando un pronombre de objeto directo.",Da quanto tempo aspetti il treno? – (Lo espero desde hace una hora.),Lo aspetto da un'ora.,,,,,
10,s:r07-06:b,cloze,Reemplazá la persona por el pronombre de objeto indirecto correcto.,Devi restituire i soldi a Rina. ___ devi restituire i soldi domani.,Le,,,,,
10,s:r07-06:c,cloze,Reemplazá la persona por el pronombre de objeto indirecto correcto.,Anna deve 100 euro a suo fratello. Purtroppo ___ deve 100 euro.,gli,,,,,
10,s:r07-07:a,cloze,"Poné el pronombre correcto para «vos», «usted» o «ustedes».","Signore, ___ piace il nuovo modello?",Le,,,,,
10,s:r07-07:b,cloze,"Poné el pronombre correcto para «vos», «usted» o «ustedes».","Signora, ___ posso dare una mano?",Le,,,,,
10,s:r07-07:c,cloze,"Poné el pronombre correcto para «vos», «usted» o «ustedes».","Ragazzi, ___ devo chiedere aiuto.",vi,,,,,
10,s:r07-07:d,cloze,"Poné el pronombre correcto para «vos», «usted» o «ustedes».","Carlo, ___ presento mio marito.",ti,,,,,
10,s:r07-07:e,cloze,"Poné el pronombre correcto para «vos», «usted» o «ustedes».","Signori, ___ posso offrire da bere?",vi,,,,,
10,s:r07-08:a,cloze,"Una mano: completá con el pronombre correcto, guiándote por el castellano.",___ puoi aggiustare i freni? (¿Me arreglás los frenos?),Mi,,,,,
10,s:r07-08:c,cloze,"Una mano: completá con el pronombre correcto, guiándote por el castellano.",___ può cambiare 1.000 euro? (¿Nos puede cambiar 1.000 euros?),Ci,,,,,
10,s:r07-10:c,translate,Traducí al italiano.,"Dario, tenés que contestarles (a las chicas) enseguida.","Dario, devi rispondergli subito.","Dario, devi rispondergli immediatamente. | Dario, gli devi rispondere subito. | Dario, gli devi rispondere immediatamente. | Dario, devi rispondere loro subito. | Dario, devi rispondere loro immediatamente.",,,,
10,s:r07-13:a,cloze,"Poné el pronombre formal o plural correcto, eligiendo entre objeto directo e indirecto.","___ ringrazio tanto, signore.",La,,,,,
10,s:r07-13:b,cloze,"Poné el pronombre formal o plural correcto, eligiendo entre objeto directo e indirecto.","Signore, ___ mando la conferma domani.",Le,,,,,
10,s:r07-13:c,cloze,"Poné el pronombre formal o plural correcto, eligiendo entre objeto directo e indirecto.","Signora Rodolfi, ___ disturbo?",La,,,,,
10,s:r07-13:d,cloze,"Poné el pronombre formal o plural correcto, eligiendo entre objeto directo e indirecto.","Signora, ___ dispiace se torno più tardi?",Le,,,,,
10,s:r07-13:e,cloze,"Poné el pronombre formal o plural correcto, eligiendo entre objeto directo e indirecto.","___ dispiace aspettare, signori?",Vi,,,,,
10,s:r07-13:f,cloze,"Poné el pronombre formal o plural correcto, eligiendo entre objeto directo e indirecto.","Signore, ___ prego di tornare domani.",La,,,,,
10,s:r07-14:b,translate,Traducí al italiano; el verbo indicado te ayuda a elegir entre objeto directo e indirecto.,Tenemos que convencerla de que ayude. (convincere qualcuno a),Dobbiamo convincerla ad aiutare.,La dobbiamo convincere ad aiutare.,,,,
10,s:r07-14:c,translate,Traducí al italiano; el verbo indicado te ayuda a elegir entre objeto directo e indirecto.,No podés obligarlo a venir. (costringere qualcuno a),Non puoi costringerlo a venire.,Non lo puoi costringere a venire.,,,,
10,s:r07-14:d,translate,Traducí al italiano; el verbo indicado te ayuda a elegir entre objeto directo e indirecto.,Le permití (a él) ir a la fiesta. (permettere a qualcuno di),Gli ho permesso di andare alla festa.,,,,,
10,s:r07-15:b,cloze,Completá con el pronombre de objeto directo o indirecto adecuado.,"Non c'è problema, ___ convincerò a pagare. (a él)",lo,,,,,
11,b2-pass-02,choice,Elegí el auxiliar correcto.,Ieri ___ al cinema.,sono andato,,sono andato | ho andato | sono andare,,,
11,b2-pass-03,choice,Elegí el auxiliar correcto.,___ molto ieri sera.,È piovuto,,Ho piovuto | È piovuto | Sono piovuto,,,
11,b2-pass-04,cloze,Completá con el passato prossimo.,Loro ___ (dovere) partire presto.,hanno dovuto,sono dovuti | sono dovute,,,,
11,d16-001,cloze,Escribí el participio pasado (participio passato) del verbo. Ojo: algunos son irregulares.,pagare → ___,pagato,,,,,
11,d16-002,cloze,Escribí el participio pasado (participio passato) del verbo. Ojo: algunos son irregulares.,vedere → ___,visto,veduto,,,,
11,d16-003,cloze,Escribí el participio pasado (participio passato) del verbo. Ojo: algunos son irregulares.,mangiare → ___,mangiato,,,,,
11,d16-004,cloze,Escribí el participio pasado (participio passato) del verbo. Ojo: algunos son irregulares.,finire → ___,finito,,,,,
11,d16-005,cloze,Escribí el participio pasado (participio passato) del verbo. Ojo: algunos son irregulares.,fare → ___,fatto,,,,,
11,d16-006,cloze,Escribí el participio pasado (participio passato) del verbo. Ojo: algunos son irregulares.,prendere → ___,preso,,,,,
11,d16-007,cloze,Escribí el participio pasado (participio passato) del verbo. Ojo: algunos son irregulares.,capire → ___,capito,,,,,
11,d16-008,cloze,Escribí el participio pasado (participio passato) del verbo. Ojo: algunos son irregulares.,leggere → ___,letto,,,,,
11,d16-009,cloze,Escribí el participio pasado (participio passato) del verbo. Ojo: algunos son irregulares.,scrivere → ___,scritto,,,,,
11,d16-010,cloze,Escribí el participio pasado (participio passato) del verbo. Ojo: algunos son irregulares.,ripetere → ___,ripetuto,,,,,
11,d16-011,cloze,Completá con el passato prossimo del verbo entre paréntesis (auxiliar avere + participio).,Tu ___ (leggere) il libro?,hai letto,,,,,
11,d16-012,cloze,Completá con el passato prossimo del verbo entre paréntesis (auxiliar avere + participio).,Ieri loro ___ (vedere) un bel film.,hanno visto,,,,,
11,d16-013,cloze,Completá con el passato prossimo del verbo entre paréntesis (auxiliar avere + participio).,Riccardo ___ (perdere) i documenti.,ha perso,,,,,
11,d16-014,cloze,Completá con el passato prossimo del verbo entre paréntesis (auxiliar avere + participio).,Tu ed io ___ (rispondere) alle domande.,abbiamo risposto,,,,,
11,d16-015,cloze,Completá con el passato prossimo del verbo entre paréntesis (auxiliar avere + participio).,I bambini ___ (guardare) la tivvù oggi?,hanno guardato,,,,,
11,d16-016,cloze,Completá con el passato prossimo del verbo entre paréntesis (auxiliar avere + participio).,Mario e Paolo ___ (chiudere) il negozio.,hanno chiuso,,,,,
11,d16-017,cloze,Completá con el passato prossimo del verbo entre paréntesis (auxiliar avere + participio).,Voi ___ (prendere) un caffè bello caldo.,avete preso,,,,,
11,d16-018,cloze,Completá con el passato prossimo del verbo entre paréntesis (auxiliar avere + participio).,I genitori ___ (dire) di no.,hanno detto,,,,,
11,d16-019,cloze,Completá con el passato prossimo del verbo entre paréntesis (auxiliar avere + participio).,"Tu ___ (avere) una risposta da loro, vero?",hai avuto,,,,,
11,d16-020,cloze,Completá con el passato prossimo del verbo entre paréntesis (auxiliar avere + participio).,Le ragazze non ___ (trovare) il gattino.,hanno trovato,,,,,
11,d16-021,cloze,"Escribí el pronombre de objeto directo (lo, la, li, le, vi…) que reemplaza a estas palabras.",le scuole → ___,le,,,,,
11,d16-022,cloze,"Escribí el pronombre de objeto directo (lo, la, li, le, vi…) que reemplaza a estas palabras.",gli amici → ___,li,,,,,
11,d16-023,cloze,"Escribí el pronombre de objeto directo (lo, la, li, le, vi…) que reemplaza a estas palabras.",il negozio → ___,lo,,,,,
11,d16-024,cloze,"Escribí el pronombre de objeto directo (lo, la, li, le, vi…) que reemplaza a estas palabras.",la macchina → ___,la,,,,,
11,d16-025,cloze,"Escribí el pronombre de objeto directo (lo, la, li, le, vi…) que reemplaza a estas palabras.",Mario e Francesca → ___,li,,,,,
11,d16-026,cloze,"Escribí el pronombre de objeto directo (lo, la, li, le, vi…) que reemplaza a estas palabras.",i fratelli → ___,li,,,,,
11,d16-027,cloze,"Escribí el pronombre de objeto directo (lo, la, li, le, vi…) que reemplaza a estas palabras.",la verdura → ___,la,,,,,
11,d16-028,cloze,"Escribí el pronombre de objeto directo (lo, la, li, le, vi…) que reemplaza a estas palabras.",le signorine → ___,le,,,,,
11,d16-029,cloze,"Escribí el pronombre de objeto directo (lo, la, li, le, vi…) que reemplaza a estas palabras.",la madre ed il padre → ___,li,,,,,
11,d16-030,cloze,"Escribí el pronombre de objeto directo (lo, la, li, le, vi…) que reemplaza a estas palabras.","(a ustedes) tu, Luisa e Giovanni → ___",vi,,,,,
11,d16-031,cloze,"Reemplazá el objeto directo [entre corchetes] por un pronombre (lo, la, li, le) y hacé concordar el participio.",La nonna ha mandato [i baci] a noi. → La nonna ___ a noi.,li ha mandati,,,,,
11,d16-032,cloze,"Reemplazá el objeto directo [entre corchetes] por un pronombre (lo, la, li, le) y hacé concordar el participio.",Mirella ed io abbiamo ricevuto [le cartoline] ieri. → Mirella ed io ___ ieri.,le abbiamo ricevute,,,,,
11,d16-033,cloze,"Reemplazá el objeto directo [entre corchetes] por un pronombre (lo, la, li, le) y hacé concordar el participio.",Il babbo ha pagato [il conto]. → Il babbo ___.,l’ha pagato,lo ha pagato,,,,
11,d16-034,cloze,"Reemplazá el objeto directo [entre corchetes] por un pronombre (lo, la, li, le) y hacé concordar el participio.",Loro hanno studiato [la biologia]. → Loro ___.,l’hanno studiata,,,,,
11,d16-035,cloze,"Reemplazá el objeto directo [entre corchetes] por un pronombre (lo, la, li, le) y hacé concordar el participio.","Tu hai visitato [la chiesa ed il museo], vero? → Tu ___, vero?",li hai visitati,,,,,
11,d16-036,cloze,"Reemplazá el objeto directo [entre corchetes] por un pronombre (lo, la, li, le) y hacé concordar el participio.",Gli studenti hanno ordinato [il vino e l'acqua]. → Gli studenti ___.,li hanno ordinati,,,,,
11,d16-037,cloze,"Reemplazá el objeto directo [entre corchetes] por un pronombre (lo, la, li, le) y hacé concordar el participio.",Lei ha portato [pantaloni corti]. → Lei ___.,li ha portati,,,,,
11,d16-038,cloze,"Reemplazá el objeto directo [entre corchetes] por un pronombre (lo, la, li, le) y hacé concordar el participio.",Lei ha comprato [una macchina]. → Lei ___.,l’ha comprata,,,,,
11,d16-039,cloze,"Reemplazá el objeto directo [entre corchetes] por un pronombre (lo, la, li, le) y hacé concordar el participio.",I bambini hanno frequentato [una scuola privata] l’anno scorso. → I bambini ___ l’anno scorso.,l’hanno frequentata,,,,,
11,d16-040,cloze,"Reemplazá el objeto directo [entre corchetes] por un pronombre (lo, la, li, le) y hacé concordar el participio.",I gattini hanno mangiato [le piante]. → I gattini ___.,le hanno mangiate,,,,,
11,d16-041,cloze,Completá con el passato prossimo del verbo entre paréntesis (elegí vos avere o essere y concordá el participio).,Il teatro ___ (chiudere).,ha chiuso,è stato chiuso,,,,
11,d16-042,cloze,Completá con el passato prossimo del verbo entre paréntesis (elegí vos avere o essere y concordá el participio).,I nonni ___ (partire) ieri.,sono partiti,,,,,
11,d16-043,cloze,Completá con el passato prossimo del verbo entre paréntesis (elegí vos avere o essere y concordá el participio).,Carla e Giovanni ___ (ritornare).,sono ritornati,,,,,
11,d16-044,cloze,Completá con el passato prossimo del verbo entre paréntesis (elegí vos avere o essere y concordá el participio).,"Tu, quando ___ (andare)?",sei andato,sei andata,,,,
11,d16-045,cloze,Completá con el passato prossimo del verbo entre paréntesis (elegí vos avere o essere y concordá el participio).,Loro ___ (venire) alla festa.,sono venuti,sono venute,,,,
11,d16-046,cloze,Completá con el passato prossimo del verbo entre paréntesis (elegí vos avere o essere y concordá el participio).,"Voi ___ (ritornare) a mezzanotte, vero?",siete ritornati,siete ritornate,,,,
11,d16-047,cloze,Completá con el passato prossimo del verbo entre paréntesis (elegí vos avere o essere y concordá el participio).,Io (mujer) ___ (essere) a scuola.,sono stata,,,,,
11,d16-048,cloze,Completá con el passato prossimo del verbo entre paréntesis (elegí vos avere o essere y concordá el participio).,Maria e Luisa ___ (arrivare) presto.,sono arrivate,,,,,
11,d16-049,cloze,Completá con el passato prossimo del verbo entre paréntesis (elegí vos avere o essere y concordá el participio).,"Tu, io e Giorgio ___ (essere) a casa.",siamo stati,,,,,
11,d16-050,cloze,Completá con el passato prossimo del verbo entre paréntesis (elegí vos avere o essere y concordá el participio).,Le studentesse ___ (partire) per l’Italia.,sono partite,,,,,
11,s:r07-01b:a,choice,Decidí si la parte indicada es objeto directo (OD) u objeto indirecto (OI).,Ha comprato delle rose e le ha regalate a sua moglie. — «a sua moglie»,objeto indirecto,,objeto directo | objeto indirecto,,,
11,s:r07-01b:b,choice,Decidí si la parte indicada es objeto directo (OD) u objeto indirecto (OI).,Le ha comprato delle rose. — «delle rose»,objeto directo,,objeto directo | objeto indirecto,,,
11,s:r07-01b:c,choice,Decidí si la parte indicada es objeto directo (OD) u objeto indirecto (OI).,Hai chiesto a Francesca di andarsene? — «a Francesca»,objeto indirecto,,objeto directo | objeto indirecto,,,
11,s:r07-01b:d,choice,Decidí si la parte indicada es objeto directo (OD) u objeto indirecto (OI).,Le hai chiesto di andarsene? — «Le»,objeto indirecto,,objeto directo | objeto indirecto,,,
11,s:r07-01i:a,cloze,¡Todavía no! Reemplazá el sustantivo por un pronombre y hacé concordar el participio.,"Hanno scelto i libri? – No, non ___ hanno ancora ___.",li | scelti,,,,,
11,s:r07-01i:c,cloze,¡Todavía no! Reemplazá el sustantivo por un pronombre y hacé concordar el participio.,"Ha mandato la lettera? – No, non ___ ha ancora ___.",l' | mandata,la | mandata,,,,
11,s:r07-01i:d,cloze,¡Todavía no! Reemplazá el sustantivo por un pronombre y hacé concordar el participio.,"Hanno prenotato i biglietti? – No, non ___ hanno ancora ___.",li | prenotati,,,,,
11,s:r07-02:c,cloze,"Enfatizá, contrastá y contradecí: completá con el pronombre sujeto adecuado.","Che bella lampada! L'hai comprata ___ (vos), Mariella? – Sì, l'ho comprata ___ (yo).",tu | io,,,,,
11,s:r07-02:e,cloze,"Enfatizá, contrastá y contradecí: completá con el pronombre sujeto adecuado.","Sei stato ___ (vos) a chiamare ieri? – No, ___ (yo no), forse sono stati ___ (ellos).",tu | non io | loro,tu | io no | loro,,,,
11,s:r07-02f:a,cloze,Reemplazá los sustantivos por pronombres y ubicalos correctamente (con el gerundio van pegados).,"Angelica è uscita, lasciando aperta la finestra. → Angelica è uscita, ___ aperta.",lasciandola,,,,,
11,s:r07-02f:b,cloze,Reemplazá los sustantivos por pronombres y ubicalos correctamente (con el gerundio van pegados).,Luigi ha scritto pregando mia sorella di rispondere. → Luigi ha scritto ___ di rispondere.,pregandola,,,,,
11,s:r07-02j:d,cloze,¿No te acordás? Decí que ya está hecho: completá con el pronombre y la terminación del participio.,Ci puoi portare la carta igienica? – Ma ve ___ abbiamo portat___ ieri!,l' | a,la | a,,,,
11,s:r07-03j:a,cloze,¡Qué hiciste! Reemplazá el objeto por un pronombre y hacé concordar el participio.,Sai che ho rotto i piatti nuovi di Giulia? – Come! ___ hai rott___ tutti?,Li | i,,,,,
11,s:r07-03j:b,cloze,¡Qué hiciste! Reemplazá el objeto por un pronombre y hacé concordar el participio.,Sai che ho rovinato la lavatrice di Antonio? – Come! ___ hai rovinat___ completamente?,L' | a,La | a,,,,
11,s:r07-03j:c,cloze,¡Qué hiciste! Reemplazá el objeto por un pronombre y hacé concordar el participio.,Sai che ho sfasciato la macchina di Rina e Roberto? – Come! ___ hai sfasciat___ del tutto?,L' | a,La | a,,,,
11,s:r07-03j:d,cloze,¡Qué hiciste! Reemplazá el objeto por un pronombre y hacé concordar el participio.,Sai che ho distrutto il computer di Fabio? – Come! ___ hai distrutt___ totalmente?,L' | o,Lo | o,,,,
11,s:r07-04b:a,cloze,Reemplazá la frase por uno o dos pronombres.,"Sai dov'è andato? – No, non ___ so.",lo,,,,,
11,s:r07-04f:g,choice,Decidí si el pronombre marcado es un pronombre sujeto o un pronombre tónico (después de preposición o como objeto).,Il ministro parla a vanvera; lo ha detto «lui stesso».,sujeto,,sujeto | tónico,,,
11,s:r07-04f:h,choice,Decidí si el pronombre marcado es un pronombre sujeto o un pronombre tónico (después de preposición o como objeto).,"Poveretto, dopo la morte della moglie è diventato l'ombra di «se stesso».",tónico,,sujeto | tónico,,,
11,s:r07-05b:b,translate,"Respondé en italiano, usando un pronombre de objeto directo.","Hai chiesto il conto? – (Sí, lo pedí.)","Sì, l'ho chiesto.",,,,,
11,s:r07-05b:d,translate,"Respondé en italiano, usando un pronombre de objeto directo.","Quelle scarpe, quanto le hai pagate? – (Las pagué 150 euros.)",Le ho pagate 150 euro.,,,,,
11,s:r07-06:a,cloze,Reemplazá la persona por el pronombre de objeto indirecto correcto.,Ho prestato 50 euro a Riccardo. Ieri ___ ho prestato 50 euro.,gli,,,,,
11,s:r07-06c:b,cloze,¡Pobres! Completá la terminación del participio.,"Mia figlia si è storta il piede. – Poveretta, se l'è stort___ correndo?",o,,,,,
11,s:r07-09:a,cloze,¡Desastre! Completá con el pronombre de objeto indirecto que corresponde al posesivo indicado.,Mio nipote ___ ha rotto l'orologio. (mi),mi,,,,,
11,s:r07-09:b,cloze,¡Desastre! Completá con el pronombre de objeto indirecto que corresponde al posesivo indicado.,"Giulio è rimasto male, la cameriera ___ ha macchiato la camicia. (su, de él)",gli,,,,,
11,s:r07-09:c,cloze,¡Desastre! Completá con el pronombre de objeto indirecto que corresponde al posesivo indicado.,"Maria ___ ha bruciato la caffettiera. (su, de ellos)",gli,,,,,
11,s:r07-10:a,translate,Traducí al italiano.,Le pedí (a él) que comprara el pan.,Gli ho chiesto di comprare il pane.,,,,,
11,s:r07-10:b,translate,Traducí al italiano.,"Pino, ¿les dijiste (a los chicos) que vinieran a las diez?","Pino, gli hai detto di venire alle dieci?","Pino, hai detto loro di venire alle dieci?",,,,
11,s:r07-14:a,translate,Traducí al italiano; el verbo indicado te ayuda a elegir entre objeto directo e indirecto.,Le aconsejé (a ella) que se fuera temprano. (consigliare a qualcuno di),Le ho consigliato di partire presto.,Le ho consigliato di andare via presto. | Le ho consigliato di andarsene presto. | Le ho consigliato di uscire presto.,,,,
11,s:r07-15:e,cloze,Completá con el pronombre de objeto directo o indirecto adecuado.,Ieri ___ ho invitati a cena. (a ellos),li,,,,,
11,s:r07-15:f,cloze,Completá con el pronombre de objeto directo o indirecto adecuado.,Ieri ___ ho offerto la cena. (a ellos),gli,,,,,
11,s:r10-01:d,translate,Pasá cada afirmación a pregunta: en italiano alcanza con la entonación (y el signo de pregunta). Escribí en italiano la pregunta que corresponde al castellano.,È arrivata la posta. → ¿Llegó el correo?,È arrivata la posta?,La posta è arrivata?,,,,
11,s:r10-02:c,cloze,Transformá las preguntas indirectas en preguntas directas.,Non ho capito cosa vuole la dottoressa. → ___?,Cosa vuole la dottoressa,Che cosa vuole la dottoressa | Che vuole la dottoressa,,,,
11,s:r10-03:a,translate,"Solo querés confirmar los datos. Traducí al italiano con la coletilla adecuada (vero?, no?, non trovi?…).","Llegó el correo, ¿no?","La posta è arrivata, vero?","È arrivata la posta, vero? | La posta è arrivata, no? | È arrivata la posta, no? | La posta è arrivata, non è vero? | È arrivata la posta, non è vero?",,,,
11,s:r10-03:e,translate,"Solo querés confirmar los datos. Traducí al italiano con la coletilla adecuada (vero?, no?, non trovi?…).","No pagaste, ¿no? (tu)","Non hai pagato, vero?","Non hai pagato, no? | Non hai pagato, non è vero?",,,,
11,s:r10-07:a,cloze,Reescribí las preguntas de forma más enfática y coloquial (adelantá o repetí el objeto con un pronombre).,Dove hai trovato quel libro? → ___?,Dove l'hai trovato quel libro,"Ma dove l'hai trovato quel libro | Dove l'hai trovato, quel libro",,,,
11,s:r10-07:b,cloze,Reescribí las preguntas de forma más enfática y coloquial (adelantá o repetí el objeto con un pronombre).,Quando hai visto il film? → ___?,Quando l'hai visto il film,"Quando l'hai visto, il film",,,,
11,s:r10-07:c,cloze,Reescribí las preguntas de forma más enfática y coloquial (adelantá o repetí el objeto con un pronombre).,Perché hai buttato via il pane? → ___?,Perché l'hai buttato via il pane,"Perché l'hai buttato via, il pane | Ma perché l'hai buttato via il pane",,,,
11,s:r10-08:f,translate,Traducí al italiano. Usá voi para 'ustedes'.,¿Qué hicieron? (voi),Che cosa avete fatto?,Cosa avete fatto? | Che avete fatto?,,,,
11,s:r10-15:a,cloze,"Reescribí las preguntas de forma más coloquial, usando un pronombre además del sustantivo.",Quanto hai pagato i sandali? → ___?,Quanto li hai pagati i sandali,"Quanto li hai pagati, i sandali",,,,
11,s:r17-02:b,cloze,"Completá con el equivalente italiano de las cifras, escrito con letras.",___ popolazione ha votato. (El cincuenta y uno por ciento de la),Il cinquantuno per cento della,,,,,
11,s:r17-02:d,cloze,"Completá con el equivalente italiano de las cifras, escrito con letras.",___ è stato un anno brutto per gli agricoltori. (2017),Il duemiladiciassette,,,,,
11,s:r18-01d:d,cloze,¿Qué dijeron? Pasá a estilo indirecto con el comienzo dado (verbo introductorio en presente).,"‘Nostro padre ci ha lasciato due anni fa, ma lo vediamo ogni tanto.’ → Secondo i figli della vicina ___.","il loro padre li ha lasciati due anni fa, ma lo vedono ogni tanto","il loro padre li ha lasciati due anni fa ma lo vedono ogni tanto | il padre li ha lasciati due anni fa, ma lo vedono ogni tanto | il padre li ha lasciati due anni fa ma lo vedono ogni tanto",,,,
11,s:r18-02b:b,translate,Traducí al italiano.,Sé que Susanna perdió otra vez las llaves: ¡siempre es tan distraída! (distratta),So che Susanna ha perso di nuovo le chiavi: è sempre così distratta!,"So che Susanna ha di nuovo perso le chiavi: è sempre così distratta! | So che Susanna ha perso ancora le chiavi: è sempre così distratta! | So che Susanna ha perso un'altra volta le chiavi: è sempre così distratta! | So che Susanna ha perso di nuovo le chiavi, è sempre così distratta! | So che Susanna ha perso di nuovo le chiavi è sempre così distratta! | So che Susanna ha perso di nuovo le chiavi: è sempre tanto distratta!",,,,
11,s:r18-05:a,choice,Elegí el tiempo verbal correcto.,___ gli occhiali da due anni.,Porto,,Porto | Ho portato,,,
11,s:r18-05:b,choice,Elegí el tiempo verbal correcto.,___ gli occhiali per due anni.,Ho portato,,Porto | Ho portato,,,
11,s:r18-05:c,choice,Elegí el tiempo verbal correcto.,Dal 2008 ___ casa quattro volte.,ho cambiato,,cambio | ho cambiato,,,
11,s:r18-05:d,choice,Elegí el tiempo verbal correcto.,Dal 2008 ___ nello stesso posto.,abito,,abito | ho abitato,,,
11,s:r18-05:e,choice,Elegí el tiempo verbal correcto.,Da quando ci conosciamo ___ ogni settimana a sua madre.,scrive,,scrive | ha scritto,,,
11,s:r18-05:f,choice,Elegí el tiempo verbal correcto.,Da quando ci conosciamo ___ cinque libri.,ha scritto,,scrive | ha scritto,,,
11,s:r20-01:a,cloze,Completá las preguntas con el participio pasado del verbo indicado.,Hai ___ una pizza? (ordinare),ordinato,,,,,
11,s:r20-01:b,cloze,Completá las preguntas con el participio pasado del verbo indicado.,Avete ___ la lettera? (ricevere),ricevuto,,,,,
11,s:r20-01:c,cloze,Completá las preguntas con el participio pasado del verbo indicado.,Hai ___ il problema? (capire),capito,,,,,
11,s:r20-01:d,cloze,Completá las preguntas con el participio pasado del verbo indicado.,Siete ___ in centro? (andare),andati,andate,,,,
11,s:r20-01:e,cloze,Completá las preguntas con el participio pasado del verbo indicado.,È ___ per strada? (cadere),caduto,caduta,,,,
11,s:r20-01:f,cloze,Completá las preguntas con el participio pasado del verbo indicado.,Sei ___ ieri? (partire),partito,partita,,,,
11,s:r20-02:a,cloze,Completá con el auxiliar correcto y el participio pasado.,___ un errore madornale. (cometí; fare),Ho fatto,,,,,
11,s:r20-02:b,cloze,Completá con el auxiliar correcto y el participio pasado.,___ subito. (respondió; rispondere),Ha risposto,,,,,
11,s:r20-02:c,cloze,Completá con el auxiliar correcto y el participio pasado.,"Luca, ___ la finestra? (¿abriste?; aprire)",hai aperto,,,,,
11,s:r20-02:d,cloze,Completá con el auxiliar correcto y el participio pasado.,Ieri sera ___ da Ornella. (estuve; stare),sono stato,sono stata,,,,
11,s:r20-02:e,cloze,Completá con el auxiliar correcto y el participio pasado.,Oggi ___ a casa. (me quedé; rimanere),sono rimasto,sono rimasta,,,,
11,s:r20-02:f,cloze,Completá con el auxiliar correcto y el participio pasado.,L'anno scorso ___ da noi. (vinieron; venire),sono venuti,sono venute,,,,
11,s:r20-04:a,cloze,"Completá con el passato prossimo, según la traducción.",Conosco bene la Sardegna. Ci ___ molte volte. Mi è sempre ___. (Conozco bien Cerdeña. Estuve muchas veces. Siempre me gustó.),sono stato | piaciuta,sono stata | piaciuta,,,,
11,s:r20-04:b,cloze,"Completá con el passato prossimo, según la traducción.",L'anno scorso ___ in Sardegna. Mi ___ moltissimo. (El año pasado estuve en Cerdeña. Me gustó muchísimo.),sono stato | è piaciuta,sono stata | è piaciuta,,,,
11,s:r20-04:c,cloze,"Completá con el passato prossimo, según la traducción.","Hai preso l'aereo o hai viaggiato in treno? – ___ la macchina, è più comodo. (Fui en auto, es más cómodo.)",Ho preso,,,,,
11,s:r20-06:a,cloze,"Completá la terminación del participio, haciendo la concordancia cuando haga falta.",Hanno scritt___ la lettera? L'hanno scritt___?,o | a,,,,,
11,s:r20-06:b,cloze,"Completá la terminación del participio, haciendo la concordancia cuando haga falta.",Avete lett___ i giornali? Li avete lett___?,o | i,,,,,
11,s:r20-06:c,cloze,"Completá la terminación del participio, haciendo la concordancia cuando haga falta.","Hai parlat___ con Franca? – No, non le ho parlat___.",o | o,,,,,
11,s:r20-08:a,cloze,"Pasá al passato prossimo, con el auxiliar y la concordancia correctos.",Quella chiave mi serve per aprire il portone. → Quella chiave mi ___ per aprire il portone.,è servita,,,,,
11,s:r20-08:b,cloze,"Pasá al passato prossimo, con el auxiliar y la concordancia correctos.",Quei soldi non mi bastano per comprare la borsetta. → Quei soldi non mi ___ per comprare la borsetta.,sono bastati,,,,,
11,s:r20-08:d,cloze,"Pasá al passato prossimo, con el auxiliar y la concordancia correctos.",Mi piace quella coppia allegra. → Mi ___ quella coppia allegra.,è piaciuta,,,,,
11,s:r20-09:a,choice,Solo dos de estas oraciones admiten el otro auxiliar. Elegí la otra versión correcta o indicá que no la hay.,Non sono potuto partire.,Non ho potuto partire.,,Non ho potuto partire. | (ninguna: solo admite este auxiliar),,,
11,s:r20-09:d,choice,Solo dos de estas oraciones admiten el otro auxiliar. Elegí la otra versión correcta o indicá que no la hay.,Sei dovuto tornare a casa?,Hai dovuto tornare a casa?,,Hai dovuto tornare a casa? | (ninguna: solo admite este auxiliar),,,
11,s:r20-10:a,cloze,Reescribí las oraciones sin cambiar el significado (mové el pronombre y cambiá el auxiliar).,Ci siamo dovuti fermare. → ___ fermarci.,Abbiamo dovuto,,,,,
12,d09-001,conjugate,"Conjugá en presente el verbo reflexivo entre paréntesis, con su pronombre (mi, ti, si, ci, vi, si).",Lui ___ (arrabbiarsi) facilmente.,si arrabbia,,,,,
12,d09-002,conjugate,"Conjugá en presente el verbo reflexivo entre paréntesis, con su pronombre (mi, ti, si, ci, vi, si).","Prima mi faccio la doccia, poi ___ (pettinarsi).",mi pettino,,,,,
12,d09-003,conjugate,"Conjugá en presente el verbo reflexivo entre paréntesis, con su pronombre (mi, ti, si, ci, vi, si).","Quando siamo con loro, ___ (divertirsi).",ci divertiamo,,,,,
12,d09-004,conjugate,"Conjugá en presente el verbo reflexivo entre paréntesis, con su pronombre (mi, ti, si, ci, vi, si).",Lei ___ (sposarsi) domani.,si sposa,,,,,
12,d09-005,conjugate,"Conjugá en presente el verbo reflexivo entre paréntesis, con su pronombre (mi, ti, si, ci, vi, si).",A che ora (voi) ___ (addormentarsi)?,vi addormentate,,,,,
12,d09-006,conjugate,"Conjugá en presente el verbo reflexivo entre paréntesis, con su pronombre (mi, ti, si, ci, vi, si).",Io ___ (preoccuparsi) troppo.,mi preoccupo,,,,,
12,d09-007,conjugate,"Conjugá en presente el verbo reflexivo entre paréntesis, con su pronombre (mi, ti, si, ci, vi, si).","Prima di dormire, i bambini ___ (lavarsi i denti).",si lavano i denti,,,,,
12,d09-008,conjugate,"Conjugá en presente el verbo reflexivo entre paréntesis, con su pronombre (mi, ti, si, ci, vi, si).",Francesca non ___ (lamentarsi) mai.,si lamenta,,,,,
12,d09-009,conjugate,"Conjugá en presente el verbo reflexivo entre paréntesis, con su pronombre (mi, ti, si, ci, vi, si).",Il babbo ___ (radersi) ogni mattina.,si rade,,,,,
12,d09-010,conjugate,"Conjugá en presente el verbo reflexivo entre paréntesis, con su pronombre (mi, ti, si, ci, vi, si).",Io ___ (domandarsi) se lui dice la verità.,mi domando,,,,,
12,d09-011,conjugate,"Completá con el verbo en presente: reflexivo, recíproco (nos/se… uno al otro) o con «si» impersonal (se sirve, se vende). Después de un verbo como vorrei o dobbiamo, usá el infinitivo con el pronombre pegado (alzarmi).","In quel ristorante non ___ (servire, con «si» impersonal) carne.",si serve,,,,,
12,d09-012,conjugate,"Completá con el verbo en presente: reflexivo, recíproco (nos/se… uno al otro) o con «si» impersonal (se sirve, se vende). Después de un verbo como vorrei o dobbiamo, usá el infinitivo con el pronombre pegado (alzarmi).","Loro ___ (conoscere, recíproco) da anni ed anni.",si conoscono,,,,,
12,d09-013,conjugate,"Completá con el verbo en presente: reflexivo, recíproco (nos/se… uno al otro) o con «si» impersonal (se sirve, se vende). Después de un verbo como vorrei o dobbiamo, usá el infinitivo con el pronombre pegado (alzarmi).",Io non ___ (ricordarsi) di loro.,mi ricordo,,,,,
12,d09-014,conjugate,"Completá con el verbo en presente: reflexivo, recíproco (nos/se… uno al otro) o con «si» impersonal (se sirve, se vende). Después de un verbo como vorrei o dobbiamo, usá el infinitivo con el pronombre pegado (alzarmi).","Io e la mamma ___ (parlare, recíproco) ogni giorno.",ci parliamo,,,,,
12,d09-015,conjugate,"Completá con el verbo en presente: reflexivo, recíproco (nos/se… uno al otro) o con «si» impersonal (se sirve, se vende). Después de un verbo como vorrei o dobbiamo, usá el infinitivo con el pronombre pegado (alzarmi).","Tu e Giuseppe ___ (vedere, recíproco) spesso?",vi vedete,,,,,
12,d09-016,conjugate,"Completá con el verbo en presente: reflexivo, recíproco (nos/se… uno al otro) o con «si» impersonal (se sirve, se vende). Después de un verbo como vorrei o dobbiamo, usá el infinitivo con el pronombre pegado (alzarmi).",I bambini ___ (divertirsi) al cinema.,si divertono,,,,,
12,d09-017,conjugate,"Completá con el verbo en presente: reflexivo, recíproco (nos/se… uno al otro) o con «si» impersonal (se sirve, se vende). Después de un verbo como vorrei o dobbiamo, usá el infinitivo con el pronombre pegado (alzarmi).",Lui ___ (radersi) prima di dormire.,si rade,,,,,
12,d09-018,conjugate,"Completá con el verbo en presente: reflexivo, recíproco (nos/se… uno al otro) o con «si» impersonal (se sirve, se vende). Después de un verbo como vorrei o dobbiamo, usá el infinitivo con el pronombre pegado (alzarmi).",Il bus ___ (fermarsi) proprio qui.,si ferma,,,,,
12,d09-020,conjugate,"Completá con el verbo en presente: reflexivo, recíproco (nos/se… uno al otro) o con «si» impersonal (se sirve, se vende). Después de un verbo como vorrei o dobbiamo, usá el infinitivo con el pronombre pegado (alzarmi).",Dobbiamo ___ (prepararsi).,prepararci,,,,,
12,d09-021,translate,"Traducí al italiano con el imperativo. Entre paréntesis está la persona (tu, noi, voi).",(tu) No hables.,Non parlare.,,,,,
12,d09-022,translate,"Traducí al italiano con el imperativo. Entre paréntesis está la persona (tu, noi, voi).",(noi) Comamos.,Mangiamo.,,,,,
12,d09-023,translate,"Traducí al italiano con el imperativo. Entre paréntesis está la persona (tu, noi, voi).",(voi) Duerman. (Váyanse a dormir.),Dormite.,Andate a dormire.,,,,
12,d09-024,translate,"Traducí al italiano con el imperativo. Entre paréntesis está la persona (tu, noi, voi).",(tu) Cantá.,Canta.,,,,,
12,d09-025,translate,"Traducí al italiano con el imperativo. Entre paréntesis está la persona (tu, noi, voi).",(tu) No llames.,Non telefonare.,Non chiamare.,,,,
12,d09-026,translate,"Traducí al italiano con el imperativo. Entre paréntesis está la persona (tu, noi, voi).",(noi) Hablemos.,Parliamo.,,,,,
12,d09-027,translate,"Traducí al italiano con el imperativo. Entre paréntesis está la persona (tu, noi, voi).",(voi) Compren el auto.,Comprate la macchina.,Comprate l'auto. | Comprate l'automobile.,,,,
12,d09-028,translate,"Traducí al italiano con el imperativo. Entre paréntesis está la persona (tu, noi, voi).",(noi) No escribamos.,Non scriviamo.,,,,,
12,d09-029,translate,"Traducí al italiano con el imperativo. Entre paréntesis está la persona (tu, noi, voi).",(tu) No mires.,Non guardare.,,,,,
12,d09-030,translate,"Traducí al italiano con el imperativo. Entre paréntesis está la persona (tu, noi, voi).",(voi) Esperen.,Aspettate.,,,,,
12,s:r07-01:a,cloze,Completá con el pronombre reflexivo y la forma del verbo indicados.,Di solito ___ poco. (io – truccarsi),mi trucco,,,,,
12,s:r07-01:b,cloze,Completá con el pronombre reflexivo y la forma del verbo indicados.,"___ troppo, ragazzi! (voi – lamentarsi)",Vi lamentate,,,,,
12,s:r07-01:d,cloze,Completá con el pronombre reflexivo y la forma del verbo indicados.,___ dell'indirizzo. (lui – non ricordarsi),Non si ricorda,,,,,
12,s:r07-01:e,cloze,Completá con el pronombre reflexivo y la forma del verbo indicados.,Perché non ___ la giacca? (tu – togliersi),ti togli,,,,,
12,s:r07-02b:a,cloze,"Completá con el verbo reflexivo indicado, en la forma correcta.",Mio nonno ___ (se duerme) sempre dopo pranzo. (addormentarsi),si addormenta,s'addormenta,,,,
12,s:r07-02b:b,cloze,"Completá con el verbo reflexivo indicado, en la forma correcta.","I miei figli ___ (se lavan y se peinan) sempre in fretta. (lavarsi, pettinarsi)",si lavano e si pettinano,,,,,
12,s:r07-02b:c,cloze,"Completá con el verbo reflexivo indicado, en la forma correcta.","Normalmente io e mia moglie ___ (nos despertamos) alle sette e ___ (nos levantamos) subito. (svegliarsi, alzarsi)",ci svegliamo | ci alziamo,,,,,
12,s:r07-03b:a,cloze,Completá con el equivalente italiano de lo que está entre paréntesis.,___ (Yo me levanto temprano) ma lui di solito rimane a letto.,Io mi alzo presto,Mi alzo presto,,,,
12,s:r07-03b:b,cloze,Completá con el equivalente italiano de lo que está entre paréntesis.,"___ (Ella se lava el pelo) ogni mattina, ma io no.",Lei si lava i capelli,Si lava i capelli,,,,
12,s:r07-03f:b,cloze,"En estas órdenes, reemplazá los sustantivos por pronombres y ubicalos correctamente.","Signora, spedisca subito questo pacco. → Signora, ___ subito.",lo spedisca,,,,,
12,s:r07-04:a,cloze,Hablá de lo que las personas hacen entre sí: conjugá los verbos recíprocos.,"In Italia quando le persone ___ (incontrarsi), ___ (salutarsi) e ___ (darsi) la mano.",si incontrano | si salutano | si danno,s'incontrano | si salutano | si danno,,,,
12,s:r07-04:b,cloze,Hablá de lo que las personas hacen entre sí: conjugá los verbos recíprocos.,Noi ___ (vedersi) raramente ma ___ (sentirsi) spesso.,ci vediamo | ci sentiamo,,,,,
12,s:r07-04:c,cloze,Hablá de lo que las personas hacen entre sí: conjugá los verbos recíprocos.,Oggi la gente ___ (scriversi) poco. Preferisce ___ (scambiarsi) delle email.,si scrive | scambiarsi,,,,,
12,s:r07-05:a,choice,Decidí si el pronombre expresa una acción reflexiva o recíproca.,"Non siamo in ufficio, ci troviamo di fronte al bar.",reflexiva,,reflexiva | recíproca,,,
12,s:r07-05:b,choice,Decidí si el pronombre expresa una acción reflexiva o recíproca.,"A domani, allora; ci troviamo di fronte al bar.",recíproca,,reflexiva | recíproca,,,
12,s:r07-05:c,choice,Decidí si el pronombre expresa una acción reflexiva o recíproca.,"Ciao, ci sentiamo domani.",recíproca,,reflexiva | recíproca,,,
12,s:r07-05:d,choice,Decidí si el pronombre expresa una acción reflexiva o recíproca.,"Sì, ci sentiamo bene tutti e due.",reflexiva,,reflexiva | recíproca,,,
12,s:r07-05:e,choice,Decidí si el pronombre expresa una acción reflexiva o recíproca.,Come si chiamano i suoi nipotini?,reflexiva,,reflexiva | recíproca,,,
12,s:r07-05:f,choice,Decidí si el pronombre expresa una acción reflexiva o recíproca.,Mariella e Paola si chiamano spesso.,recíproca,,reflexiva | recíproca,,,
12,s:r09-01:b,translate,Reaccioná a cada frase usando ciò o questo: escribí en italiano la respuesta. Puede haber más de una posibilidad.,Sabrina non è ancora arrivata. – Eso no quiere decir que no vaya a venir.,Ciò non vuol dire che non venga.,Questo non vuol dire che non venga. | Ciò non significa che non venga. | Questo non significa che non venga. | Ciò non vuol dire che non verrà. | Questo non vuol dire che non verrà. | Ciò non significa che non verrà. | Questo non significa che non verrà.,,,,
12,s:r10-01b:c,cloze,Completá con la forma correcta del verbo en italiano (tu).,Ma perché ___ (te enojás)? Non c'è più niente da fare.,ti arrabbi,,,,,
12,s:r10-01c:b,choice,Elegí el pronombre correcto: interrogativo o relativo.,Fa' ___ ti dico. (Hacé lo que te digo.),quello che,ciò che,che cosa | quello che | chi,,,
12,s:r10-03:b,translate,"Solo querés confirmar los datos. Traducí al italiano con la coletilla adecuada (vero?, no?, non trovi?…).","Te llamás Carla, ¿no?","Ti chiami Carla, vero?","Ti chiami Carla, no? | Ti chiami Carla, non è vero?",,,,
12,s:r10-04:a,cloze,Completá con el equivalente italiano de la pregunta indirecta.,Dimmi ___ (dónde queda el cine). (trovarsi),dove si trova il cinema,dov'è il cinema,,,,
12,s:r10-05:b,translate,Traducí al italiano. En todos los casos menos uno vas a usar la misma palabra interrogativa (come).,¿Cómo hago para llegar al centro?,Come si arriva in centro?,Come faccio ad arrivare in centro? | Come si va in centro? | Come faccio per arrivare in centro? | Come arrivo in centro?,,,,
12,s:r18-01b:a,translate,"Traducí al italiano usando al menos una vez cada verbo: alzarsi, bere, dire, essere, fare, fare colazione, riuscire a, sentire, uscire.",Me levanto temprano y salgo de casa a las siete.,Mi alzo presto ed esco di casa alle sette.,Mi alzo presto e esco di casa alle sette. | Mi alzo presto ed esco da casa alle sette. | Mi alzo presto ed esco di casa alle 7.,,,,
12,s:r18-01c:d,cloze,Respondé con el presente de los verbos dados (también podés usar stare + gerundio).,"I bambini, cosa ___? – ___ in giardino. (fare; divertirsi)",fanno | Si divertono,stanno facendo | Si stanno divertendo | fanno | Si stanno divertendo | stanno facendo | Si divertono | fanno | Stanno divertendosi | stanno facendo | Stanno divertendosi,,,,
12,s:r18-03c:h,translate,¿Desde cuándo? Respondé en italiano con presente + da.,Da quand'è che noi non ci vediamo? – ¡No nos vemos desde que nos recibimos!,Non ci vediamo da quando ci siamo laureati!,Non ci vediamo da quando ci siamo laureate! | Da quando ci siamo laureati! | Da quando ci siamo laureate!,,,,
12,s:r18-04:a,cloze,Completá con el presente de los verbos reflexivos.,Rita e Anna ___ a casa nostra. (annoiarsi),si annoiano,,,,,
12,s:r18-04:c,cloze,Completá con el presente de los verbos reflexivos.,Giovanna e Paola ___ da me. (divertirsi),si divertono,,,,,
12,s:r18-04:d,cloze,Completá con el presente de los verbos reflexivos.,Aldo ___ della loro stupidità! (stupirsi),si stupisce,,,,,
12,s:r22-01:a,cloze,"Escribí el imperativo de tu, Lei y voi (en ese orden).",parlare più piano → tu: ___ più piano · Lei: ___ più piano · voi: ___ più piano,parla | parli | parlate,,,,,
12,s:r22-01:b,cloze,"Escribí el imperativo de tu, Lei y voi (en ese orden).",scendere subito → tu: ___ subito · Lei: ___ subito · voi: ___ subito,scendi | scenda | scendete,,,,,
12,s:r22-01:c,cloze,"Escribí el imperativo de tu, Lei y voi (en ese orden).",finire il lavoro → tu: ___ il lavoro · Lei: ___ il lavoro · voi: ___ il lavoro,finisci | finisca | finite,,,,,
12,s:r22-01:d,cloze,"Escribí el imperativo de tu, Lei y voi (en ese orden).",partire subito → tu: ___ subito · Lei: ___ subito · voi: ___ subito,parti | parta | partite,,,,,
12,s:r22-01b:a,cloze,"Traducí al italiano con el imperativo de Lei, salvo que se indique otra cosa.","Siéntese, por favor. / Siéntense (voi). → Lei: ___ · voi: ___",si accomodi | accomodatevi,si sieda | sedetevi | si sieda | accomodatevi | si accomodi | sedetevi,,,,
12,s:r22-01b:b,translate,"Traducí al italiano con el imperativo de Lei, salvo que se indique otra cosa.",Páseme la sal.,Mi passi il sale.,,,,,
12,s:r22-01b:c,translate,"Traducí al italiano con el imperativo de Lei, salvo que se indique otra cosa.","___, per favore. (Deme un poco de pan…)",Mi dia un po' di pane,Mi dia un pezzo di pane,,,,
12,s:r22-01b:d,translate,"Traducí al italiano con el imperativo de Lei, salvo que se indique otra cosa.","___, per favore. (Háganos un café…)",Ci faccia un caffè,,,,,
12,s:r22-01b:e,translate,"Traducí al italiano con el imperativo de Lei, salvo que se indique otra cosa.","___, per favore. (Tráiganos la cuenta…)",Ci porti il conto,,,,,
12,s:r22-02:a,translate,Estas indicaciones se las diste a tus sobrinos en una salida. ¿Qué le habrías dicho a uno solo? Pasalas al imperativo de tu.,Guardate bene prima di attraversare la strada.,Guarda bene prima di attraversare la strada.,,,,,
12,s:r22-02:c,translate,Estas indicaciones se las diste a tus sobrinos en una salida. ¿Qué le habrías dicho a uno solo? Pasalas al imperativo de tu.,Non toccate niente.,Non toccare niente.,Non toccare nulla.,,,,
12,s:r22-02:e,translate,Estas indicaciones se las diste a tus sobrinos en una salida. ¿Qué le habrías dicho a uno solo? Pasalas al imperativo de tu.,Uscite di qui.,Esci di qui.,,,,,
12,s:r22-02:f,translate,Estas indicaciones se las diste a tus sobrinos en una salida. ¿Qué le habrías dicho a uno solo? Pasalas al imperativo de tu.,Sbrigatevi!,Sbrigati!,,,,,
12,s:r22-03:a,cloze,Escribí el imperativo de tu y de Lei (en ese orden).,scegliere una canzone → tu: ___ una canzone · Lei: ___ una canzone,scegli | scelga,,,,,
12,s:r22-03:b,cloze,Escribí el imperativo de tu y de Lei (en ese orden).,rimanere un po' di più → tu: ___ un po' di più · Lei: ___ un po' di più,rimani | rimanga,,,,,
12,s:r22-03:c,cloze,Escribí el imperativo de tu y de Lei (en ese orden).,tenere la destra → tu: ___ la destra · Lei: ___ la destra,tieni | tenga,,,,,
12,s:r22-03:d,cloze,Escribí el imperativo de tu y de Lei (en ese orden).,venire dentro → tu: ___ dentro · Lei: ___ dentro,vieni | venga,,,,,
12,s:r22-04:a,choice,¿Qué decís en cada situación? Elegí la expresión adecuada.,Querés llamar la atención del vendedor:,Senta!,,Senti! | Senta!,,,
12,s:r22-04:c,choice,¿Qué decís en cada situación? Elegí la expresión adecuada.,Querés que tu amigo te preste atención:,Senti,,Senti | Ascolti,,,
12,s:r22-05:a,cloze,Traducí al italiano con el imperativo de tu y de Lei (en ese orden).,Hacelo enseguida / Hágalo enseguida. (fare) → tu: ___ · Lei: ___,fallo subito | lo faccia subito,fallo subito | lo faccia immediatamente | fallo immediatamente | lo faccia immediatamente,,,,
12,s:r22-05:c,cloze,Traducí al italiano con el imperativo de tu y de Lei (en ese orden).,Andá (ahí) / Vaya (ahí). (andare) → tu: ___ · Lei: ___,vacci | ci vada,,,,,
12,s:r22-07:a,cloze,Traducí al italiano con el imperativo de tu y después el de voi. Fijate dónde cae el acento.,¡Despertate! / ¡Despiértense! → tu: ___ · voi: ___,svegliati | svegliatevi,,,,,
12,s:r22-07:b,cloze,Traducí al italiano con el imperativo de tu y después el de voi. Fijate dónde cae el acento.,Terminalo. / Termínenlo. → tu: ___ · voi: ___,finiscilo | finitelo,,,,,
12,s:r22-07:d,cloze,Traducí al italiano con el imperativo de tu y después el de voi. Fijate dónde cae el acento.,Pedile que venga. / Pídanle que venga. (chiedere a) → tu: ___ · voi: ___,chiedigli di venire | chiedetegli di venire,chiedile di venire | chiedetele di venire,,,,
12,s:r22-07:e,cloze,Traducí al italiano con el imperativo de tu y después el de voi. Fijate dónde cae el acento.,Ponete el abrigo. / Pónganse el abrigo. (mettersi) → tu: ___ · voi: ___,mettiti il cappotto | mettetevi il cappotto,mettiti il giaccone | mettetevi il giaccone,,,,
12,s:r22-07:f,cloze,Traducí al italiano con el imperativo de tu y después el de voi. Fijate dónde cae el acento.,¡Divertite! / ¡Diviértanse! (divertirsi) → tu: ___ · voi: ___,divertiti | divertitevi,,,,,
12,s:r22-08:a,choice,¿Cuáles de estas oraciones son sugerencias («hagamos…»)?,Mettiamolo qui.,sugerencia,,sugerencia | no es sugerencia,,,
12,s:r22-08:b,choice,¿Cuáles de estas oraciones son sugerencias («hagamos…»)?,Lo mettiamo qui.,no es sugerencia,,sugerencia | no es sugerencia,,,
12,s:r22-08:c,choice,¿Cuáles de estas oraciones son sugerencias («hagamos…»)?,Non metterlo qui.,no es sugerencia,,sugerencia | no es sugerencia,,,
12,s:r22-08:d,choice,¿Cuáles de estas oraciones son sugerencias («hagamos…»)?,Andateci domani.,no es sugerencia,,sugerencia | no es sugerencia,,,
12,s:r22-08:e,choice,¿Cuáles de estas oraciones son sugerencias («hagamos…»)?,Ci andiamo domani.,no es sugerencia,,sugerencia | no es sugerencia,,,
12,s:r22-08:f,choice,¿Cuáles de estas oraciones son sugerencias («hagamos…»)?,Andiamoci domani.,sugerencia,,sugerencia | no es sugerencia,,,
13,d03-038,cloze,"Escribí el artículo determinado (il, lo, l', la, i, gli, le) que va delante de la palabra.",___ signora (señora),la,,,,,
13,d04-005,numbers,"Escribí el número en letras, en italiano.",5.612.423 → ___,cinque milioni seicentododicimilaquattrocentoventitré,cinquemilioniseicentododicimilaquattrocentoventitré | cinque milioni e seicentododicimilaquattrocentoventitré,,,,
13,d04-020,cloze,"Escribí el número ordinal en letras, concordado con el sustantivo.",L’___ libro (undécimo),undicesimo,,,,,
13,d06-051,translate,Traducí al italiano.,Luisa canta.,Luisa canta.,,,,,
13,d06-062,translate,"Traducí al italiano usando e, ma, o, perché.",Me voy mañana pero vuelvo el sábado.,Parto domani ma ritorno sabato.,Parto domani ma torno sabato. | Io parto domani ma ritorno sabato. | Io parto domani ma torno sabato. | Vado via domani ma torno sabato. | Vado via domani ma ritorno sabato. | Me ne vado domani ma torno sabato. | Me ne vado domani ma ritorno sabato.,,,,
13,d06-070,translate,"Traducí al italiano usando e, ma, o, perché.",¿Esquiás o hacés algún deporte?,Scii o fai uno sport?,Scii o pratichi uno sport? | Tu scii o fai uno sport? | Scii o fai qualche sport? | Scii o fai sport?,,,,
13,d07-023,translate,Traducí al italiano usando avere.,La abuela tiene 80 años.,La nonna ha ottanta anni.,Nonna ha ottanta anni. | La nonna ha 80 anni. | Nonna ha 80 anni. | La nonna ha ottant'anni. | Nonna ha ottant'anni.,,,,
13,d11-001,qa,"Convertí la afirmación en pregunta: pasá el sujeto al final, después de una coma, y agregá el signo de pregunta.",Michele ha mangiato tutti i biscotti.,"Ha mangiato tutti i biscotti, Michele?",Ha mangiato tutti i biscotti Michele?,,,,
13,d11-007,qa,"Convertí la afirmación en pregunta: pasá el sujeto al final, después de una coma, y agregá el signo de pregunta.",Marco e Lorenzo sono andati in centro.,"Sono andati in centro, Marco e Lorenzo?",Sono andati in centro Marco e Lorenzo?,,,,
13,d12-004,cloze,"Completá con a o di, solas o unidas al artículo (al, alla, alle, del, della…).","Tu, Giulio, hai partecipato ___ manifestazione?",alla,,,,,
13,d12-012,cloze,"Completá con da, sola o unida al artículo (dal, dallo, dalla…).",Ha comprato dodici bicchieri ___ vino.,da,,,,,
13,s:r01-01:c,cloze,Elegí la forma verbal correcta para completar cada oración.,"___ un centinaio di ospiti. (Llegaron unos cien invitados.) (arrivare, passato prossimo)",Sono arrivati,È arrivato,,,,
13,s:r01-01:d,choice,Elegí la forma verbal correcta para completar cada oración.,La maggioranza dei prigionieri ___ torturati. (La mayoría de los prisioneros fueron torturados.),sono stati,,è stata | sono stati,,,
13,s:r01-03:a,cloze,"Completá las terminaciones que faltan (-o/-a en singular, -i/-e en plural) y, donde hay un adjetivo entre paréntesis, escribilo concordado. Fijate con qué sustantivo concuerda cada uno.",Maria è diventat___ un architetto molto brav___. (María llegó a ser un arquitecto muy bueno.),a | o,,,,,
13,s:r01-03:b,cloze,"Completá las terminaciones que faltan (-o/-a en singular, -i/-e en plural) y, donde hay un adjetivo entre paréntesis, escribilo concordado. Fijate con qué sustantivo concuerda cada uno.",Mio figlio è diventat___ una guida molto conosciut___. (Mi hijo llegó a ser un guía muy conocido.),o | a,,,,,
13,s:r01-07:d,choice,Elegí la palabra con el género correcto para completar cada oración.,Non hanno capito ___ della favola.,la morale,,il morale | la morale,,,
13,s:r01-07:h,choice,Elegí la palabra con el género correcto para completar cada oración.,Ho prenotato ___ per le otto.,un tavolo,,un tavolo | una tavola,,,
13,s:r02-01:b,cloze,Describí a este hombre y su estado: completá con el artículo determinado donde haga falta.,Ha ___ raffreddore e mal di gola ma non ha ___ tosse.,il | la,,,,,
13,s:r02-01b:a,cloze,"En la segunda oración, completá con la forma correcta del partitivo (di + artículo).",Ad Arezzo ho visto degli affreschi meravigliosi. Ho visto ___ meravigliosi affreschi del Cinquecento.,dei,,,,,
13,s:r02-01b:b,cloze,"En la segunda oración, completá con la forma correcta del partitivo (di + artículo).",A Firenze ho visto dei dipinti eccezionali. Ho visto ___ incredibili dipinti del Seicento.,degli,,,,,
13,s:r02-02:d,cloze,Reemplazá la palabra indicada entre paréntesis por el artículo determinado adecuado.,Hai dimenticato ___ occhiali? (en lugar de «i tuoi»),gli,,,,,
13,s:r02-02b:d,cloze,Completá con el partitivo correcto; en un caso no va ninguno.,Ho comprato ___ pantaloni neri.,dei,,,,,
13,s:r02-02b:e,cloze,Completá con el partitivo correcto; en un caso no va ninguno.,Mi ha prestato ___ scarponi da sci.,degli,,,,,
13,s:r02-06:c,cloze,Usá la preposición articulada donde corresponda.,Carlo è nato ___ Regno Unito. (in),nel,,,,,
13,s:r02-10:a,translate,Traducí al italiano.,Fiona vive en la isla de Skye.,Fiona abita sull'isola di Skye.,Fiona abita nell'isola di Skye. | Fiona vive sull'isola di Skye. | Fiona vive nell'isola di Skye.,,,,
13,s:r02-10:b,translate,Traducí al italiano.,Donald vive en las Órcadas. (le Orcadi),Donald abita nelle Orcadi.,Donald abita alle Orcadi. | Donald vive nelle Orcadi. | Donald vive alle Orcadi.,,,,
13,s:r02-10:c,translate,Traducí al italiano.,Alberto vive en Capri.,Alberto abita a Capri.,Alberto vive a Capri.,,,,
13,s:r02-10:d,translate,Traducí al italiano.,Barbara va a la isla de Man.,Barbara va all'isola di Man.,Barbara va sull'isola di Man. | Barbara va nell'isola di Man.,,,,
13,s:r02-10:e,translate,Traducí al italiano.,Alistair va a las Hébridas. (le Ebridi),Alistair va alle Ebridi.,Alistair va nelle Ebridi.,,,,
13,s:r02-10:f,translate,Traducí al italiano.,Sandra va a Cuba.,Sandra va a Cuba.,,,,,
14,b2-idio-06,choice,Elegí la forma correcta.,Mi ___ i film italiani.,piacciono,,piacciono | piace | piaccio,,,
14,b2-idio-07,cloze,Completá con el passato prossimo de «piacere».,Le ___ (piacere) molto quella mostra.,è piaciuta,,,,,
14,d10-001,choice,Elegí piace (una sola cosa o un verbo en infinitivo) o piacciono (varias cosas).,Gli ___ studiare.,piace,,piace | piacciono,,,
14,d10-002,choice,Elegí piace (una sola cosa o un verbo en infinitivo) o piacciono (varias cosas).,Ti ___ i bambini?,piacciono,,piace | piacciono,,,
14,d10-003,choice,Elegí piace (una sola cosa o un verbo en infinitivo) o piacciono (varias cosas).,Non mi ___ i ragni.,piacciono,,piace | piacciono,,,
14,d10-004,choice,Elegí piace (una sola cosa o un verbo en infinitivo) o piacciono (varias cosas).,A loro ___ mangiare.,piace,,piace | piacciono,,,
14,d10-005,choice,Elegí piace (una sola cosa o un verbo en infinitivo) o piacciono (varias cosas).,Ci ___ i fiori.,piacciono,,piace | piacciono,,,
14,d10-006,choice,Elegí piace (una sola cosa o un verbo en infinitivo) o piacciono (varias cosas).,Le ___ scrivere poesie.,piace,,piace | piacciono,,,
14,d10-007,choice,Elegí piace (una sola cosa o un verbo en infinitivo) o piacciono (varias cosas).,Vi ___ gli sport?,piacciono,,piace | piacciono,,,
14,d10-008,choice,Elegí piace (una sola cosa o un verbo en infinitivo) o piacciono (varias cosas).,Gli ___ i vini italiani.,piacciono,,piace | piacciono,,,
14,d10-009,choice,Elegí piace (una sola cosa o un verbo en infinitivo) o piacciono (varias cosas).,Ti ___ il caffè ristretto?,piace,,piace | piacciono,,,
14,d10-010,choice,Elegí piace (una sola cosa o un verbo en infinitivo) o piacciono (varias cosas).,A Mario ___ la bistecca fiorentina.,piace,,piace | piacciono,,,
14,d10-031,conjugate,"Completá con piacere en pasado: passato prossimo (è piaciuto/a, sono piaciuti/e: una vez, «gustó») o imperfetto (piaceva, piacevano: costumbre o estado, «gustaba»).",Quest'ultimo disegno non ci ___. (no nos gustó),è piaciuto,,,,,
14,d10-034,conjugate,"Completá con piacere en pasado: passato prossimo (è piaciuto/a, sono piaciuti/e: una vez, «gustó») o imperfetto (piaceva, piacevano: costumbre o estado, «gustaba»).",Ieri ho letto un libro che mi ___. (me gustó),è piaciuto,,,,,
14,d10-039,conjugate,"Completá con piacere en pasado: passato prossimo (è piaciuto/a, sono piaciuti/e: una vez, «gustó») o imperfetto (piaceva, piacevano: costumbre o estado, «gustaba»).",Mi ___ quel film. (me gustó),è piaciuto,,,,,
14,d10-040,conjugate,"Completá con piacere en pasado: passato prossimo (è piaciuto/a, sono piaciuti/e: una vez, «gustó») o imperfetto (piaceva, piacevano: costumbre o estado, «gustaba»).",Al gatto non ___ il nuovo cibo. (no le gustó),è piaciuto,,,,,
14,d10-041,conjugate,"Conjugá en presente el verbo entre paréntesis. Funciona como piacere: concuerda con lo que interesa, alcanza, parece o importa.",I film di lui non mi ___ (interessare).,interessano,,,,,
14,d10-042,conjugate,"Conjugá en presente el verbo entre paréntesis. Funciona como piacere: concuerda con lo que interesa, alcanza, parece o importa.",Mi ___ (bastare) tre tuorli.,bastano,,,,,
14,d10-043,conjugate,"Conjugá en presente el verbo entre paréntesis. Funciona como piacere: concuerda con lo que interesa, alcanza, parece o importa.",Loro ci ___ (sembrare) onesti.,sembrano,,,,,
14,d10-044,conjugate,"Conjugá en presente el verbo entre paréntesis. Funciona como piacere: concuerda con lo que interesa, alcanza, parece o importa.",Queste cose non le ___ (importare).,importano,,,,,
14,d10-045,conjugate,"Conjugá en presente el verbo entre paréntesis. Funciona como piacere: concuerda con lo que interesa, alcanza, parece o importa.",La ragazza non gli ___ (sembrare) sincera.,sembra,,,,,
14,d10-046,conjugate,"Conjugá en presente el verbo entre paréntesis. Funciona como piacere: concuerda con lo que interesa, alcanza, parece o importa.",Questo posto mi ___ (sembrare) ideale.,sembra,,,,,
14,d10-047,conjugate,"Conjugá en presente el verbo entre paréntesis. Funciona como piacere: concuerda con lo que interesa, alcanza, parece o importa.",Ce n'è soltanto uno. Non ci ___ (bastare) questo.,basta,,,,,
14,d10-048,conjugate,"Conjugá en presente el verbo entre paréntesis. Funciona como piacere: concuerda con lo que interesa, alcanza, parece o importa.",Non gli ___ (interessare) le idee degli altri.,interessano,,,,,
14,d10-049,conjugate,"Conjugá en presente el verbo entre paréntesis. Funciona como piacere: concuerda con lo que interesa, alcanza, parece o importa.",A me ___ (interessare) la moda.,interessa,,,,,
14,d10-050,conjugate,"Conjugá en presente el verbo entre paréntesis. Funciona como piacere: concuerda con lo que interesa, alcanza, parece o importa.",A Paolo e Giuseppe ___ (importare) gli sport.,importano,,,,,
14,d10-051,translate,"Traducí al italiano usando mancare. Ojo: lo que se extraña es el sujeto (Ti manco = me extrañás, literalmente «te falto»).",Los extraño. (a ellos),Mi mancano.,Loro mi mancano.,,,,
14,d10-052,translate,"Traducí al italiano usando mancare. Ojo: lo que se extraña es el sujeto (Ti manco = me extrañás, literalmente «te falto»).",(Vos) la extrañás.,Ti manca.,Lei ti manca.,,,,
14,d10-053,translate,"Traducí al italiano usando mancare. Ojo: lo que se extraña es el sujeto (Ti manco = me extrañás, literalmente «te falto»).",Ellos me extrañan.,Gli manco.,Manco a loro. | A loro manco. | Io gli manco.,,,,
14,d10-054,translate,"Traducí al italiano usando mancare. Ojo: lo que se extraña es el sujeto (Ti manco = me extrañás, literalmente «te falto»).",Los extrañamos a ustedes.,Ci mancate.,Voi ci mancate.,,,,
14,d10-055,translate,"Traducí al italiano usando mancare. Ojo: lo que se extraña es el sujeto (Ti manco = me extrañás, literalmente «te falto»).",Ellos los extrañan. (a ellos),Gli mancano.,A loro mancano. | Mancano a loro.,,,,
14,s:r25-04:a,cloze,Completá las palabras que faltan para preguntar a quién le gusta qué.,___ tuoi figli ___ andare a teatro? (¿A tus hijos les gusta ir al teatro?),Ai | piace,,,,,
14,s:r25-04:b,cloze,Completá las palabras que faltan para preguntar a quién le gusta qué.,___ tutti i tuoi amici ___ viaggiare all'estero? (¿A todos tus amigos les gusta viajar al exterior?),A | piace,,,,,
14,s:r25-04:c,cloze,Completá las palabras que faltan para preguntar a quién le gusta qué.,___ nessuno ___ la musica lirica? (¿A nadie le gusta la ópera?),A | piace,,,,,
14,s:r25-09:a,cloze,"Volviste de vacaciones en familia: decí a quién le gustó qué, en passato prossimo.",A mia moglie ___ l'albergo di lusso.,è piaciuto,,,,,
14,s:r25-09:b,cloze,"Volviste de vacaciones en familia: decí a quién le gustó qué, en passato prossimo.",A mia suocera ___ i negozi.,sono piaciuti,,,,,
14,s:r25-09:c,cloze,"Volviste de vacaciones en familia: decí a quién le gustó qué, en passato prossimo.",Ai miei figli ___ la piscina.,è piaciuta,,,,,
14,s:r25-09:d,cloze,"Volviste de vacaciones en familia: decí a quién le gustó qué, en passato prossimo.",A me e a mio suocero ___ le passeggiate in montagna.,sono piaciute,,,,,
15,b2-pass-05,translate,Traducí al italiano.,"Cuando (yo) era chico, iba al mar todos los veranos.","Quando ero piccolo, andavo al mare tutte le estati","Quando ero piccola, andavo al mare tutte le estati | Quando ero piccolo, andavo al mare ogni estate | Quando ero piccola, andavo al mare ogni estate | Da piccolo andavo al mare tutte le estati | Da piccola andavo al mare tutte le estati | Da piccolo andavo al mare ogni estate | Da piccola andavo al mare ogni estate | Da bambino andavo al mare ogni estate | Da bambina andavo al mare ogni estate | Da bambino andavo al mare tutte le estati | Da bambina andavo al mare tutte le estati | Quando ero bambino, andavo al mare tutte le estati | Quando ero bambino, andavo al mare ogni estate | Quando ero bambina, andavo al mare tutte le estati | Quando ero bambina, andavo al mare ogni estate",,,,
15,d16-051,conjugate,Conjugá el verbo en imperfetto (pretérito imperfecto) según el sujeto.,Tu ___ (mangiare),mangiavi,,,,,
15,d16-052,conjugate,Conjugá el verbo en imperfetto (pretérito imperfecto) según el sujeto.,Lui ___ (parlare),parlava,,,,,
15,d16-053,conjugate,Conjugá el verbo en imperfetto (pretérito imperfecto) según el sujeto.,Loro ___ (scrivere),scrivevano,,,,,
15,d16-054,conjugate,Conjugá el verbo en imperfetto (pretérito imperfecto) según el sujeto.,I bimbi ___ (dormire),dormivano,,,,,
15,d16-055,conjugate,Conjugá el verbo en imperfetto (pretérito imperfecto) según el sujeto.,Tu e Laura ___ (ripetere),ripetevate,,,,,
15,d16-056,conjugate,Conjugá el verbo en imperfetto (pretérito imperfecto) según el sujeto.,Io ___ (andare),andavo,,,,,
15,d16-057,conjugate,Conjugá el verbo en imperfetto (pretérito imperfecto) según el sujeto.,Noi ___ (preferire),preferivamo,,,,,
15,d16-058,conjugate,Conjugá el verbo en imperfetto (pretérito imperfecto) según el sujeto.,Gli amici ___ (venire),venivano,,,,,
15,d16-059,conjugate,Conjugá el verbo en imperfetto (pretérito imperfecto) según el sujeto.,Voi ___ (giocare),giocavate,,,,,
15,d16-060,conjugate,Conjugá el verbo en imperfetto (pretérito imperfecto) según el sujeto.,La donna ___ (finire),finiva,,,,,
15,d16-061,translate,Traducí al italiano usando el imperfetto.,(Nosotros) estábamos comiendo.,Mangiavamo,Noi mangiavamo | Stavamo mangiando | Noi stavamo mangiando,,,,
15,d16-062,translate,Traducí al italiano usando el imperfetto.,(Yo) iba / solía ir.,Andavo,Io andavo,,,,
15,d16-063,translate,Traducí al italiano usando el imperfetto.,(Ellos) estudiaban.,Studiavano,Loro studiavano,,,,
15,d16-064,translate,Traducí al italiano usando el imperfetto.,(Él) estaba contento.,Era contento,Lui era contento | Era felice | Lui era felice,,,,
15,d16-065,translate,Traducí al italiano usando el imperfetto.,(Ella) tenía hambre.,Aveva fame,Lei aveva fame,,,,
15,d16-066,translate,Traducí al italiano usando el imperfetto.,Lorenzo estaba trabajando.,Lorenzo lavorava,Lorenzo stava lavorando,,,,
15,d16-067,translate,Traducí al italiano usando el imperfetto.,(Ellos) eran pobres.,Erano poveri,Loro erano poveri,,,,
15,d16-068,translate,Traducí al italiano usando el imperfetto.,Era medianoche.,Era mezzanotte,,,,,
15,d16-069,translate,Traducí al italiano usando el imperfetto.,(Yo) tenía frío.,Avevo freddo,Io avevo freddo,,,,
15,d16-070,translate,Traducí al italiano usando el imperfetto.,(Ella) estaba haciendo las valijas.,Faceva le valigie,Lei faceva le valigie | Stava facendo le valigie | Lei stava facendo le valigie,,,,
15,s:r01-01:a,choice,Elegí la forma verbal correcta para completar cada oración.,Il popolo danese ___ contro la UE. (El pueblo danés estaba en contra de la UE.),era,,era | erano,,,
15,s:r02-02b:j,cloze,Completá con el partitivo correcto; en un caso no va ninguno.,"Volevo ___ mandarini, non ___ arance.",dei | delle,,,,,
15,s:r18-02b:c,translate,Traducí al italiano.,Mi hermana dice que nuestro tío antes siempre comía demasiado pero que ahora no come casi nada. (quasi niente),Mia sorella dice che nostro zio mangiava sempre troppo ma che adesso non mangia quasi niente.,"Mia sorella dice che nostro zio mangiava sempre troppo ma adesso non mangia quasi niente. | Mia sorella dice che nostro zio mangiava sempre troppo ma che ora non mangia quasi niente. | Mia sorella dice che nostro zio prima mangiava sempre troppo ma che adesso non mangia quasi niente. | Mia sorella dice che nostro zio mangiava sempre troppo, ma che adesso non mangia quasi niente. | Mia sorella dice che nostro zio prima mangiava sempre troppo ma adesso non mangia quasi niente.",,,,
15,s:r20-01b:a,translate,Las cosas ya no son como antes. Completá con el imperfetto.,Adesso la città è piena di macchine. Trent'anni fa… ___ (había muy pocos autos).,c'erano pochissime macchine,c'erano pochissime auto | c'erano molto poche macchine | c'erano poche macchine,,,,
15,s:r20-01b:b,translate,Las cosas ya no son como antes. Completá con el imperfetto.,Al giorno d'oggi la gente ha paura di uscire di notte. Vent'anni fa… ___ (nadie tenía miedo).,nessuno aveva paura,non aveva paura nessuno,,,,
15,s:r20-01b:c,translate,Las cosas ya no son como antes. Completá con el imperfetto.,Al giorno d'oggi tutti i giovani bevono tanto. Anni fa… ___ (tomaban muy poco).,bevevano pochissimo,bevevano molto poco | bevevano poco,,,,
15,s:r20-01b:d,translate,Las cosas ya no son como antes. Completá con el imperfetto.,Adesso nessuno va più a Messa. Ai miei tempi… ___ (todos iban a misa).,tutti andavano a Messa,andavano tutti a Messa | tutti andavano a messa | andavano tutti a messa,,,,
15,s:r20-01c:a,translate,Traducí al italiano eligiendo bien los tiempos (passato prossimo o imperfetto).,"El martes, mientras Anna escuchaba la radio, Pietro preparó la cena.","Martedì, mentre Anna ascoltava la radio, Pietro ha preparato la cena.","Martedì mentre Anna ascoltava la radio Pietro ha preparato la cena. | Martedì, mentre Anna ascoltava la radio, Pietro ha fatto la cena. | Martedì mentre Anna ascoltava la radio Pietro ha fatto la cena.",,,,
15,s:r20-01c:b,translate,Traducí al italiano eligiendo bien los tiempos (passato prossimo o imperfetto).,El miércoles Anna limpió la casa mientras Pietro preparaba una clase. (una lezione),Mercoledì Anna ha pulito la casa mentre Pietro preparava una lezione.,"Mercoledì, Anna ha pulito la casa mentre Pietro preparava una lezione.",,,,
15,s:r20-01c:c,translate,Traducí al italiano eligiendo bien los tiempos (passato prossimo o imperfetto).,Ayer fuimos a una fiesta. Fue una noche maravillosa.,Ieri siamo andati a una festa. È stata una serata meravigliosa.,"Ieri siamo andati ad una festa. È stata una serata meravigliosa. | Ieri siamo andate a una festa. È stata una serata meravigliosa. | Ieri siamo andati a una festa, è stata una serata meravigliosa. | Ieri siamo andati a una festa è stata una serata meravigliosa. | Ieri siamo andati a una festa. È stata una notte meravigliosa.",,,,
15,s:r20-01c:d,translate,Traducí al italiano eligiendo bien los tiempos (passato prossimo o imperfetto).,Ayer salimos a caminar porque era una noche hermosa.,Ieri siamo andati a fare una passeggiata perché era una bella serata.,Ieri abbiamo fatto una passeggiata perché era una bella serata. | Ieri siamo usciti a fare una passeggiata perché era una bella serata. | Ieri siamo andate a fare una passeggiata perché era una bella serata. | Ieri siamo andati a fare una passeggiata perché era una serata bellissima. | Ieri siamo andati a fare una passeggiata perché era una bella notte. | Ieri siamo usciti a camminare perché era una bella serata. | Ieri siamo andati a camminare perché era una bella serata.,,,,
15,s:r20-01c:e,translate,Traducí al italiano eligiendo bien los tiempos (passato prossimo o imperfetto).,El año pasado fui a Córcega. Me gustó mucho.,L'anno scorso sono andato in Corsica. Mi è piaciuta molto.,"L'anno scorso sono andata in Corsica. Mi è piaciuta molto. | L'anno scorso sono andato in Corsica. Mi è piaciuta moltissimo. | L'anno scorso sono andata in Corsica. Mi è piaciuta moltissimo. | L'anno scorso sono andato in Corsica, mi è piaciuta molto. | L'anno scorso sono andato in Corsica mi è piaciuta molto. | L'anno scorso sono andata in Corsica, mi è piaciuta molto. | L'anno scorso sono andata in Corsica mi è piaciuta molto.",,,,
15,s:r20-01c:f,translate,Traducí al italiano eligiendo bien los tiempos (passato prossimo o imperfetto).,Cuando vivía en Londres me gustaba visitar los museos.,Quando abitavo a Londra mi piaceva visitare i musei.,"Quando vivevo a Londra mi piaceva visitare i musei. | Quando abitavo a Londra, mi piaceva visitare i musei. | Quando vivevo a Londra, mi piaceva visitare i musei.",,,,
15,s:r20-01d:f,cloze,Completá con el trapassato prossimo en todos los casos menos uno. ¿Cuál es la excepción?,"Quando ___, ho visto Enzo che saliva le scale. (uscire – io)",sono uscito,sono uscita,,,,
15,s:r20-02b:a,translate,Entraron a robar al lado. Respondé en italiano con el imperfetto.,"Non ha sentito niente quando hanno rotto il vetro della finestra? – No, estaba escuchando la radio.","No, stavo ascoltando la radio.","No stavo ascoltando la radio. | No, ascoltavo la radio. | No ascoltavo la radio. | No, stavo sentendo la radio. | No stavo sentendo la radio. | No, sentivo la radio. | No sentivo la radio.",,,,
15,s:r20-02b:b,translate,Entraron a robar al lado. Respondé en italiano con el imperfetto.,"Sono passati per il giardino? – No sé, estaba preparando la cena en la cocina.","Non lo so, stavo preparando la cena in cucina.","Non lo so stavo preparando la cena in cucina. | Non so, stavo preparando la cena in cucina. | Non so stavo preparando la cena in cucina. | Non lo so, preparavo la cena in cucina. | Non lo so preparavo la cena in cucina. | Non so, preparavo la cena in cucina. | Non so preparavo la cena in cucina.",,,,
15,s:r20-02c:a,cloze,"Completá con la forma correcta del verbo (imperfetto o passato prossimo de los modales, sapere).",___ partire alle tre ma il treno è in ritardo. (Tenía que),Dovevo,,,,,
15,s:r20-02c:c,cloze,"Completá con la forma correcta del verbo (imperfetto o passato prossimo de los modales, sapere).",Purtroppo ___ il professore perché era malato. (no pude ver),non ho potuto vedere,,,,,
15,s:r20-02c:d,cloze,"Completá con la forma correcta del verbo (imperfetto o passato prossimo de los modales, sapere).",Mi hanno detto che ___ il medico prima di lunedì. (no podía ver),non potevo vedere,,,,,
15,s:r20-02c:e,cloze,"Completá con la forma correcta del verbo (imperfetto o passato prossimo de los modales, sapere).",___ dalla segretaria che il mio capo era in vacanza. (Me enteré),Ho saputo,,,,,
15,s:r20-02c:f,cloze,"Completá con la forma correcta del verbo (imperfetto o passato prossimo de los modales, sapere).",___ che il mio capo era in vacanza. (Sabía),Sapevo,,,,,
15,s:r20-03b:d,translate,Traducí al italiano evitando el trapassato donde sea posible (participio o infinitivo compuesto).,"Una vez que mi mujer salió del hospital, pude volver al trabajo. (uscire da)","Uscita mia moglie dall'ospedale, sono potuto tornare al lavoro.","Uscita mia moglie dall'ospedale sono potuto tornare al lavoro. | Uscita mia moglie dall'ospedale, ho potuto tornare al lavoro. | Uscita mia moglie dall'ospedale ho potuto tornare al lavoro. | Una volta uscita mia moglie dall'ospedale, sono potuto tornare al lavoro. | Una volta uscita mia moglie dall'ospedale sono potuto tornare al lavoro. | Una volta uscita mia moglie dall'ospedale, ho potuto tornare al lavoro. | Una volta uscita mia moglie dall'ospedale ho potuto tornare al lavoro. | Una volta che mia moglie è uscita dall'ospedale, sono potuto tornare al lavoro. | Una volta che mia moglie è uscita dall'ospedale sono potuto tornare al lavoro. | Una volta che mia moglie è uscita dall'ospedale, ho potuto tornare al lavoro. | Una volta che mia moglie è uscita dall'ospedale ho potuto tornare al lavoro.",,,,
15,s:r20-05:a,translate,Traducí al italiano con el tiempo correcto (imperfetto + da o trapassato).,No la veía desde diciembre.,Non la vedevo da dicembre.,Non la vedeva da dicembre.,,,,
15,s:r20-05:b,translate,Traducí al italiano con el tiempo correcto (imperfetto + da o trapassato).,La conocía desde que tenía tres años.,La conoscevo da quando avevo tre anni.,La conosceva da quando aveva tre anni. | La conoscevo da quando aveva tre anni.,,,,
15,s:r20-05:c,translate,Traducí al italiano con el tiempo correcto (imperfetto + da o trapassato).,Hacía una hora que esperaba.,Aspettava da un'ora.,Era da un'ora che aspettava. | Aspettavo da un'ora. | Era da un'ora che aspettavo.,,,,
15,s:r20-07b:a,translate,No estabas preparado para lo que iba a pasar. Completá en italiano.,Non sapevo che… ___ (venían tan pronto).,venivano così presto,sarebbero venuti così presto | venivano tanto presto | sarebbero venuti tanto presto | sarebbero arrivati così presto | arrivavano così presto,,,,
15,s:r20-07b:b,translate,No estabas preparado para lo que iba a pasar. Completá en italiano.,Mio figlio non mi aveva detto che… ___ (dormía afuera).,dormiva fuori,avrebbe dormito fuori,,,,
15,s:r20-07b:c,translate,No estabas preparado para lo que iba a pasar. Completá en italiano.,Mio marito non mi aveva avvertito che… ___ (traía veinte invitados a cenar).,portava venti invitati a cena,avrebbe portato venti invitati a cena,,,,
15,s:r20-07b:d,translate,No estabas preparado para lo que iba a pasar. Completá en italiano.,Nessuno mi aveva detto che… ___ (estaban por vender la casa).,stavano per vendere la casa,,,,,
16,d17-001,cloze,Completá con el passato prossimo del verbo reflexivo entre paréntesis (essere + participio concordado).,La famiglia ___ (trasferirsi) in Italia.,si è trasferita,,,,,
16,d17-002,cloze,Completá con el passato prossimo del verbo reflexivo entre paréntesis (essere + participio concordado).,Lui ___ (mettersi) una cravatta oggi.,si è messo,,,,,
16,d17-003,cloze,Completá con el passato prossimo del verbo reflexivo entre paréntesis (essere + participio concordado).,Noi ___ (divertirsi) tantissimo ieri sera.,ci siamo divertiti,ci siamo divertite,,,,
16,d17-004,cloze,Completá con el passato prossimo del verbo reflexivo entre paréntesis (essere + participio concordado).,Io ___ (prepararsi).,mi sono preparato,mi sono preparata,,,,
16,d17-005,cloze,Completá con el passato prossimo del verbo reflexivo entre paréntesis (essere + participio concordado).,Paolo e Francesca ___ (innamorarsi) subito.,si sono innamorati,,,,,
16,d17-006,cloze,Completá con el passato prossimo del verbo reflexivo entre paréntesis (essere + participio concordado).,Ieri gli studenti ___ (laurearsi).,si sono laureati,,,,,
16,d17-008,cloze,Completá con el passato prossimo del verbo reflexivo entre paréntesis (essere + participio concordado).,Voi ___ (alzarsi) tardi.,vi siete alzati,vi siete alzate,,,,
16,d17-009,cloze,Completá con el passato prossimo del verbo reflexivo entre paréntesis (essere + participio concordado).,Loro ___ (separarsi).,si sono separati,si sono separate,,,,
16,d17-010,cloze,Completá con el passato prossimo del verbo reflexivo entre paréntesis (essere + participio concordado).,Tu ___ (lamentarsi).,ti sei lamentato,ti sei lamentata,,,,
16,d17-011,cloze,"Completá con el verbo reflexivo entre paréntesis en passato prossimo o en imperfetto, según las pistas de la frase.","La domenica, lei ed i bambini ___ (divertirsi).",si divertivano,,,,,
16,d17-012,cloze,"Completá con el verbo reflexivo entre paréntesis en passato prossimo o en imperfetto, según las pistas de la frase.",Io ___ (preoccuparsi) sempre.,mi preoccupavo,,,,,
16,d17-013,cloze,"Completá con el verbo reflexivo entre paréntesis en passato prossimo o en imperfetto, según las pistas de la frase.",Ieri noi ___ (vedersi).,ci siamo visti,ci siamo viste,,,,
16,d17-014,cloze,"Completá con el verbo reflexivo entre paréntesis en passato prossimo o en imperfetto, según las pistas de la frase.",Ogni giorno gli amici ___ (vedersi).,si vedevano,,,,,
16,d17-015,cloze,"Completá con el verbo reflexivo entre paréntesis en passato prossimo o en imperfetto, según las pistas de la frase.","Domenica, loro ___ (laurearsi).",si sono laureati,si sono laureate,,,,
16,d17-016,cloze,"Completá con el verbo reflexivo entre paréntesis en passato prossimo o en imperfetto, según las pistas de la frase.","Ieri sera, io ___ (addormentarsi) presto.",mi sono addormentato,mi sono addormentata,,,,
16,d17-017,cloze,"Completá con el verbo reflexivo entre paréntesis en passato prossimo o en imperfetto, según las pistas de la frase.","Mentre loro ___ (parlarsi), io leggevo un libro.",si parlavano,,,,,
16,d17-018,cloze,"Completá con el verbo reflexivo entre paréntesis en passato prossimo o en imperfetto, según las pistas de la frase.",Io ___ (trovarsi) molto bene a Venezia.,mi sono trovato,mi sono trovata | mi trovavo,,,,
16,d17-019,cloze,"Completá con el verbo reflexivo entre paréntesis en passato prossimo o en imperfetto, según las pistas de la frase.","Da bambino, tu ___ (lamentarsi) spesso.",ti lamentavi,,,,,
16,d17-020,cloze,"Completá con el verbo reflexivo entre paréntesis en passato prossimo o en imperfetto, según las pistas de la frase.","Mentre parlavano con il poeta, Paolo e Francesca ___ (ricordarsi) del tempo felice.",si sono ricordati,si ricordavano,,,,
16,rf2-16-01,choice,Elegí la forma correcta.,Stamattina Anna ___ alle sette.,si è alzata,,si è alzata | si ha alzata | è alzata,,,
16,rf2-16-02,choice,Elegí la forma correcta.,Ieri sera ___ molto alla festa.,ci siamo divertiti,,ci siamo divertiti | ci abbiamo divertiti | siamo divertito,,,
16,rf2-16-03,cloze,Completá con el passato prossimo del verbo reflexivo.,Marco e Luca ___ (conoscersi) a Roma.,si sono conosciuti,,,,,
16,rf2-16-04,cloze,Completá con el passato prossimo del verbo reflexivo.,Giulia ___ (lavarsi) le mani.,si è lavata,si è lavate,,,,
16,rf2-16-05,choice,Elegí la forma correcta (habla un hombre).,Non ___ del problema.,mi sono accorto,,mi sono accorto | mi ho accorto | sono accorto,,,
16,rf2-16-06,translate,Traducí al italiano.,Me olvidé las llaves.,Mi sono dimenticato le chiavi,Mi sono dimenticata le chiavi | Ho dimenticato le chiavi,,,,
16,rf2-16-07,translate,Traducí al italiano.,Nos casamos en 2015.,Ci siamo sposati nel 2015,Ci siamo sposate nel 2015,,,,
16,rf2-16-08,cloze,Completá con el passato prossimo del verbo reflexivo.,Le ragazze ___ (svegliarsi) tardi.,si sono svegliate,,,,,
16,rf2-16-09,choice,Elegí la forma correcta (le hablás a un hombre).,Perché ___? Eri stanco?,ti sei fermato,,ti sei fermato | ti hai fermato | sei fermato,,,
16,rf2-16-10,cloze,Completá con el passato prossimo del verbo reflexivo.,Voi ___ (vestirsi) in fretta.,vi siete vestiti,vi siete vestite,,,,
16,rf2-16-11,choice,Elegí el auxiliar.,Mi ___ dovuto alzare presto.,sono,,sono | ho | è,,,
16,rf2-16-12,choice,Elegí la forma correcta.,Sabato scorso Paola e io ___ in centro.,ci siamo incontrate,,ci siamo incontrate | si sono incontrate | ci abbiamo incontrate,,,
16,s:r02-01:c,cloze,Describí a este hombre y su estado: completá con el artículo determinado donde haga falta.,Purtroppo si è rotto ___ gamba!,la,,,,,
16,s:r07-06c:c,cloze,¡Pobres! Completá la terminación del participio.,"La mia fidanzata si è bruciata le mani. – Poveretta, se le è bruciat___ cucinando?",e,,,,,
16,s:r07-06c:d,cloze,¡Pobres! Completá la terminación del participio.,"Il mio fidanzato si è rotto la spalla. – Poveretto, se l'è rott___ cadendo?",a,,,,,
16,s:r18-01d:c,cloze,¿Qué dijeron? Pasá a estilo indirecto con el comienzo dado (verbo introductorio en presente).,‘Ci siamo conosciuti un mese fa e stiamo molto bene insieme.’ → Secondo Elisabetta e Marco ___.,si sono conosciuti un mese fa e stanno molto bene insieme,,,,,
17,b2-prep-08,choice,Elegí la forma correcta.,___ è a casa.,Mia sorella,,Mia sorella | La mia sorella | Sorella mia,,,
17,d13-001,cloze,"Completá con la forma correcta de questo (este) o quello (ese, aquel), según la palabra que sigue.",Non mi piace ___ (ese).,quello,,,,,
17,d13-002,cloze,"Completá con la forma correcta de questo (este) o quello (ese, aquel), según la palabra que sigue.",___ (aquel) edificio è famoso.,Quell',,,,,
17,d13-003,cloze,"Completá con la forma correcta de questo (este) o quello (ese, aquel), según la palabra que sigue.",___ (esta) professoressa è intelligente.,Questa,,,,,
17,d13-004,cloze,"Completá con la forma correcta de questo (este) o quello (ese, aquel), según la palabra que sigue.",___ (aquella) professoressa è vecchia.,Quella,,,,,
17,d13-005,cloze,"Completá con la forma correcta de questo (este) o quello (ese, aquel), según la palabra que sigue.",Le case nuove? Lui preferisce ___ (esas) vecchie.,quelle,,,,,
17,d13-006,cloze,"Completá con la forma correcta de questo (este) o quello (ese, aquel), según la palabra que sigue.",___ (este) è il mio amico Stefano.,Questo,,,,,
17,d13-007,cloze,"Completá con la forma correcta de questo (este) o quello (ese, aquel), según la palabra que sigue.",___ (esos) stati sono vicino al Messico.,Quegli,,,,,
17,d13-009,cloze,"Completá con la forma correcta de questo (este) o quello (ese, aquel), según la palabra que sigue.",Questi fiori? Preferisco ___ (esos).,quelli,,,,,
17,d13-010,cloze,"Completá con la forma correcta de questo (este) o quello (ese, aquel), según la palabra que sigue.",___ (estos) biscotti sono deliziosi.,Questi,,,,,
17,d13-011,translate,"Traducí al italiano usando un adjetivo indefinido (alcuni, qualche, troppi, ogni, qualsiasi…). El sustantivo en italiano está entre paréntesis.",algunos libros (libri),alcuni libri,qualche libro | dei libri,,,,
17,d13-012,translate,"Traducí al italiano usando un adjetivo indefinido (alcuni, qualche, troppi, ogni, qualsiasi…). El sustantivo en italiano está entre paréntesis.",demasiados chicos (ragazzi),troppi ragazzi,,,,,
17,d13-013,translate,"Traducí al italiano usando un adjetivo indefinido (alcuni, qualche, troppi, ogni, qualsiasi…). El sustantivo en italiano está entre paréntesis.",tantos turistas (turisti),tanti turisti,così tanti turisti,,,,
17,d13-014,translate,"Traducí al italiano usando un adjetivo indefinido (alcuni, qualche, troppi, ogni, qualsiasi…). El sustantivo en italiano está entre paréntesis.",pocos estudiantes (studenti),pochi studenti,,,,,
17,d13-015,translate,"Traducí al italiano usando un adjetivo indefinido (alcuni, qualche, troppi, ogni, qualsiasi…). El sustantivo en italiano está entre paréntesis.",mucho vino (vino),molto vino,tanto vino,,,,
17,d13-016,translate,"Traducí al italiano usando un adjetivo indefinido (alcuni, qualche, troppi, ogni, qualsiasi…). El sustantivo en italiano está entre paréntesis.",cualquier chica (ragazza),qualsiasi ragazza,qualunque ragazza,,,,
17,d13-017,translate,"Traducí al italiano usando un adjetivo indefinido (alcuni, qualche, troppi, ogni, qualsiasi…). El sustantivo en italiano está entre paréntesis.",varios políticos (politici),vari politici,diversi politici,,,,
17,d13-018,translate,"Traducí al italiano usando un adjetivo indefinido (alcuni, qualche, troppi, ogni, qualsiasi…). El sustantivo en italiano está entre paréntesis.",unas cuantas casas (case),parecchie case,diverse case | varie case | alcune case,,,,
17,d13-019,translate,"Traducí al italiano usando un adjetivo indefinido (alcuni, qualche, troppi, ogni, qualsiasi…). El sustantivo en italiano está entre paréntesis.",otras palabras (parole),altre parole,,,,,
17,d13-020,translate,"Traducí al italiano usando un adjetivo indefinido (alcuni, qualche, troppi, ogni, qualsiasi…). El sustantivo en italiano está entre paréntesis.",ninguna razón (ragione),nessuna ragione,,,,,
17,d13-021,translate,"Traducí al italiano usando un pronombre indefinido (pochi, nessuno, ognuno, qualcosa, alcuni…).",Pocos vinieron hoy.,Pochi sono venuti oggi.,Oggi sono venuti pochi. | Sono venuti pochi oggi. | Oggi sono venuti in pochi. | Sono venuti in pochi oggi.,,,,
17,d13-022,translate,"Traducí al italiano usando un pronombre indefinido (pochi, nessuno, ognuno, qualcosa, alcuni…).",No me gustan tantos.,Non mi piacciono tanti.,,,,,
17,d13-023,translate,"Traducí al italiano usando un pronombre indefinido (pochi, nessuno, ognuno, qualcosa, alcuni…).",Nadie estudia.,Nessuno studia.,Non studia nessuno.,,,,
17,d13-025,translate,"Traducí al italiano usando un pronombre indefinido (pochi, nessuno, ognuno, qualcosa, alcuni…).",Cada uno tiene que comer bien.,Ognuno deve mangiare bene.,Ciascuno deve mangiare bene.,,,,
17,d13-026,translate,"Traducí al italiano usando un pronombre indefinido (pochi, nessuno, ognuno, qualcosa, alcuni…).",No hay nada bueno para comer.,Non c'è niente di buono da mangiare.,Non c'è nulla di buono da mangiare.,,,,
17,d13-027,translate,"Traducí al italiano usando un pronombre indefinido (pochi, nessuno, ognuno, qualcosa, alcuni…).",Algo cambió.,Qualcosa è cambiato.,È cambiato qualcosa.,,,,
17,d13-028,translate,"Traducí al italiano usando un pronombre indefinido (pochi, nessuno, ognuno, qualcosa, alcuni…).",Algunos no trabajan.,Alcuni non lavorano.,,,,,
17,d13-030,translate,"Traducí al italiano usando un pronombre indefinido (pochi, nessuno, ognuno, qualcosa, alcuni…).",Muchos piensan que sí.,Molti pensano di sì.,,,,,
17,d13-031,translate,Traducí al italiano con el adjetivo posesivo. Poné el artículo cuando corresponde (no va con un familiar en singular sin adjetivo: mio padre).,mi auto,la mia macchina,la mia auto | la mia automobile,,,,
17,d13-032,translate,Traducí al italiano con el adjetivo posesivo. Poné el artículo cuando corresponde (no va con un familiar en singular sin adjetivo: mio padre).,tu hermano (de vos),tuo fratello,,,,,
17,d13-033,translate,Traducí al italiano con el adjetivo posesivo. Poné el artículo cuando corresponde (no va con un familiar en singular sin adjetivo: mio padre).,su querida abuela (de él),la sua cara nonna,la sua dolce nonna,,,,
17,d13-034,translate,Traducí al italiano con el adjetivo posesivo. Poné el artículo cuando corresponde (no va con un familiar en singular sin adjetivo: mio padre).,sus casas (de ella),le sue case,,,,,
17,d13-035,translate,Traducí al italiano con el adjetivo posesivo. Poné el artículo cuando corresponde (no va con un familiar en singular sin adjetivo: mio padre).,mis primos,i miei cugini,,,,,
17,d13-036,translate,Traducí al italiano con el adjetivo posesivo. Poné el artículo cuando corresponde (no va con un familiar en singular sin adjetivo: mio padre).,su madre (de ella),sua madre,,,,,
17,d13-037,translate,Traducí al italiano con el adjetivo posesivo. Poné el artículo cuando corresponde (no va con un familiar en singular sin adjetivo: mio padre).,sus hijas (de él),le sue figlie,,,,,
17,d13-038,translate,Traducí al italiano con el adjetivo posesivo. Poné el artículo cuando corresponde (no va con un familiar en singular sin adjetivo: mio padre).,nuestra clase,la nostra classe,,,,,
17,d13-039,translate,Traducí al italiano con el adjetivo posesivo. Poné el artículo cuando corresponde (no va con un familiar en singular sin adjetivo: mio padre).,su ciudad (de ustedes),la vostra città,,,,,
17,d13-040,translate,Traducí al italiano con el adjetivo posesivo. Poné el artículo cuando corresponde (no va con un familiar en singular sin adjetivo: mio padre).,sus libros (de ellos),i loro libri,,,,,
17,d13-041,cloze,"Completá con el pronombre posesivo en italiano, con su artículo, según la pista entre paréntesis.","Noi portiamo i nostri figli, voi portate ___ (los de ustedes).",i vostri,,,,,
17,d13-042,cloze,"Completá con el pronombre posesivo en italiano, con su artículo, según la pista entre paréntesis.","I miei cugini, ___ (los de él).",i suoi,,,,,
17,d13-043,cloze,"Completá con el pronombre posesivo en italiano, con su artículo, según la pista entre paréntesis.","le vostre macchine, ___ (las mías).",le mie,,,,,
17,d13-044,cloze,"Completá con el pronombre posesivo en italiano, con su artículo, según la pista entre paréntesis.","le nostre case, ___ (las de ellos).",le loro,,,,,
17,d13-045,cloze,"Completá con el pronombre posesivo en italiano, con su artículo, según la pista entre paréntesis.",Quel libro? È ___ (de ella).,suo,il suo,,,,
17,d13-046,cloze,"Completá con el pronombre posesivo en italiano, con su artículo, según la pista entre paréntesis.","I nostri parenti, ___ (los tuyos).",i tuoi,,,,,
17,d13-047,cloze,"Completá con el pronombre posesivo en italiano, con su artículo, según la pista entre paréntesis.","I tuoi gatti, ___ (los nuestros).",i nostri,,,,,
17,d13-048,cloze,"Completá con el pronombre posesivo en italiano, con su artículo, según la pista entre paréntesis.","la loro nonna, ___ (la de él).",la sua,,,,,
17,d13-049,cloze,"Completá con el pronombre posesivo en italiano, con su artículo, según la pista entre paréntesis.","il suo veterinario, ___ (el del perro).",il suo,,,,,
17,d13-050,cloze,"Completá con el pronombre posesivo en italiano, con su artículo, según la pista entre paréntesis.","il mio dentista, ___ (el de ella).",il suo,,,,,
17,s:r08-01:a,cloze,Estás devolviendo sus cosas a los invitados que se van de la fiesta. Completá con el posesivo adecuado y su artículo.,"Claudio, ecco ___ giacca.",la tua,,,,,
17,s:r08-01:b,cloze,Estás devolviendo sus cosas a los invitados que se van de la fiesta. Completá con el posesivo adecuado y su artículo.,"Letizia, ecco ___ ombrello.",il tuo,,,,,
17,s:r08-01:c,cloze,Estás devolviendo sus cosas a los invitados que se van de la fiesta. Completá con el posesivo adecuado y su artículo.,"Signor Nardi, ecco ___ cappotto.",il Suo,il suo,,,,
17,s:r08-01:d,cloze,Estás devolviendo sus cosas a los invitados que se van de la fiesta. Completá con el posesivo adecuado y su artículo.,"Signori, ecco ___ impermeabili.",i vostri,i Loro | i loro,,,,
17,s:r08-01:e,cloze,Estás devolviendo sus cosas a los invitados que se van de la fiesta. Completá con el posesivo adecuado y su artículo.,"Ragazzi, ecco ___ giacche a vento.",le vostre,,,,,
17,s:r08-01:f,cloze,Estás devolviendo sus cosas a los invitados que se van de la fiesta. Completá con el posesivo adecuado y su artículo.,"Paolo e Claudia, ecco ___ zaino.",il vostro,,,,,
17,s:r08-01b:a,translate,Traducí al italiano (en italiano no existe el genitivo sajón: se usa di).,La madre de Leonardo está enferma.,La madre di Leonardo è malata.,La mamma di Leonardo è malata.,,,,
17,s:r08-01b:b,translate,Traducí al italiano (en italiano no existe el genitivo sajón: se usa di).,La esposa del señor Palladino está de vacaciones.,La moglie del signor Palladino è in vacanza.,La moglie del signor Palladino è in ferie.,,,,
17,s:r08-01b:c,translate,Traducí al italiano (en italiano no existe el genitivo sajón: se usa di).,El gato de los vecinos es negro.,Il gatto dei vicini è nero.,,,,,
17,s:r08-01b:d,translate,Traducí al italiano (en italiano no existe el genitivo sajón: se usa di).,Encontré los zapatos de Elisabetta y también los de Antonio.,Ho trovato le scarpe di Elisabetta e anche quelle di Antonio.,Ho trovato le scarpe di Elisabetta e quelle di Antonio.,,,,
17,s:r08-01b:e,translate,Traducí al italiano (en italiano no existe el genitivo sajón: se usa di).,Perdí la carta de Marta y también la de su hermana.,Ho perso la lettera di Marta e anche quella di sua sorella.,Ho perso la lettera di Marta e quella di sua sorella.,,,,
17,s:r08-01b:f,translate,Traducí al italiano (en italiano no existe el genitivo sajón: se usa di).,Nos vemos en lo de Giovanni.,Ci vediamo da Giovanni.,Ci vediamo a casa di Giovanni.,,,,
17,s:r08-01c:a,cloze,Completá con el equivalente italiano. Ojo: muchas veces el italiano no usa el posesivo.,"Piove, devi prendere ___ (tu paraguas).",l'ombrello,,,,,
17,s:r08-01c:c,cloze,Completá con el equivalente italiano. Ojo: muchas veces el italiano no usa el posesivo.,"Fa freddo, perché non ti metti ___ (tu pulóver)?",il maglione,il golf,,,,
17,s:r08-01c:d,cloze,Completá con el equivalente italiano. Ojo: muchas veces el italiano no usa el posesivo.,Mi fa male ___ (el pie).,il piede,,,,,
17,s:r08-01c:e,cloze,Completá con el equivalente italiano. Ojo: muchas veces el italiano no usa el posesivo.,Si sono tolti ___ (el sombrero).,il cappello,i cappelli,,,,
17,s:r08-02:a,cloze,Reescribí la parte indicada usando la forma adecuada de suo o loro (con el artículo que corresponda).,Non ho mai visto la casa del signor Pirelli. → Non ho mai visto ___.,la sua casa,,,,,
17,s:r08-02:b,cloze,Reescribí la parte indicada usando la forma adecuada de suo o loro (con el artículo que corresponda).,La casa di Mariella è molto piccola. → ___ è molto piccola.,La sua casa,,,,,
17,s:r08-02:c,cloze,Reescribí la parte indicada usando la forma adecuada de suo o loro (con el artículo que corresponda).,Ti piace la nuova casa di Emilia e Patrizio? → Ti piace ___?,la loro nuova casa,,,,,
17,s:r08-02:d,cloze,Reescribí la parte indicada usando la forma adecuada de suo o loro (con el artículo que corresponda).,L'appartamento di Gianni ha un balcone enorme. → ___ ha un balcone enorme.,Il suo appartamento,,,,,
17,s:r08-02:e,cloze,Reescribí la parte indicada usando la forma adecuada de suo o loro (con el artículo que corresponda).,L'appartamento di Gigliola si trova al secondo piano. → ___ si trova al secondo piano.,Il suo appartamento,,,,,
17,s:r08-02:f,cloze,Reescribí la parte indicada usando la forma adecuada de suo o loro (con el artículo que corresponda).,L'appartamento dei signori Mancini è in via Manin. → ___ è in via Manin.,Il loro appartamento,,,,,
17,s:r08-02:g,cloze,Reescribí la parte indicada usando la forma adecuada de suo o loro (con el artículo que corresponda).,Non mi piacciono le amiche di Sandra. → Non mi piacciono ___.,le sue amiche,,,,,
17,s:r08-02:h,cloze,Reescribí la parte indicada usando la forma adecuada de suo o loro (con el artículo que corresponda).,Siamo usciti con le amiche di Flavia e Fulvio. → Siamo usciti con ___.,le loro amiche,,,,,
17,s:r08-02:i,cloze,Reescribí la parte indicada usando la forma adecuada de suo o loro (con el artículo que corresponda).,I figli del signor Vezzani frequentano l'università. → ___ frequentano l'università.,I suoi figli,,,,,
17,s:r08-02:j,cloze,Reescribí la parte indicada usando la forma adecuada de suo o loro (con el artículo que corresponda).,I figli dei vicini vivono tutti all'estero. → ___ vivono tutti all'estero.,I loro figli,,,,,
17,s:r08-02b:a,cloze,"Combiná el posesivo con un indefinido, un número o un demostrativo.",È arrivato con ___ (tres amigos suyos).,tre suoi amici,tre amici suoi,,,,
17,s:r08-02b:b,cloze,"Combiná el posesivo con un indefinido, un número o un demostrativo.",Siamo uscite con ___ (algunos clientes nuestros).,alcuni nostri clienti,alcuni clienti nostri | qualche nostro cliente | qualche cliente nostro,,,,
17,s:r08-02b:c,cloze,"Combiná el posesivo con un indefinido, un número o un demostrativo.",Ho litigato con ___ (esos amigos tuyos).,quei tuoi amici,quegli amici tuoi,,,,
17,s:r08-03:a,cloze,Completá con el equivalente italiano de lo que está entre paréntesis.,Conosce ___ (mis hijos)?,i miei figli,,,,,
17,s:r08-03:b,cloze,Completá con el equivalente italiano de lo que está entre paréntesis.,Questi sono ___ (nuestros nietos).,i nostri nipoti,,,,,
17,s:r08-03:c,cloze,Completá con el equivalente italiano de lo que está entre paréntesis.,Queste sono ___ (mis sobrinas).,le mie nipoti,,,,,
17,s:r08-03:d,cloze,Completá con el equivalente italiano de lo que está entre paréntesis.,Ti faccio conoscere ___ (nuestras hijas).,le nostre figlie,,,,,
17,s:r08-03b:a,cloze,"Completá con el posesivo italiano adecuado (propio, de uno).",È importante trovare soddisfazione nel ___ (propio) lavoro.,proprio,,,,,
17,s:r08-03b:b,cloze,"Completá con el posesivo italiano adecuado (propio, de uno).",È necessario esaminare ___ (la propia) coscienza.,la propria,,,,,
17,s:r08-03b:c,cloze,"Completá con el posesivo italiano adecuado (propio, de uno).",Ognuno ha diritto alla ___ (propia) opinione.,propria,,,,,
17,s:r08-03b:d,cloze,"Completá con el posesivo italiano adecuado (propio, de uno).",Ho pagato con ___ (mis propios) soldi.,i miei,i miei propri,,,,
17,s:r08-04:a,cloze,Presentá a tu familia y amigos con la forma adecuada del posesivo (con o sin artículo).,"Questo è ___ (mi) marito, Enrico, e questa è ___ (nuestra) figlia, Laura.",mio | nostra,,,,,
17,s:r08-04:b,cloze,Presentá a tu familia y amigos con la forma adecuada del posesivo (con o sin artículo).,"Questo è ___ (mi) figlio, Claudio, e questa è ___ (su) fidanzata, Emilia.",mio | la sua,,,,,
17,s:r08-04:c,cloze,Presentá a tu familia y amigos con la forma adecuada del posesivo (con o sin artículo).,"Questa è Alessandra, ___ (nuestra) figlia più grande, e questo è ___ (su) fidanzato, Alessio.",la nostra | il suo,,,,,
17,s:r08-04:d,cloze,Presentá a tu familia y amigos con la forma adecuada del posesivo (con o sin artículo).,"Ti presento ___ (mi) mamma e ___ (mi) fratellino, Roberto.",la mia | il mio,mia | il mio,,,,
17,s:r08-04:e,cloze,Presentá a tu familia y amigos con la forma adecuada del posesivo (con o sin artículo).,"Questa è ___ (mi) moglie e queste sono ___ (nuestras) figlie, Simonetta e Chiara.",mia | le nostre,,,,,
17,s:r08-05:a,cloze,Completá con el pronombre posesivo italiano adecuado.,Tu prendi la tua macchina e io prendo ___ (la mía).,la mia,,,,,
17,s:r08-05:b,cloze,Completá con el pronombre posesivo italiano adecuado.,Io ho invitato le mie amiche e lei ha invitato ___ (las suyas).,le sue,,,,,
17,s:r08-05:c,cloze,Completá con el pronombre posesivo italiano adecuado.,"A me piace il mio professore, a te piace ___ (el tuyo)?",il tuo,,,,,
17,s:r08-05:d,cloze,Completá con el pronombre posesivo italiano adecuado.,Tu porti tuo padre e io porto ___ (el mío).,il mio,,,,,
17,s:r08-06:a,cloze,"Reemplazá lo que está entre paréntesis por el pronombre posesivo, prestando atención al artículo.","Enrico, è ___ (tuyo) questo libro? – No, non è ___ (mío). ___ (El mío) è qui.",tuo | mio | Il mio,il tuo | mio | il mio | tuo | il mio | il mio | il tuo | il mio | il mio,,,,
17,s:r08-06:b,cloze,"Reemplazá lo que está entre paréntesis por el pronombre posesivo, prestando atención al artículo.","Che bella sciarpa! È ___ (suya), signora? – No, non è ___ (mía). ___ (La mía) è quella nera.",Sua | mia | La mia,la Sua | mia | la mia | Sua | la mia | la mia | la Sua | la mia | la mia,,,,
17,s:r08-06:c,cloze,"Reemplazá lo que está entre paréntesis por el pronombre posesivo, prestando atención al artículo.","Ho trovato delle chiavi. Sono ___ (de él)? – No, non sono ___ (de él), sono ___ (mías).",sue | sue | mie,le sue | le sue | le mie,,,,
17,s:r09-01:a,translate,Reaccioná a cada frase usando ciò o questo: escribí en italiano la respuesta. Puede haber más de una posibilidad.,Riccardo è molto depresso. – Eso no me interesa.,Ciò non mi interessa.,Questo non mi interessa. | Ciò non m'interessa. | Questo non m'interessa.,,,,
17,s:r09-01:c,translate,Reaccioná a cada frase usando ciò o questo: escribí en italiano la respuesta. Puede haber más de una posibilidad.,Silvia guadagna meno di Umberto. – Eso no parece justo.,Ciò non mi sembra giusto.,Questo non mi sembra giusto. | Ciò non sembra giusto. | Questo non sembra giusto. | Ciò non mi pare giusto. | Questo non mi pare giusto.,,,,
17,s:r09-01:d,translate,Reaccioná a cada frase usando ciò o questo: escribí en italiano la respuesta. Puede haber más de una posibilidad.,Sono divorziati. – Eso no es cierto.,Ciò non è vero.,Questo non è vero. | Non è vero.,,,,
17,s:r09-02:a,translate,"Comentá estas situaciones: escribí en italiano la respuesta (ojo, 'eso es…' no se traduce con quello).","Marco si è rotto la gamba. – ¡Qué lástima, no puede ir a esquiar! (andare a sciare)","Che peccato, non può andare a sciare!","Peccato, non può andare a sciare! | È un peccato, non può andare a sciare!",,,,
17,s:r09-02:c,translate,"Comentá estas situaciones: escribí en italiano la respuesta (ojo, 'eso es…' no se traduce con quello).",Costerà mezzo milione. – ¡Es absurdo!,È assurdo!,Ma è assurdo! | Che assurdità! | Assurdo!,,,,
17,s:r09-02:e,translate,"Comentá estas situaciones: escribí en italiano la respuesta (ojo, 'eso es…' no se traduce con quello).","Ti posso dare un passaggio? – Gracias, sos muy amable.","Grazie, sei molto gentile.","Grazie, molto gentile. | Grazie, sei gentilissimo. | Grazie, sei gentilissima.",,,,
17,s:r09-03:a,cloze,"Completá con la forma adecuada de quello, dos veces en cada ítem.",Ho scelto ___ gonna. Ho scelto ___ altra gonna.,quella | quell',,,,,
17,s:r09-03:b,cloze,"Completá con la forma adecuada de quello, dos veces en cada ítem.",Ho scelto ___ impermeabile. Ho scelto ___ altro impermeabile.,quell' | quell',,,,,
17,s:r09-03:c,cloze,"Completá con la forma adecuada de quello, dos veces en cada ítem.",Hai visto ___ programma? Hai visto ___ strano programma?,quel | quello,,,,,
17,s:r09-03:d,cloze,"Completá con la forma adecuada de quello, dos veces en cada ítem.",Hai visto ___ documentario? Hai visto ___ interessante documentario cinese?,quel | quell',,,,,
17,s:r09-03:e,cloze,"Completá con la forma adecuada de quello, dos veces en cada ítem.",Non mi piacciono ___ colori. Non mi piacciono ___ altri colori.,quei | quegli,,,,,
17,s:r09-03:f,cloze,"Completá con la forma adecuada de quello, dos veces en cada ítem.",Non mi piacciono ___ edifici. Non mi piacciono ___ grandi edifici moderni.,quegli | quei,,,,,
17,s:r09-03b:a,translate,Te está mostrando la ciudad tu anfitrión. Hacele preguntas en italiano tratándolo de Lei.,Questo è il liceo Leopardi. – ¿Acá es donde usted fue al colegio?,È qui che è andato a scuola?,È qua che è andato a scuola? | È qui che è andata a scuola? | È qui che ha fatto il liceo? | È qui che è andato al liceo?,,,,
17,s:r09-03b:b,translate,Te está mostrando la ciudad tu anfitrión. Hacele preguntas en italiano tratándolo de Lei.,Quello lì è il mercato coperto. – ¿Ahí es donde usted hace las compras?,È lì che fa la spesa?,È là che fa la spesa? | È lì che fa gli acquisti? | È lì che fa le compere?,,,,
17,s:r09-03b:c,translate,Te está mostrando la ciudad tu anfitrión. Hacele preguntas en italiano tratándolo de Lei.,Questa qua è la piazza principale. – ¿Acá es donde está el museo?,È qui che si trova il museo?,È qua che si trova il museo? | È qui che c'è il museo? | È qua che c'è il museo?,,,,
17,s:r09-03b:d,translate,Te está mostrando la ciudad tu anfitrión. Hacele preguntas en italiano tratándolo de Lei.,Quella lì è una pasticceria rinomata. – ¿Ahí es donde trabaja su hija?,È lì che lavora Sua figlia?,È là che lavora Sua figlia?,,,,
17,s:r09-04:a,cloze,¿Qué animales te señalan en el zoológico? Completá con la forma adecuada del pronombre quello.,Guarda quella tigre! – Quale? – ___ lì. (Esa),Quella,,,,,
17,s:r09-04:b,cloze,¿Qué animales te señalan en el zoológico? Completá con la forma adecuada del pronombre quello.,Guarda quel leone! – Quale? – ___ lì. (Ese),Quello,,,,,
17,s:r09-04:c,cloze,¿Qué animales te señalan en el zoológico? Completá con la forma adecuada del pronombre quello.,Hai visto quegli ippopotami? – Quali? – ___. ___. (Esos. Esos tres.),Quelli | Quei tre,,,,,
17,s:r09-04:d,cloze,¿Qué animales te señalan en el zoológico? Completá con la forma adecuada del pronombre quello.,Hai visto quei pappagalli? – Quali? – ___. ___. (Esos. Los verdes.),Quelli | Quelli verdi,,,,,
17,s:r09-04:e,cloze,¿Qué animales te señalan en el zoológico? Completá con la forma adecuada del pronombre quello.,"Hai visto quell'elefante? – Quale? – ___? (¿Ese?) – No, ___. (ese otro más chico)",Quello | quell'altro più piccolo,,,,,
17,s:r09-04b:a,translate,Traducí al italiano usando ecco perché o ecco come cuando se pueda. Puede haber más de una posibilidad.,Il treno si è fermato a Prato. – Por eso llego tarde.,Ecco perché sono in ritardo.,È per questo che sono in ritardo. | Per questo sono in ritardo.,,,,
17,s:r09-04b:b,translate,Traducí al italiano usando ecco perché o ecco come cuando se pueda. Puede haber más de una posibilidad.,Manca la benzina. – ¡Por eso el auto no arranca!,Ecco perché la macchina non parte!,Ecco perché la macchina non si avvia! | Ecco perché l'auto non parte! | È per questo che la macchina non parte!,,,,
17,s:r09-04b:c,translate,Traducí al italiano usando ecco perché o ecco come cuando se pueda. Puede haber más de una posibilidad.,"Non lo sai usare? – Mirá, así es como funciona…","Guarda, ecco come funziona.","Ecco come funziona. | Guarda, funziona così. | Guarda, ecco come funziona…",,,,
17,s:r09-04b:d,translate,Traducí al italiano usando ecco perché o ecco come cuando se pueda. Puede haber más de una posibilidad.,Come lo sai che Tilda si separa dal marito? – Mi hermano es amigo del marido; así me enteré.,"Mio fratello è amico di suo marito, ecco come l'ho saputo.","Mio fratello è un amico di suo marito, ecco come l'ho saputo. | Mio fratello è amico del marito, ecco come l'ho saputo. | Mio fratello è un amico del marito, ecco come l'ho saputo. | Mio fratello è amico di suo marito, ecco come lo so. | Mio fratello è un amico di suo marito, ecco come lo so. | Mio fratello è amico del marito, ecco come lo so. | Mio fratello è un amico del marito, ecco come lo so.",,,,
17,s:r09-05:a,translate,Traducí al italiano usando questo y quello.,"Esta es la cocina y este, acá, es el baño.",Questa è la cucina e questo qui è il bagno.,Questa è la cucina e questo qua è il bagno. | Questa è la cucina e qui c'è il bagno. | Questa è la cucina e questo è il bagno.,,,,
17,s:r09-05:b,translate,Traducí al italiano usando questo y quello.,"Esta es mi pieza, acá, y esa es la tuya, allá.",Questa qui è la mia camera e quella lì è la tua.,Questa qua è la mia camera e quella là è la tua. | Questa è la mia camera e quella lì è la tua. | Questa qui è la mia stanza e quella lì è la tua. | Questa è la mia stanza e quella lì è la tua. | Questa è la mia camera e quella là è la tua.,,,,
17,s:r09-05:c,translate,Traducí al italiano usando questo y quello.,"¿Cuánto cuesta esta (una pasta, una masita)? ¿Y esa?",Quanto costa questa? E quella?,,,,,
17,s:r09-05:d,translate,Traducí al italiano usando questo y quello.,"¿Cuánto cuestan estas (cartoline, postales)? ¿Y esas?",Quanto costano queste? E quelle?,,,,,
17,s:r09-05b:a,translate,Traducí al italiano eligiendo entre ecco quello che y quello che.,"Para acceder a internet, esto es lo que tenés que hacer… (avere accesso a)","Per avere accesso a internet, ecco quello che devi fare.","Per avere accesso a internet, ecco cosa devi fare. | Per avere accesso a internet, ecco ciò che devi fare. | Per avere accesso a internet ecco quello che devi fare.",,,,
17,s:r09-05b:b,translate,Traducí al italiano eligiendo entre ecco quello che y quello che.,Esto es lo que me dijo…,Ecco quello che mi ha detto.,Ecco cosa mi ha detto. | Ecco ciò che mi ha detto.,,,,
17,s:r09-05b:c,translate,Traducí al italiano eligiendo entre ecco quello che y quello che.,"Sí, eso es lo que pienso hacer. (aver intenzione di)","Sì, è quello che ho intenzione di fare.","Sì, è ciò che ho intenzione di fare. | Sì, è proprio quello che ho intenzione di fare.",,,,
17,s:r09-05b:d,translate,Traducí al italiano eligiendo entre ecco quello che y quello che.,No es eso lo que quiero decir.,Non è quello che voglio dire.,Non è ciò che voglio dire. | Non è quello che intendo dire. | Non è quello che intendo.,,,,
17,s:r12-01:a,cloze,"Completá con el equivalente italiano de algo, alguien, nada o nadie.",C'è ___ che non capisco.,qualcosa,,,,,
17,s:r12-01:b,cloze,"Completá con el equivalente italiano de algo, alguien, nada o nadie.",C'è ___ alla porta.,qualcuno,,,,,
17,s:r12-01:c,cloze,"Completá con el equivalente italiano de algo, alguien, nada o nadie.",Non c'è ___ nel cassetto.,niente,nulla,,,,
17,s:r12-01:d,cloze,"Completá con el equivalente italiano de algo, alguien, nada o nadie.",Non c'è ___ in giro. (por ahí),nessuno,,,,,
17,s:r12-01:e,cloze,"Completá con el equivalente italiano de algo, alguien, nada o nadie.",C'è ___ in casa?,qualcuno,,,,,
17,s:r12-01:f,cloze,"Completá con el equivalente italiano de algo, alguien, nada o nadie.",Posso fare ___?,qualcosa,,,,,
17,s:r12-01b:a,choice,Completá con ogni o qualche.,Mi saluta ___ volta che mi vede.,ogni,,ogni | qualche,,,
17,s:r12-01b:b,choice,Completá con ogni o qualche.,"___ volta mi saluta, ma non sempre.",qualche,,ogni | qualche,,,
17,s:r12-01b:c,choice,Completá con ogni o qualche.,Vado in Italia ___ anno.,ogni,,ogni | qualche,,,
17,s:r12-01b:d,choice,Completá con ogni o qualche.,Ci vediamo fra ___ anno.,qualche,,ogni | qualche,,,
17,s:r12-01b:e,choice,Completá con ogni o qualche.,___ studente deve munirsi di una tessera.,ogni,,ogni | qualche,,,
17,s:r12-01b:f,choice,Completá con ogni o qualche.,C'è ___ studente che non ha la tessera?,qualche,,ogni | qualche,,,
17,s:r12-01c:a,cloze,Reemplazá lo que está entre paréntesis por la forma adecuada de tutto.,Abbiamo organizzato ___ (todo).,tutto,,,,,
17,s:r12-01c:b,cloze,Reemplazá lo que está entre paréntesis por la forma adecuada de tutto.,Vengono ___ (todos)?,tutti,,,,,
17,s:r12-01c:c,cloze,Reemplazá lo que está entre paréntesis por la forma adecuada de tutto.,Siamo ___ (todos) qui.,tutti,tutte,,,,
17,s:r12-01c:d,cloze,Reemplazá lo que está entre paréntesis por la forma adecuada de tutto.,Hanno dimenticato ___ (todos los) libri.,tutti i,,,,,
17,s:r12-01c:e,cloze,Reemplazá lo que está entre paréntesis por la forma adecuada de tutto.,Sono stato a letto ___ (toda la) giornata.,tutta la,,,,,
17,s:r12-01c:f,cloze,Reemplazá lo que está entre paréntesis por la forma adecuada de tutto.,Lavoro ___ (todas las) sere.,tutte le,,,,,
17,s:r12-01c:g,cloze,Reemplazá lo que está entre paréntesis por la forma adecuada de tutto.,Vengono ___ (absolutamente todos) da noi.,tutti quanti,,,,,
17,s:r12-01c:h,cloze,Reemplazá lo que está entre paréntesis por la forma adecuada de tutto.,La minestra ti fa bene. La devi mangiare ___ (toda).,tutta,,,,,
17,s:r12-01c:j,cloze,Reemplazá lo que está entre paréntesis por la forma adecuada de tutto.,"___ (Todos, sin excepción, los) studenti sono stati bocciati.",Tutti quanti gli,,,,,
17,s:r12-01d:a,cloze,Completá con el equivalente italiano de 'los/las tres…'.,___ (Las tres) case danno sul mare.,Tutte e tre le,,,,,
17,s:r12-01d:b,cloze,Completá con el equivalente italiano de 'los/las tres…'.,___ (Los cinco) appartamenti sono lussuosi.,Tutti e cinque gli,,,,,
17,s:r12-01d:c,cloze,Completá con el equivalente italiano de 'los/las tres…'.,___ (Las cuatro) mie sorelle sono insegnanti.,Tutte e quattro le,,,,,
17,s:r12-01d:d,cloze,Completá con el equivalente italiano de 'los/las tres…'.,___ (Los seis) giudici sono corrotti.,Tutti e sei i,,,,,
17,s:r12-01e:a,translate,Traducí al italiano.,Dejé mi agenda en algún lado.,Ho lasciato la mia agenda da qualche parte.,Ho lasciato l'agenda da qualche parte.,,,,
17,s:r12-01e:b,translate,Traducí al italiano.,Vamos a otro lado.,Andiamo da qualche altra parte.,Andiamo da un'altra parte. | Andiamo altrove.,,,,
17,s:r12-01e:c,translate,Traducí al italiano.,No voy a ningún lado.,Non vado da nessuna parte.,,,,,
17,s:r12-01e:d,translate,Traducí al italiano.,¿No se vende en ningún otro lado?,Non si vende da nessun'altra parte?,Non si vende in nessun altro posto?,,,,
17,s:r12-01e:f,translate,Traducí al italiano.,Buscaron en todos los demás lugares.,Hanno cercato da tutte le altre parti.,Hanno cercato in tutti gli altri posti.,,,,
17,s:r12-02:a,translate,Traducí al italiano con los pronombres indefinidos adecuados.,¿Quiere algo? (Lei),Vuole qualcosa?,Desidera qualcosa? | Vuole niente?,,,,
17,s:r12-02:b,translate,Traducí al italiano con los pronombres indefinidos adecuados.,No conozco a nadie que se llame Orazio.,Non conosco nessuno che si chiami Orazio.,Non conosco nessuno che si chiama Orazio. | Non conosco nessuno di nome Orazio.,,,,
17,s:r12-02:c,translate,Traducí al italiano con los pronombres indefinidos adecuados.,Hay alguien al teléfono.,C'è qualcuno al telefono.,,,,,
17,s:r12-02:d,translate,Traducí al italiano con los pronombres indefinidos adecuados.,No necesito nada.,Non ho bisogno di niente.,Non ho bisogno di nulla. | Non mi serve niente. | Non mi serve nulla.,,,,
17,s:r12-02:e,translate,Traducí al italiano con los pronombres indefinidos adecuados.,¿Hay alguien en la puerta?,C'è qualcuno alla porta?,,,,,
17,s:r12-02:f,translate,Traducí al italiano con los pronombres indefinidos adecuados.,¿Alguien vio mis anteojos?,Qualcuno ha visto i miei occhiali?,Ha visto qualcuno i miei occhiali? | Nessuno ha visto i miei occhiali?,,,,
17,s:r12-02b:a,translate,Traducí al italiano (usá tu cuando haga falta).,¿Lo viste en algún lado?,L'hai visto da qualche parte?,,,,,
17,s:r12-02b:b,translate,Traducí al italiano (usá tu cuando haga falta).,Te conocí en algún lado. (conoscere),Ti ho conosciuto da qualche parte.,Ti ho conosciuta da qualche parte. | Ti ho già conosciuto da qualche parte. | Ti ho già conosciuta da qualche parte.,,,,
17,s:r12-02b:c,translate,Traducí al italiano (usá tu cuando haga falta).,¿Vamos a otro lado?,Andiamo da qualche altra parte?,Andiamo altrove? | Andiamo da un'altra parte?,,,,
17,s:r12-02b:d,translate,Traducí al italiano (usá tu cuando haga falta).,No quiero ir a ningún lado.,Non voglio andare da nessuna parte.,,,,,
17,s:r12-02b:e,translate,Traducí al italiano (usá tu cuando haga falta).,No quiero ir a ningún otro lado.,Non voglio andare da nessun'altra parte.,Non voglio andare in nessun altro posto.,,,,
17,s:r12-03:a,cloze,Respondé las preguntas con pronombres indefinidos.,"Avete scattato delle belle foto? – Sì, ___. (algunas)",alcune,qualcuna,,,,
17,s:r12-03:b,cloze,Respondé las preguntas con pronombres indefinidos.,"Hai ricevuto qualche bel regalo? – Sì, ___. (algunos)",alcuni,qualcuno,,,,
17,s:r12-03:c,cloze,Respondé las preguntas con pronombres indefinidos.,"Avete dei progetti interessanti per quest'estate? – No, ___. (ninguno)",nessuno,,,,,
17,s:r12-03:d,cloze,Respondé las preguntas con pronombres indefinidos.,Mi serve un foglio di carta. – Ce n'è ___ sulla scrivania. (alguno),qualcuno,,,,,
17,s:r12-03:e,cloze,Respondé las preguntas con pronombres indefinidos.,"Hai per caso qualche busta? – Sì, ce n'è ___ nel cassetto. (alguna)",qualcuna,,,,,
17,s:r12-03b:a,cloze,Completá con la forma correcta del adjetivo nessuno.,Non c'è ___ problema.,nessun,,,,,
17,s:r12-03b:b,cloze,Completá con la forma correcta del adjetivo nessuno.,Non abbiamo ___ alternativa.,nessuna,,,,,
17,s:r12-03b:c,cloze,Completá con la forma correcta del adjetivo nessuno.,Non hai fatto ___ sforzo!,nessuno,,,,,
17,s:r12-03b:d,cloze,Completá con la forma correcta del adjetivo nessuno.,Non ho ___ voglia di farlo.,nessuna,,,,,
17,s:r12-03c:b,translate,Traducí al italiano estas frases de avisos publicitarios.,Tenés que estar listo para salir en cualquier momento.,Devi essere pronto a partire in ogni momento.,Devi essere pronto a partire in qualsiasi momento. | Devi essere pronta a partire in ogni momento. | Devi essere pronta a partire in qualsiasi momento. | Devi essere pronto a partire in qualunque momento. | Devi essere pronto a uscire in ogni momento. | Devi essere pronto a uscire in qualsiasi momento. | Devi essere pronto a uscire in qualunque momento. | Devi essere pronta a partire in qualunque momento. | Devi essere pronta a uscire in ogni momento. | Devi essere pronta a uscire in qualsiasi momento. | Devi essere pronta a uscire in qualunque momento.,,,,
17,s:r12-04:a,translate,Traducí al italiano.,"Como cuando quiero, a cualquier hora del día.","Mangio quando voglio, a qualsiasi ora del giorno.","Mangio quando voglio, a qualunque ora del giorno. | Mangio quando voglio, a qualsiasi ora della giornata. | Mangio quando voglio, in qualsiasi momento della giornata.",,,,
17,s:r12-04:b,translate,Traducí al italiano.,"Cuando tengas ganas, vení a verme. (tu)","Quando vuoi, vieni a trovarmi.","Vieni a trovarmi quando vuoi. | Quando ne hai voglia, vieni a trovarmi. | Vieni a trovarmi quando ne hai voglia. | Ogni volta che vuoi, vieni a trovarmi.",,,,
17,s:r12-05:a,translate,"Respondé en italiano, cuidando el equivalente de 'cualquier(a)'.",A che ora ti chiamo? – A cualquier hora.,A qualsiasi ora.,A qualunque ora.,,,,
17,s:r12-05:b,translate,"Respondé en italiano, cuidando el equivalente de 'cualquier(a)'.",Che colore preferisci? – Cualquier color está bien.,Qualsiasi colore va bene.,Qualunque colore va bene. | Va bene qualsiasi colore. | Va bene qualunque colore.,,,,
17,s:r12-05:c,translate,"Respondé en italiano, cuidando el equivalente de 'cualquier(a)'.",Che vino beviamo? – El que quieras.,Quello che vuoi.,Quello che preferisci. | Quello che ti pare.,,,,
17,s:r12-05:d,translate,"Respondé en italiano, cuidando el equivalente de 'cualquier(a)'.",Un whisky? Che marca vuoi? – Cualquiera.,Una qualsiasi.,Una qualunque. | Qualsiasi marca. | Va bene qualsiasi marca. | Qualunque marca va bene. | Qualsiasi marca va bene.,,,,
17,s:r12-07:a,cloze,Completá con la forma adecuada del pronombre ognuno.,___ ha diritto alla pensione.,Ognuno,,,,,
17,s:r12-07:b,cloze,Completá con la forma adecuada del pronombre ognuno.,In ___ delle stanze c'erano dei fiori.,ognuna,,,,,
17,s:r12-07:c,cloze,Completá con la forma adecuada del pronombre ognuno.,___ dei cinque figli è sposato.,Ognuno,,,,,
17,s:r12-07:d,cloze,Completá con la forma adecuada del pronombre ognuno.,___ di voi deve pagare domani.,Ognuno,Ognuna,,,,
17,s:r12-07:e,cloze,Completá con la forma adecuada del pronombre ognuno.,Devi compilare la domanda in ___ delle sue parti.,ognuna,,,,,
17,s:r12-08:a,cloze,Completá con la forma correcta del pronombre ciascuno.,Le cartoline costano un euro e 20 centesimi ___.,ciascuna,,,,,
17,s:r12-08:b,cloze,Completá con la forma correcta del pronombre ciascuno.,I panini costano tre euro ___.,ciascuno,,,,,
17,s:r12-08:c,cloze,Completá con la forma correcta del pronombre ciascuno.,Il generale ha dato una medaglia a ___ dei soldati.,ciascuno,,,,,
17,s:r12-08:d,cloze,Completá con la forma correcta del pronombre ciascuno.,Alle mie figlie ho dato 200 euro ___.,ciascuna,,,,,
17,s:r12-08:e,cloze,Completá con la forma correcta del pronombre ciascuno.,I miei figli hanno un computer ___.,ciascuno,,,,,
17,s:r12-08:f,cloze,Completá con la forma correcta del pronombre ciascuno.,___ di noi è libero di scegliere il proprio destino.,Ciascuno,,,,,
17,s:r12-09:a,translate,Traducí al italiano.,Todo el mundo necesita afecto.,Ognuno ha bisogno di affetto.,Tutti hanno bisogno di affetto. | Ciascuno ha bisogno di affetto.,,,,
17,s:r12-09:b,translate,Traducí al italiano.,Cada una de sus hijas se casó con un hombre rico.,Ognuna delle sue figlie ha sposato un uomo ricco.,Ciascuna delle sue figlie ha sposato un uomo ricco. | Ognuna delle sue figlie si è sposata con un uomo ricco. | Ciascuna delle sue figlie si è sposata con un uomo ricco.,,,,
17,s:r12-09:c,translate,Traducí al italiano.,En los cuatro restaurantes los mozos son antipáticos.,In tutti e quattro i ristoranti i camerieri sono antipatici.,In ognuno dei quattro ristoranti i camerieri sono antipatici. | In tutti e quattro i ristoranti i camerieri sono sgradevoli.,,,,
17,s:r12-09:d,translate,Traducí al italiano.,Todos ustedes tienen que hacer un esfuerzo.,Tutti voi dovete fare uno sforzo.,Dovete fare tutti uno sforzo. | Tutti dovete fare uno sforzo. | Ognuno di voi deve fare uno sforzo. | Dovete tutti fare uno sforzo.,,,,
17,s:r12-09:e,translate,Traducí al italiano.,Cada uno de ustedes merece un premio. (meritare),Ognuno di voi merita un premio.,Ciascuno di voi merita un premio.,,,,
17,s:r12-09:f,translate,Traducí al italiano.,Los lirios son caros. Cuestan 10 euros cada uno. (gigli),I gigli sono cari. Costano 10 euro ciascuno.,I gigli sono cari. Costano 10 euro l'uno. | I gigli sono cari. Costano dieci euro ciascuno. | I gigli sono cari. Costano dieci euro l'uno. | I gigli sono cari. Costano 10 euro l'uno,,,,
17,s:r12-11:b,translate,Traducí al italiano con chiunque.,Es fácil: cualquiera sabe hacerlo.,È semplice: lo sa fare chiunque.,"È semplice, lo sa fare chiunque. | È semplice: chiunque lo sa fare. | È semplice: chiunque sa farlo. | È semplice, chiunque lo sa fare. | È facile: lo sa fare chiunque. | È facile, lo sa fare chiunque. | È facile: chiunque lo sa fare. | È facile: chiunque sa farlo. | È facile, chiunque lo sa fare.",,,,
18,a2-esc-01,choice,Elegí la exclamación correcta.,___ bella giornata!,Che,,Che | Quanto | Come,,,
18,a2-esc-02,choice,Elegí la correcta.,___ sei cambiato!,Come,,Come | Che | Quale,,,
18,a2-neg-01,choice,Elegí la forma correcta.,Non ho visto ___.,nessuno,,nessuno | nessun | qualche,,,
18,a2-neg-02,choice,Elegí la forma correcta.,___ è venuto alla riunione.,Nessuno,,Nessuno | Non nessuno | Niente,,,
18,a2-neg-03,choice,Elegí la forma correcta.,Ho cambiato lavoro: non lavoro ___ qui.,più,,più | ancora | mai più,,,
18,a2-neg-04,choice,¿Qué significa «Non ho neanche un euro»?,Non ho neanche un euro.,No tengo ni un euro,,No tengo ni un euro | No tengo casi un euro | Tengo apenas un euro,,,
18,a2-neg-05,translate,Traducí al italiano.,Nunca he estado en Roma.,Non sono mai stato a Roma,Non sono mai stata a Roma,,,,
18,s:r11-01:a,choice,¿Cómo reaccionás? Elegí la exclamación más adecuada.,Tus amigos te dicen que no pueden venir:,Che peccato!,Che delusione!,Che peccato! | Che noia! | Che fortuna!,,,
18,s:r11-01:c,choice,¿Cómo reaccionás? Elegí la exclamación más adecuada.,Tu amigo fue al lugar de encuentro equivocado:,Che pasticcio!,Che rabbia!,Che pasticcio! | Che meraviglia! | Che bellezza!,,,
18,s:r11-01b:b,cloze,Completá con la interjección adecuada. Puede haber varias posibilidades.,Corrado ha dato del tu al preside! – ___ (¡No me digas!) E che cosa gli è successo?,Ma va',Ma va | Ma dai | Davvero | Ma no | Ma davvero | Non mi dire,,,,
18,s:r11-01b:d,cloze,Completá con la interjección adecuada. Puede haber varias posibilidades.,Abbiamo finito tutti quanti i compiti. – ___ (¡Muy bien!),Bravi,Bravissimi | Complimenti | Bene | Benissimo | Ottimo | Brave | Bravi!,,,,
18,s:r11-01b:h,cloze,Completá con la interjección adecuada. Puede haber varias posibilidades.,"Vuoi un'altra fetta di torta? – ___ (¡Dios me libre! / ¡Ni loca!), sto a dieta!",Per carità,Dio me ne scampi | Neanche per sogno | Ci mancherebbe | Per l'amor di Dio | Ma figurati | Macché | Nemmeno per sogno,,,,
18,s:r11-02:a,cloze,¡Qué lindo! Elogiá todo con che! y el adjetivo o sustantivo dado. Ojo con la concordancia.,Che ___! (quel giardino – bello),bel giardino,bello quel giardino,,,,
18,s:r11-02:b,cloze,¡Qué lindo! Elogiá todo con che! y el adjetivo o sustantivo dado. Ojo con la concordancia.,Che ___! (quella casa – meraviglia),meraviglia di casa,meraviglia quella casa,,,,
18,s:r11-02:c,cloze,¡Qué lindo! Elogiá todo con che! y el adjetivo o sustantivo dado. Ojo con la concordancia.,Che ___! (quei ragazzi – simpatico),ragazzi simpatici,simpatici quei ragazzi,,,,
18,s:r11-02:d,cloze,¡Qué lindo! Elogiá todo con che! y el adjetivo o sustantivo dado. Ojo con la concordancia.,Che ___! (quella ragazza – amore),amore di ragazza,amore quella ragazza,,,,
18,s:r11-02:e,cloze,¡Qué lindo! Elogiá todo con che! y el adjetivo o sustantivo dado. Ojo con la concordancia.,Che ___! (questi orecchini – carino),orecchini carini,carini questi orecchini | begli orecchini,,,,
18,s:r11-02:f,cloze,¡Qué lindo! Elogiá todo con che! y el adjetivo o sustantivo dado. Ojo con la concordancia.,Che ___! (questa maglietta – bellino),maglietta bellina,bellina questa maglietta,,,,
18,s:r11-03:a,translate,¿Qué comentás? Escribí en italiano la exclamación (con come o quanto).,Te quedaste afuera sin llaves: ¡Qué tonto que soy!,Come sono stupido!,Quanto sono stupido! | Come sono stupida! | Quanto sono stupida! | Che stupido che sono! | Che stupida che sono!,,,,
18,s:r11-03:b,translate,¿Qué comentás? Escribí en italiano la exclamación (con come o quanto).,No estás disfrutando del concierto: ¡Qué mal que tocan!,Come suonano male!,Quanto suonano male!,,,,
18,s:r11-03:c,translate,¿Qué comentás? Escribí en italiano la exclamación (con come o quanto).,Tu pareja perdió la agenda: ¡Qué distraído que sos!,Come sei sbadato!,Come sei sbadata! | Quanto sei sbadato! | Quanto sei sbadata! | Come sei distratto! | Come sei distratta! | Che sbadato che sei! | Che sbadata che sei!,,,,
18,s:r11-05:a,cloze,Completá con quanto o come. A veces sirven los dos.,___ dorme quel ragazzo!,Quanto,Come,,,,
18,s:r11-05:b,cloze,Completá con quanto o come. A veces sirven los dos.,___ soldi hai speso!,Quanti,,,,,
18,s:r11-05:c,cloze,Completá con quanto o come. A veces sirven los dos.,___ sono lenti!,Come,Quanto,,,,
18,s:r11-05:d,cloze,Completá con quanto o come. A veces sirven los dos.,___ mi dispiace!,Quanto,Come,,,,
18,s:r11-06:a,choice,¿Qué decís? Elegí la exclamación adecuada para cada situación.,Te invitaron a un concierto.,Che bello!,,Che bella! | Che bello! | Com'è bella!,,,
18,s:r11-06:d,choice,¿Qué decís? Elegí la exclamación adecuada para cada situación.,Ese chico es muy capo.,Che bravo!,Com'è bravo! | Quant'è bravo!,Com'è brava! | Che brava! | Che bravo!,,,
18,s:r14-01:a,translate,Escribí en italiano las respuestas.,"Ti chiami Edda? – No, no me llamo Edda, me llamo Emma.","No, non mi chiamo Edda, mi chiamo Emma.","No, non mi chiamo Edda, ma Emma. | No, non mi chiamo Edda. Mi chiamo Emma.",,,,
18,s:r14-01:b,translate,Escribí en italiano las respuestas.,Pioverà domani? – Creo que no. – ¡Espero que no!,Credo di no. Spero di no!,Penso di no. Spero di no! | Credo di no. Speriamo di no! | Penso di no. Speriamo di no! | Non credo. Spero di no! | Non credo. Speriamo di no!,,,,
18,s:r14-01:d,translate,Escribí en italiano las respuestas.,"Prendi l'aereo? – No, me gusta viajar en tren, no en avión.","No, mi piace viaggiare in treno, non in aereo.","No, mi piace viaggiare in treno e non in aereo.",,,,
18,s:r14-01:e,translate,Escribí en italiano las respuestas.,"Prendiamo un bicchierino insieme? – No, perdoná, hoy nada de vino.","No, mi dispiace, niente vino oggi.","No, mi dispiace, oggi niente vino. | No, scusa, niente vino oggi. | No, scusa, oggi niente vino.",,,,
18,s:r14-01b:a,choice,La palabra justa para cada situación. Elegí la respuesta adecuada.,Ti piace l'appartamento? –,Mica male!,,Mica male! | Meno male!,,,
18,s:r14-01b:b,choice,La palabra justa para cada situación. Elegí la respuesta adecuada.,Hai studiato il testo? –,Nient'affatto!,Niente!,Meno male! | Nient'affatto!,,,
18,s:r14-01b:c,choice,La palabra justa para cada situación. Elegí la respuesta adecuada.,Che cosa ti ha detto? –,Niente.,,Niente. | Per niente.,,,
18,s:r14-01b:d,choice,La palabra justa para cada situación. Elegí la respuesta adecuada.,Quand'è che si sposano? –,Mai!,,Mai più! | Mai!,,,
18,s:r14-01b:f,choice,La palabra justa para cada situación. Elegí la respuesta adecuada.,È stato interessante? –,Per niente!,Assolutamente no!,Niente. | Per niente!,,,
18,s:r14-01b:g,choice,La palabra justa para cada situación. Elegí la respuesta adecuada.,Hai capito? –,Per niente!,Nient'affatto!,Per niente! | Mai più!,,,
18,s:r14-01b:h,choice,La palabra justa para cada situación. Elegí la respuesta adecuada.,Hai intenzione di pagare la multa? –,Assolutamente no!,Mai!,Assolutamente no! | Mica male!,,,
18,s:r14-01c:a,translate,"Traducí al italiano, prestando atención a la posición de las negaciones.",No vi a nadie.,Non ho visto nessuno.,,,,,
18,s:r14-01c:b,translate,"Traducí al italiano, prestando atención a la posición de las negaciones.",Nunca vio el Mont Blanc.,Non ha mai visto il Monte Bianco.,,,,,
18,s:r14-01c:c,translate,"Traducí al italiano, prestando atención a la posición de las negaciones.",Todavía no se fue.,Non è ancora partita.,Non se n'è ancora andata. | Non è ancora uscita. | Non è ancora partito. | Non se n'è ancora andato. | Non è ancora uscito. | Non è ancora andata via. | Non è ancora andato via.,,,,
18,s:r14-01c:d,translate,"Traducí al italiano, prestando atención a la posición de las negaciones.",No quiero comer nada.,Non voglio mangiare niente.,Non voglio mangiare nulla.,,,,
18,s:r14-01c:e,translate,"Traducí al italiano, prestando atención a la posición de las negaciones.",Ella nunca quiere ayudar.,Non vuole mai aiutare.,Non vuole aiutare mai. | Lei non vuole mai aiutare.,,,,
18,s:r14-01c:f,translate,"Traducí al italiano, prestando atención a la posición de las negaciones.",Ya no quiero venir.,Non voglio più venire.,Non voglio venire più.,,,,
18,s:r14-02:a,translate,"Traducí al italiano con non … affatto, non … assolutamente o non … per niente (usá cada una al menos una vez).",No me gusta para nada.,Non mi piace per niente.,Non mi piace affatto. | Non mi piace per nulla.,,,,
18,s:r14-02:b,translate,"Traducí al italiano con non … affatto, non … assolutamente o non … per niente (usá cada una al menos una vez).",No lo conozco para nada.,Non lo conosco affatto.,Non lo conosco per niente. | Non lo conosco per nulla.,,,,
18,s:r14-02:c,translate,"Traducí al italiano con non … affatto, non … assolutamente o non … per niente (usá cada una al menos una vez).",No es para nada antipático.,Non è affatto antipatico.,Non è per niente antipatico. | Non è per nulla antipatico.,,,,
18,s:r14-02:d,translate,"Traducí al italiano con non … affatto, non … assolutamente o non … per niente (usá cada una al menos una vez).",De ninguna manera tenés que irte. (tu),Non devi assolutamente partire.,Non devi partire assolutamente. | Non devi assolutamente andartene. | Non devi andartene assolutamente. | Non devi assolutamente andare via. | Non devi andare via assolutamente.,,,,
18,s:r14-03:a,translate,Traducí al italiano usando dos palabras negativas además de non.,Nunca explica nada.,Non spiega mai niente.,Non spiega mai nulla.,,,,
18,s:r14-03:b,translate,Traducí al italiano usando dos palabras negativas además de non.,No va a ofender más a nadie.,Non offenderà più nessuno.,,,,,
18,s:r14-03:c,translate,Traducí al italiano usando dos palabras negativas además de non.,No quedó nada más.,Non è rimasto più niente.,Non è rimasto più nulla. | Non rimane più niente. | Non c'è rimasto più niente. | Non è rimasto più nient'altro.,,,,
18,s:r14-03:d,translate,Traducí al italiano usando dos palabras negativas además de non.,Todavía no encontré nada.,Non ho ancora trovato niente.,Non ho ancora trovato nulla.,,,,
18,s:r14-03:e,translate,Traducí al italiano usando dos palabras negativas además de non.,No encontré absolutamente nada.,Non ho mica trovato niente.,Non ho mica trovato nulla. | Non ho trovato proprio niente. | Non ho trovato proprio nulla. | Non ho trovato niente di niente. | Non ho trovato assolutamente niente. | Non ho trovato assolutamente nulla.,,,,
19,d18-002,cloze,Completá con el futuro simple del verbo entre paréntesis.,Tu ___ (mangiare) quello?,mangerai,,,,,
19,d18-003,cloze,Completá con el futuro simple del verbo entre paréntesis.,La signora ___ (imparare) l’italiano prima di andare.,imparerà,,,,,
19,d18-004,cloze,Completá con el futuro simple del verbo entre paréntesis.,Noi ___ (leggere) il libro per il corso.,leggeremo,,,,,
19,d18-005,cloze,Completá con el futuro simple del verbo entre paréntesis.,Voi ___ (dormire) tardi.,dormirete,,,,,
19,d18-006,cloze,Completá con el futuro simple del verbo entre paréntesis.,Paolo ___ (pagare) il conto.,pagherà,,,,,
19,d18-007,cloze,Completá con el futuro simple del verbo entre paréntesis.,Loro ___ (cercare) biglietti per il viaggio.,cercheranno,,,,,
19,d18-008,cloze,Completá con el futuro simple del verbo entre paréntesis.,Tu ed io ___ (viaggiare) insieme.,viaggeremo,,,,,
19,d18-009,cloze,Completá con el futuro simple del verbo entre paréntesis.,Io non gli ___ (scrivere).,scriverò,,,,,
19,d18-010,cloze,Completá con el futuro simple del verbo entre paréntesis.,Le ragazze ___ (comprare) delle belle scarpe per il ballo.,compreranno,,,,,
19,d18-011,cloze,Completá con el futuro simple del verbo entre paréntesis.,"Mi ___ (tu, fare) un favore?",farai,,,,,
19,d18-012,cloze,Completá con el futuro simple del verbo entre paréntesis.,La mamma ___ (sapere).,saprà,,,,,
19,d18-013,cloze,Completá con el futuro simple del verbo entre paréntesis.,Io non lo ___ (fare).,farò,,,,,
19,d18-014,cloze,Completá con el futuro simple del verbo entre paréntesis.,Voi ci ___ (essere)?,sarete,,,,,
19,d18-015,cloze,Completá con el futuro simple del verbo entre paréntesis.,Loro ___ (vivere) con gli amici.,vivranno,,,,,
19,d18-016,cloze,Completá con el futuro simple del verbo entre paréntesis.,Domani Marco ___ (avere) un po’ di tempo libero.,avrà,,,,,
19,d18-017,cloze,Completá con el futuro simple del verbo entre paréntesis.,Noi ___ (studiare) stasera.,studieremo,,,,,
19,d18-018,cloze,Completá con el futuro simple del verbo entre paréntesis.,Voi ___ (vedere) il nuovo film?,vedrete,,,,,
19,d18-019,cloze,Completá con el futuro simple del verbo entre paréntesis.,I bambini ___ (leggere) molto durante l’estate.,leggeranno,,,,,
19,d18-020,cloze,Completá con el futuro simple del verbo entre paréntesis.,Chiara e Laura ci ___ (visitare)?,visiteranno,,,,,
19,d18-021,translate,Traducí al italiano usando el futuro (también el futuro de probabilidad).,Mañana voy a tener mucho trabajo.,Domani avrò molto lavoro.,Io avrò molto lavoro domani. | Avrò molto lavoro domani. | Domani io avrò molto lavoro. | Io domani avrò molto lavoro. | Domani avrò tanto lavoro. | Avrò tanto lavoro domani.,,,,
19,d18-022,translate,Traducí al italiano usando el futuro (también el futuro de probabilidad).,"Chicos, van a hacer la tarea después de la escuela.","Bambini, farete i compiti dopo scuola.","Bambini farete i compiti dopo scuola | Bambini, farete i compiti dopo la scuola. | Bambini farete i compiti dopo la scuola | Ragazzi, farete i compiti dopo scuola. | Ragazzi farete i compiti dopo scuola | Ragazzi, farete i compiti dopo la scuola. | Ragazzi farete i compiti dopo la scuola",,,,
19,d18-023,translate,Traducí al italiano usando el futuro (también el futuro de probabilidad).,Debe costar muchísimo.,Costerà moltissimo.,Costerà molto molto. | Costerà tantissimo. | Costerà tanto tanto.,,,,
19,d18-024,translate,Traducí al italiano usando el futuro (también el futuro de probabilidad).,¿Dónde estarán (ellos)?,Dove saranno?,"Loro, dove saranno? | Loro dove saranno? | Dove saranno loro?",,,,
19,d18-025,translate,Traducí al italiano usando el futuro (también el futuro de probabilidad).,Ustedes van a saber estudiar.,Saprete studiare.,Voi saprete studiare.,,,,
19,d18-026,cloze,Completá con el futuro anteriore (futuro compuesto). El auxiliar ya está indicado.,Lorenzo ___ (avere + mangiare) tutti i biscotti.,avrà mangiato,,,,,
19,d18-027,cloze,Completá con el futuro anteriore (futuro compuesto). El auxiliar ya está indicado.,Voi ___ (avere + vedere) i ragazzi a Firenze.,avrete visto,,,,,
19,d18-028,cloze,Completá con el futuro anteriore (futuro compuesto). El auxiliar ya está indicado.,Io ___ (avere + leggere) il nuovo libro.,avrò letto,,,,,
19,d18-029,cloze,Completá con el futuro anteriore (futuro compuesto). El auxiliar ya está indicado.,Lei ___ (essere + venire) alla festa.,sarà venuta,,,,,
19,d18-030,cloze,Completá con el futuro anteriore (futuro compuesto). El auxiliar ya está indicado.,Tu ___ (essere + informarsi)?,ti sarai informato,ti sarai informata,,,,
19,d18-032,translate,"Traducí al italiano. Ojo: después de «quando» y «appena», si la acción es futura, el italiano prefiere el futuro (no el subjuntivo como en castellano; en la lengua hablada también se oye el presente); después de «se» sirven el futuro o el presente.","Cuando ustedes lleguen, vamos a comer.","Quando arriverete, mangeremo.","Quando arriverete mangeremo | Quando arriverete, noi mangeremo. | Quando arriverete noi mangeremo",,,,
19,d18-033,translate,"Traducí al italiano. Ojo: después de «quando» y «appena», si la acción es futura, el italiano prefiere el futuro (no el subjuntivo como en castellano; en la lengua hablada también se oye el presente); después de «se» sirven el futuro o el presente.","Si Mario no va, no va a ver a sus amigos.","Se Mario non andrà, non vedrà gli amici.","Se Mario non andrà non vedrà gli amici | Se Mario non andrà, non vedrà i suoi amici. | Se Mario non andrà non vedrà i suoi amici | Se Mario non va, non vedrà gli amici. | Se Mario non va non vedrà gli amici | Se Mario non va, non vedrà i suoi amici. | Se Mario non va non vedrà i suoi amici",,,,
19,d18-034,translate,"Traducí al italiano. Ojo: después de «quando» y «appena», si la acción es futura, el italiano prefiere el futuro (no el subjuntivo como en castellano; en la lengua hablada también se oye el presente); después de «se» sirven el futuro o el presente.","Apenas reciba una carta, te aviso.","Appena riceverò una lettera, ti farò sapere.","Appena riceverò una lettera ti farò sapere | Appena riceverò una lettera, te lo farò sapere. | Appena riceverò una lettera te lo farò sapere | Non appena riceverò una lettera, ti farò sapere. | Non appena riceverò una lettera ti farò sapere | Appena riceverò una lettera, ti avviserò. | Appena riceverò una lettera ti avviserò | Non appena riceverò una lettera, ti avviserò. | Non appena riceverò una lettera ti avviserò | Appena riceverò una lettera, ti faccio sapere. | Appena riceverò una lettera, ti avviso. | Non appena riceverò una lettera, ti faccio sapere. | Non appena riceverò una lettera, ti avviso.",,,,
19,d18-035,translate,"Traducí al italiano. Ojo: después de «quando» y «appena», si la acción es futura, el italiano prefiere el futuro (no el subjuntivo como en castellano; en la lengua hablada también se oye el presente); después de «se» sirven el futuro o el presente.","Si tienen un rato libre, van a venir a visitarnos.","Se avranno un momento libero, verranno a trovarci.","Se avranno un momento libero verranno a trovarci | Se avranno un attimo libero, verranno a trovarci. | Se avranno un attimo libero verranno a trovarci | Se hanno un momento libero, verranno a trovarci. | Se hanno un momento libero verranno a trovarci | Se hanno un attimo libero, verranno a trovarci. | Se hanno un attimo libero verranno a trovarci | Se avranno un po' di tempo libero, verranno a trovarci. | Se avranno un po' di tempo libero verranno a trovarci | Se hanno un po' di tempo libero, verranno a trovarci. | Se hanno un po' di tempo libero verranno a trovarci",,,,
19,s:r01-07:g,choice,Elegí la palabra con el género correcto para completar cada oración.,Il maestro era già ___ dell'orchestra.,nella buca,,nel buco | nella buca,,,
19,s:r02-01b:c,cloze,"En la segunda oración, completá con la forma correcta del partitivo (di + artículo).",A Dresda ho visto della porcellana antica. Ho visto ___ antica porcellana settecentesca.,dell',,,,,
19,s:r02-02c:b,cloze,"Reformulá cada oración con un significado parecido, usando «alcuni/alcune» o «qualche» según la forma del sustantivo.",Ho dei dubbi da chiarire. → Ho ___ dubbio da chiarire.,qualche,,,,,
19,s:r07-01:c,cloze,Completá con el pronombre reflexivo y la forma del verbo indicados.,Non ___ mai le unghie. (noi – laccarsi),ci lacchiamo,,,,,
19,s:r07-01:f,cloze,Completá con el pronombre reflexivo y la forma del verbo indicados.,___ a Roma per due giorni. (loro – trattenersi),Si trattengono,,,,,
19,s:r07-01i:b,cloze,¡Todavía no! Reemplazá el sustantivo por un pronombre y hacé concordar el participio.,"Avete innaffiato le piante? – No, non ___ abbiamo ancora ___.",le | innaffiate,le | annaffiate,,,,
19,s:r07-02g:c,cloze,"Uní las dos oraciones con «o» (a y b) o con «e anche» (c y d), usando pronombres tónicos.",Li chiamerò. Chiamerò Gina. → Chiamerò ___. (Los voy a llamar a ellos y también a Gina.),loro e anche Gina,,,,,
19,s:r07-02g:d,cloze,"Uní las dos oraciones con «o» (a y b) o con «e anche» (c y d), usando pronombres tónicos.",Ti manderò una cartolina. Manderò una cartolina ai miei. → Manderò una cartolina ___. (A vos y también a mis viejos.),a te e anche ai miei,,,,,
19,s:r07-03b:c,cloze,Completá con el equivalente italiano de lo que está entre paréntesis.,"No, ___ (él se recibe) a giugno, ma ___ (yo me recibo) l'anno prossimo.",lui si laurea | io mi laureo,,,,,
19,s:r07-04b:b,cloze,Reemplazá la frase por uno o dos pronombres.,"Il suo matrimonio andrà male, ___ ho detto tante volte.",l',gliel',,,,
19,s:r07-04f:a,choice,Decidí si el pronombre marcado es un pronombre sujeto o un pronombre tónico (después de preposición o como objeto).,L'attrice farà girare un film su «se stessa».,tónico,,sujeto | tónico,,,
19,s:r07-06:d,cloze,Reemplazá la persona por el pronombre de objeto indirecto correcto.,"Lucio dovrà pagare 2.000 euro alla moglie. È vero, ___ dovrà pagare 2.000 euro.",le,,,,,
19,s:r07-06c:a,cloze,¡Pobres! Completá la terminación del participio.,"Mio figlio si è slogato la caviglia. – Poveretto, se l'è slogat___ sciando?",a,,,,,
19,s:r07-12:a,choice,Elegí el pronombre (OD u OI) que reemplaza la parte indicada.,Porterò mia nonna al mare. → ___ porterò al mare.,La,,La | Le,,,
19,s:r07-12:b,choice,Elegí el pronombre (OD u OI) que reemplaza la parte indicada.,Porterò dei fiori a mia nonna. → ___ porterò dei fiori.,Le,,La | Le,,,
19,s:r07-12:c,choice,Elegí el pronombre (OD u OI) que reemplaza la parte indicada.,Manderò il pacco a Carlo. → ___ manderò a Carlo. (reemplazá «il pacco»),Lo,,Lo | Gli,,,
19,s:r07-12:d,choice,Elegí el pronombre (OD u OI) que reemplaza la parte indicada.,Manderò una email a Silvio. → ___ manderò una email.,Gli,,Lo | Gli,,,
19,s:r07-12:e,choice,Elegí el pronombre (OD u OI) que reemplaza la parte indicada.,Leggerò l'articolo a Dina e a Lucia. ¿Qué pronombre reemplaza «a Dina e a Lucia»?,gli,loro,lo | gli | le,,,
19,s:r07-12:f,choice,Elegí el pronombre (OD u OI) que reemplaza la parte indicada.,Leggerò il riassunto a Dina e a Lucia. ¿Qué pronombre reemplaza «a Dina e a Lucia»?,gli,loro,li | gli | le,,,
19,s:r07-15:a,cloze,Completá con el pronombre de objeto directo o indirecto adecuado.,"Non ti preoccupare, ___ dirò di pagare. (a él)",gli,,,,,
19,s:r08-01c:b,cloze,Completá con el equivalente italiano. Ojo: muchas veces el italiano no usa el posesivo.,Angelo arriverà domani con ___ (su esposa).,sua moglie,,,,,
19,s:r08-05:e,cloze,Completá con el pronombre posesivo italiano adecuado.,Io chiederò il permesso ai miei genitori e tu chiedi il permesso ___ (a los tuyos).,ai tuoi,,,,,
19,s:r11-01b:a,cloze,Completá con la interjección adecuada. Puede haber varias posibilidades.,"___ (¡Uf, qué macana!) ho dimenticato di chiudere la porta a chiave!",Accidenti,Mannaggia | Uffa | Cavolo | Porca miseria | Accipicchia,,,,
19,s:r11-06:b,choice,¿Qué decís? Elegí la exclamación adecuada para cada situación.,"Qué raro, tu amigo no apareció.",Che strano!,Com'è strano! | Quant'è strano!,Che strana! | Che strano! | Com'è strana!,,,
19,s:r12-01c:i,cloze,Reemplazá lo que está entre paréntesis por la forma adecuada de tutto.,___ (Toda la) commissione sarà rieletta.,Tutta la,,,,,
19,s:r12-01e:e,translate,Traducí al italiano.,Estos zapatos se consiguen en todos lados.,Queste scarpe si trovano dappertutto.,Queste scarpe si trovano ovunque. | Queste scarpe si trovano dovunque. | Queste scarpe si trovano da tutte le parti.,,,,
19,s:r12-02b:f,translate,Traducí al italiano (usá tu cuando haga falta).,Busqué por todos lados.,Ho cercato dappertutto.,Ho cercato ovunque. | Ho cercato dovunque. | Ho cercato da tutte le parti. | Ho guardato dappertutto.,,,,
19,s:r12-04:c,translate,Traducí al italiano.,Necesito estar localizable en todo momento.,Devo essere reperibile in ogni momento.,Devo essere reperibile in qualsiasi momento. | Ho bisogno di essere reperibile in ogni momento. | Ho bisogno di essere reperibile in qualsiasi momento. | Devo essere raggiungibile in ogni momento.,,,,
19,s:r12-11:d,translate,Traducí al italiano con chiunque.,Cualquiera de ustedes tendrá que estar listo para ayudar.,Chiunque di voi dovrà essere pronto ad aiutare.,Chiunque di voi dovrà essere pronto a aiutare.,,,,
19,s:r14-01d:a,translate,¿No me digas que…? Esperás que tus peores temores no se cumplan. Traducí al italiano con mica (tu).,"¿No te habrás olvidado de mandar la carta, no?",Non ti sarai mica dimenticato di spedire la lettera?,Non ti sarai mica dimenticata di spedire la lettera? | Non ti sei mica dimenticato di spedire la lettera? | Non ti sei mica dimenticata di spedire la lettera? | Non avrai mica dimenticato di spedire la lettera? | Non hai mica dimenticato di spedire la lettera? | Non ti sarai mica dimenticato di imbucare la lettera? | Non ti sarai mica dimenticato di mandare la lettera? | Non ti sarai mica dimenticata di mandare la lettera? | Non avrai mica dimenticato di mandare la lettera?,,,,
19,s:r14-01d:b,translate,¿No me digas que…? Esperás que tus peores temores no se cumplan. Traducí al italiano con mica (tu).,"¿No habrás invitado a los vecinos, no?",Non avrai mica invitato i vicini?,Non hai mica invitato i vicini?,,,,
19,s:r14-01d:c,translate,¿No me digas que…? Esperás que tus peores temores no se cumplan. Traducí al italiano con mica (tu).,"¿No habrás dejado el horno prendido, no? (lasciare acceso il forno)",Non avrai mica lasciato acceso il forno?,Non hai mica lasciato acceso il forno? | Non avrai mica lasciato il forno acceso? | Non hai mica lasciato il forno acceso?,,,,
19,s:r14-03:f,translate,Traducí al italiano usando dos palabras negativas además de non.,No le voy a decir nada a nadie.,Non dirò niente a nessuno.,Non dirò nulla a nessuno. | Non dico niente a nessuno.,,,,
19,s:r17-02b:c,cloze,Expresá estos siglos de la otra manera.,il Quattrocento = ___,il quindicesimo secolo,il XV secolo | quindicesimo secolo,,,,
19,s:r17-02b:d,cloze,Expresá estos siglos de la otra manera.,l'Ottocento = ___,il diciannovesimo secolo,il XIX secolo | diciannovesimo secolo,,,,
19,s:r18-01d:a,cloze,¿Qué dijeron? Pasá a estilo indirecto con el comienzo dado (verbo introductorio en presente).,‘Staremo da voi a mezzogiorno per prendere l'aperitivo.’ → Barbara dice ___.,che staranno da noi a mezzogiorno per prendere l'aperitivo,che staranno da voi a mezzogiorno per prendere l'aperitivo,,,,
19,s:r19-01:a,choice,Elegí la forma correcta del futuro.,Fra poco ___ quella lettera.,scriverò,,scriverò | scrivirò,,,
19,s:r19-01:b,choice,Elegí la forma correcta del futuro.,Domani Enrico ___ da me.,dormirà,,dormerà | dormirà,,,
19,s:r19-01:c,choice,Elegí la forma correcta del futuro.,___ domani con i loro amici.,Torneranno,,Tornaranno | Torneranno | Tornerano,,,
19,s:r19-01b:a,cloze,"Decí qué va a pasar seguro, con el futuro del verbo.",Guarda che nuvoloni! – ___ di sicuro. (piovere),Pioverà,,,,,
19,s:r19-01b:b,cloze,"Decí qué va a pasar seguro, con el futuro del verbo.",Marco non ha studiato. – ___ sicuramente bocciato. (essere),Sarà,,,,,
19,s:r19-01b:c,cloze,"Decí qué va a pasar seguro, con el futuro del verbo.",Abbiamo perso il treno. Purtroppo ___ in ritardo. (arrivare),arriveremo,,,,,
19,s:r19-01c:a,translate,Completá en italiano para decir qué habrá pasado (futuro anteriore).,Fra una settimana… ___ (lo vas a haber olvidado).,l'avrai dimenticato,lo avrai dimenticato | ti sarai dimenticato di lui | ti sarai dimenticata di lui | te ne sarai dimenticato | te ne sarai dimenticata,,,,
19,s:r19-01c:b,translate,Completá en italiano para decir qué habrá pasado (futuro anteriore).,Quando leggerà questa lettera… ___ (yo ya me voy a haber ido).,sarò già partito,sarò già partita | me ne sarò già andato | me ne sarò già andata | sarò già andato via | sarò già andata via,,,,
19,s:r19-01c:c,translate,Completá en italiano para decir qué habrá pasado (futuro anteriore).,A quest'ora domani… ___ (Giovanni ya va a haber vuelto).,Giovanni sarà tornato,Giovanni sarà già tornato | Giovanni sarà rientrato | Giovanni sarà già rientrato,,,,
19,s:r19-02:a,cloze,Poné el verbo en futuro.,Se vuoi ___ con te stasera. (io – giocare),giocherò,,,,,
19,s:r19-02:b,cloze,Poné el verbo en futuro.,Se volete vi ___ il gioco. (noi – spiegare),spiegheremo,,,,,
19,s:r19-02:c,cloze,Poné el verbo en futuro.,Quand'è che ___ a studiare? (loro – cominciare),cominceranno,,,,,
19,s:r19-02:d,cloze,Poné el verbo en futuro.,Quand'è che ___ il tuo successo? (tu – festeggiare),festeggerai,,,,,
19,s:r19-02b:a,cloze,¿Todo va a mejorar? Hacé tus predicciones políticas con el futuro.,Le tasse ___ e gli stipendi ___ fermi. (aumentare; restare),aumenteranno | resteranno,,,,,
19,s:r19-02b:b,cloze,¿Todo va a mejorar? Hacé tus predicciones políticas con el futuro.,Gli automobilisti ___ le strade e ___ l'ambiente. (affollare; inquinare),affolleranno | inquineranno,,,,,
19,s:r19-02c:a,translate,Un amigo no llegó. ¿Qué habrá pasado? Traducí al italiano.,¿Se habrá equivocado de camino? (sbagliare strada),Avrà sbagliato strada?,,,,,
19,s:r19-02c:b,translate,Un amigo no llegó. ¿Qué habrá pasado? Traducí al italiano.,Habrá tenido un accidente.,Avrà avuto un incidente.,Avrà fatto un incidente.,,,,
19,s:r19-02c:c,translate,Un amigo no llegó. ¿Qué habrá pasado? Traducí al italiano.,"Será buen conductor, pero hay mal tiempo. (un bravo autista)","Sarà un bravo autista, ma fa brutto tempo.","Sarà un bravo autista ma fa brutto tempo. | Sarà un bravo autista, ma c'è brutto tempo. | Sarà un bravo autista ma c'è brutto tempo. | Sarà un bravo autista, ma il tempo è brutto. | Sarà un bravo autista ma il tempo è brutto.",,,,
19,s:r19-03:a,cloze,Completá con el futuro de los verbos dados.,Fra poco ___ a casa e ___ il bucato. (io – andare; fare),andrò | farò,,,,,
19,s:r19-03:b,cloze,Completá con el futuro de los verbos dados.,Domani ___ stare a casa o ___ uscire? (tu – dovere; potere),dovrai | potrai,,,,,
19,s:r19-03:c,cloze,Completá con el futuro de los verbos dados.,I nostri figli ___ a Rimini e ci ___ dopo le vacanze. (rimanere; vedere),rimarranno | vedranno,,,,,
19,s:r19-03:d,cloze,Completá con el futuro de los verbos dados.,"La settimana prossima ___ moltissimo da fare, ma ___ disponibile venerdì. (io – avere; io – essere)",avrò | sarò,,,,,
19,s:r19-03:e,cloze,Completá con el futuro de los verbos dados.,Martedì vi ___ se ___ o no. (noi – dire; noi – venire),diremo | verremo,,,,,
19,s:r19-03:f,cloze,Completá con el futuro de los verbos dados.,___ l'articolo o lo ___ a qualcun altro? (tu – tradurre; dare),Tradurrai | darai,,,,,
19,s:r19-03b:a,translate,Decisiones del momento: traducí al italiano. En italiano se usa el presente.,Lo sai che Marina è all'ospedale? – Entonces voy a visitarla. (andare a trovare),Allora vado a trovarla.,"Allora la vado a trovare. | Vado a trovarla, allora. | Vado a trovarla allora. | La vado a trovare, allora. | La vado a trovare allora. | Allora andrò a trovarla.",,,,
19,s:r19-03b:b,translate,Decisiones del momento: traducí al italiano. En italiano se usa el presente.,Hanno chiuso l'autostrada. – Entonces tomamos la ruta. (prendere la statale),Allora prendiamo la statale.,"Prendiamo la statale, allora. | Prendiamo la statale allora. | Allora prenderemo la statale.",,,,
19,s:r19-03b:c,translate,Decisiones del momento: traducí al italiano. En italiano se usa el presente.,È il compleanno di Giacomo. – Entonces le mando una tarjeta. (mandare un biglietto di auguri),Allora gli mando un biglietto di auguri.,"Gli mando un biglietto di auguri, allora. | Gli mando un biglietto di auguri allora. | Allora gli manderò un biglietto di auguri.",,,,
19,s:r19-03c:a,translate,Completá en italiano con el futuro anteriore.,Potrò passare a prenderti alle sette… ___ (si terminé la tarea).,se avrò finito i compiti,,,,,
19,s:r19-03c:b,translate,Completá en italiano con el futuro anteriore.,Ti restituirò il libro… ___ (cuando lo haya leído).,quando l'avrò letto,quando lo avrò letto,,,,
19,s:r19-03c:c,translate,Completá en italiano con el futuro anteriore.,Ti inviterò da me… ___ (una vez que haya arreglado el departamento). (sistemare),una volta che avrò sistemato l'appartamento,quando avrò sistemato l'appartamento | dopo che avrò sistemato l'appartamento | appena avrò sistemato l'appartamento,,,,
19,s:r19-03c:d,translate,Completá en italiano con el futuro anteriore.,Ti verrò a trovare… ___ (después de hacer las compras).,dopo che avrò fatto la spesa,dopo aver fatto la spesa | quando avrò fatto la spesa | dopo avere fatto la spesa,,,,
19,s:r19-04:a,translate,Contá tus planes en italiano. Ojo con el tiempo verbal.,Mañana voy a Turín.,Domani vado a Torino.,Domani andrò a Torino.,,,,
19,s:r19-04:b,translate,Contá tus planes en italiano. Ojo con el tiempo verbal.,Tomamos el tren a las cinco.,Prendiamo il treno alle cinque.,Prenderemo il treno alle cinque. | Prendiamo il treno alle 5. | Prenderemo il treno alle 5.,,,,
19,s:r19-04:c,translate,Contá tus planes en italiano. Ojo con el tiempo verbal.,Le voy a mandar flores a mi mamá.,Mando dei fiori a mia madre.,Manderò dei fiori a mia madre. | Mando dei fiori a mia mamma. | Manderò dei fiori a mia mamma. | Mando dei fiori alla mamma. | Mando fiori a mia madre.,,,,
19,s:r19-04b:a,cloze,Convertí las frases anteriores en promesas firmes con appena (registro coloquial: presente y passato prossimo).,Passo a prenderti ___.,appena ho finito i compiti,appena avrò finito i compiti | non appena ho finito i compiti | non appena avrò finito i compiti,,,,
19,s:r19-04b:b,cloze,Convertí las frases anteriores en promesas firmes con appena (registro coloquial: presente y passato prossimo).,Ti restituisco il libro ___.,appena l'ho letto,appena lo ho letto | appena l'avrò letto | appena lo avrò letto | non appena l'ho letto,,,,
19,s:r19-04b:c,cloze,Convertí las frases anteriores en promesas firmes con appena (registro coloquial: presente y passato prossimo).,Ti invito da me ___.,appena ho sistemato l'appartamento,appena avrò sistemato l'appartamento | non appena ho sistemato l'appartamento,,,,
19,s:r19-04b:d,cloze,Convertí las frases anteriores en promesas firmes con appena (registro coloquial: presente y passato prossimo).,Ti vengo a trovare ___.,appena ho fatto la spesa,appena avrò fatto la spesa | non appena ho fatto la spesa,,,,
19,s:r19-05:a,translate,Mirás fotos de parientes que no ves hace años. Traducí usando el futuro de probabilidad.,Debe tener por lo menos sesenta años. (almeno),Avrà almeno sessant'anni.,Avrà almeno sessanta anni. | Avrà almeno 60 anni.,,,,
19,s:r19-05:b,translate,Mirás fotos de parientes que no ves hace años. Traducí usando el futuro de probabilidad.,¿De qué trabajará?,Che lavoro farà?,Chissà che lavoro farà? | Chissà che lavoro farà. | Cosa farà di lavoro?,,,,
19,s:r19-05:c,translate,Mirás fotos de parientes que no ves hace años. Traducí usando el futuro de probabilidad.,"Estará casado, supongo.",Sarà sposato.,"Sarà sposato, suppongo. | Sarà sposato suppongo.",,,,
19,s:r19-05:d,translate,Mirás fotos de parientes que no ves hace años. Traducí usando el futuro de probabilidad.,"Será rica, pero es realmente tonta.","Sarà ricca, ma è proprio stupida!","Sarà ricca ma è proprio stupida! | Sarà ricca, ma è veramente stupida! | Sarà ricca ma è veramente stupida! | Sarà ricca, ma è davvero stupida! | Sarà ricca ma è davvero stupida!",,,,
19,s:r19-05b:a,translate,Traducí al italiano en registro coloquial (presente y passato prossimo en lugar del futuro).,Vení a verme cuando termines.,Vieni a trovarmi quando hai finito.,Vienimi a trovare quando hai finito. | Passa da me quando hai finito. | Vieni da me quando hai finito.,,,,
19,s:r19-05b:b,translate,Traducí al italiano en registro coloquial (presente y passato prossimo en lugar del futuro).,Mandale el libro (a él) una vez que haya pagado.,Mandagli il libro una volta che ha pagato.,Mandagli il libro quando ha pagato. | Mandagli il libro appena ha pagato. | Mandagli il libro dopo che ha pagato.,,,,
19,s:r19-05b:c,translate,Traducí al italiano en registro coloquial (presente y passato prossimo en lugar del futuro).,Apenas se divorcie se vuelve a casar enseguida.,Appena divorzia si risposa subito.,"Appena ha divorziato si risposa subito. | Non appena divorzia si risposa subito. | Appena divorzia, si risposa subito. | Appena ha divorziato, si risposa subito.",,,,
19,s:r19-07:a,translate,Promesas y predicciones: traducí al italiano tuteando.,"Si me das una mano, te compro un helado.","Se mi dai una mano, ti compro un gelato.","Se mi dai una mano ti compro un gelato. | Se mi dai una mano, ti comprerò un gelato. | Se mi dai una mano ti comprerò un gelato. | Se mi darai una mano, ti comprerò un gelato. | Se mi darai una mano ti comprerò un gelato.",,,,
19,s:r19-07:b,translate,Promesas y predicciones: traducí al italiano tuteando.,"Si me prestás el auto, te pago la nafta.","Se mi presti la macchina, ti pago la benzina.","Se mi presti la macchina ti pago la benzina. | Se mi presti la macchina, ti pagherò la benzina. | Se mi presti la macchina ti pagherò la benzina. | Se mi presterai la macchina, ti pagherò la benzina. | Se mi presterai la macchina ti pagherò la benzina.",,,,
19,s:r19-07:c,translate,Promesas y predicciones: traducí al italiano tuteando.,"Si no te apurás, vamos a llegar tarde. (sbrigarsi, fare tardi)","Se non ti sbrighi, faremo tardi.","Se non ti sbrighi faremo tardi. | Se non ti sbrighi, facciamo tardi. | Se non ti sbrighi facciamo tardi. | Se non ti sbrigherai, faremo tardi. | Se non ti sbrigherai faremo tardi.",,,,
19,s:r19-08:a,translate,¿Qué va a pasar si…? Completá en italiano con el futuro.,Se non aumentano gli stipendi quest'anno… ___ (los docentes van a hacer paro). (fare sciopero),gli insegnanti faranno sciopero,gli insegnanti sciopereranno | i professori faranno sciopero | i docenti faranno sciopero,,,,
19,s:r19-08:b,translate,¿Qué va a pasar si…? Completá en italiano con el futuro.,Se i rifornimenti non arrivano presto… ___ (la gente se va a morir de hambre). (morire di fame),la gente morirà di fame,le persone moriranno di fame,,,,
19,s:r19-08:c,translate,¿Qué va a pasar si…? Completá en italiano con el futuro.,Se non riusciranno a salvare le foreste equatoriali… ___ (el clima de la Tierra va a cambiar).,il clima della Terra cambierà,il clima terrestre cambierà | cambierà il clima della Terra,,,,
19,s:r22-02:d,translate,Estas indicaciones se las diste a tus sobrinos en una salida. ¿Qué le habrías dicho a uno solo? Pasalas al imperativo de tu.,Non sedetevi lì!,Non sederti lì!,Non ti sedere lì!,,,,
19,s:r22-07:c,cloze,Traducí al italiano con el imperativo de tu y después el de voi. Fijate dónde cae el acento.,Sentate. / Siéntense. (sedersi) → tu: ___ · voi: ___,siediti | sedetevi,,,,,
20,d18-037,cloze,Completá con el condicional simple (condizionale presente) del verbo entre paréntesis.,Tu ___ (mangiare) quello?,mangeresti,,,,,
20,d18-038,cloze,Completá con el condicional simple (condizionale presente) del verbo entre paréntesis.,La signora ___ (imparare) l’italiano ma non vuole studiare.,imparerebbe,,,,,
20,d18-039,cloze,Completá con el condicional simple (condizionale presente) del verbo entre paréntesis.,Noi ___ (leggere) il libro per il corso.,leggeremmo,,,,,
20,d18-040,cloze,Completá con el condicional simple (condizionale presente) del verbo entre paréntesis.,Voi ___ (dormire) tardi.,dormireste,,,,,
20,d18-041,cloze,Completá con el condicional simple (condizionale presente) del verbo entre paréntesis.,Paolo ___ (pagare) il conto.,pagherebbe,,,,,
20,d18-042,cloze,Completá con el condicional simple (condizionale presente) del verbo entre paréntesis.,Loro ___ (cercare) biglietti per il viaggio.,cercherebbero,,,,,
20,d18-043,cloze,Completá con el condicional simple (condizionale presente) del verbo entre paréntesis.,Tu ed io ___ (viaggiare) bene insieme.,viaggeremmo,,,,,
20,d18-044,cloze,Completá con el condicional simple (condizionale presente) del verbo entre paréntesis.,Io non gli ___ (scrivere).,scriverei,,,,,
20,d18-045,cloze,Completá con el condicional simple (condizionale presente) del verbo entre paréntesis.,"Le ragazze ___ (comprare) delle belle scarpe per il ballo, ma non hanno soldi.",comprerebbero,,,,,
20,d18-046,cloze,Completá con el condicional simple (condizionale presente) del verbo entre paréntesis.,"Mi ___ (tu, fare) un favore?",faresti,,,,,
20,d18-047,cloze,Completá con el condicional simple (condizionale presente) del verbo entre paréntesis.,La mamma ___ (sapere).,saprebbe,,,,,
20,d18-048,cloze,Completá con el condicional simple (condizionale presente) del verbo entre paréntesis.,Io non lo ___ (fare).,farei,,,,,
20,d18-049,cloze,Completá con el condicional simple (condizionale presente) del verbo entre paréntesis.,Voi ci ___ (essere)?,sareste,,,,,
20,d18-050,cloze,Completá con el condicional simple (condizionale presente) del verbo entre paréntesis.,Loro ___ (vivere) con gli amici.,vivrebbero,,,,,
20,d18-051,cloze,Completá con el condicional simple (condizionale presente) del verbo entre paréntesis.,Domani Marco ___ (avere) un po’ di tempo libero.,avrebbe,,,,,
20,d18-052,cloze,Completá con el condicional simple (condizionale presente) del verbo entre paréntesis.,Noi ___ (studiare) stasera.,studieremmo,,,,,
20,d18-053,cloze,Completá con el condicional simple (condizionale presente) del verbo entre paréntesis.,Voi ___ (vedere) il nuovo film?,vedreste,,,,,
20,d18-054,cloze,Completá con el condicional simple (condizionale presente) del verbo entre paréntesis.,I bambini ___ (leggere) molto durante l’estate.,leggerebbero,,,,,
20,d18-055,cloze,Completá con el condicional simple (condizionale presente) del verbo entre paréntesis.,Chiara e Laura ci ___ (visitare)?,visiterebbero,,,,,
20,s:r07-08:b,cloze,"Una mano: completá con el pronombre correcto, guiándote por el castellano.",___ potresti riparare la bicicletta? (¿Le podrías arreglar la bici a ella?),Le,,,,,
20,s:r07-15:c,cloze,Completá con el pronombre de objeto directo o indirecto adecuado.,___ dovresti incoraggiare a studiare di più. (a ella),La,,,,,
20,s:r07-15:d,cloze,Completá con el pronombre de objeto directo o indirecto adecuado.,___ dovresti consigliare di studiare di più. (a ella),Le,,,,,
20,s:r10-02:a,cloze,Transformá las preguntas indirectas en preguntas directas.,Vorrei sapere quando viene l'avvocato. → ___?,Quando viene l'avvocato,,,,,
20,s:r12-06:b,translate,Traducí al italiano con qualunque o qualsiasi.,"Por él, Elisabetta haría cualquier cosa.",Per lui Elisabetta farebbe qualsiasi cosa.,"Per lui Elisabetta farebbe qualunque cosa. | Elisabetta farebbe qualsiasi cosa per lui. | Elisabetta farebbe qualunque cosa per lui. | Per lui, Elisabetta farebbe qualsiasi cosa.",,,,
20,s:r14-01:c,translate,Escribí en italiano las respuestas.,Perché lo chiami? – Porque quisiera saber si pagó o no.,Perché vorrei sapere se ha pagato o no.,Perché vorrei sapere se ha pagato o meno. | Perché vorrei sapere se ha pagato oppure no.,,,,
20,s:r14-01b:e,choice,La palabra justa para cada situación. Elegí la respuesta adecuada.,Ti piacerebbe tornarci? –,Mai più!,Mai!,Mai più! | Meno male!,,,
20,s:r18-01d:b,cloze,¿Qué dijeron? Pasá a estilo indirecto con el comienzo dado (verbo introductorio en presente).,‘Non mi trovo bene. Il medico mi dice che dovrei stare a casa.’ → Antonietta dice ___.,che non si trova bene e che il medico le dice che dovrebbe stare a casa,"che non si trova bene e il medico le dice che dovrebbe stare a casa | che non si trova bene, il medico le dice che dovrebbe stare a casa | che non si trova bene il medico le dice che dovrebbe stare a casa",,,,
20,s:r21-01:a,choice,Elegí la forma correcta del condicional.,"Mariella, tu lo ___ veramente con acqua calda?",laveresti,,lavaresti | laveresti,,,
20,s:r21-01:b,choice,Elegí la forma correcta del condicional.,Ma voi due ___ davvero un altro lavoro?,cerchereste,,cerchereste | cercereste,,,
20,s:r21-01:c,choice,Elegí la forma correcta del condicional.,"Lo ___, ma è troppo caro.",prenderemmo,,prenderemo | prenderemmo,,,
20,s:r21-01b:e,cloze,Completá el condicional compuesto con el auxiliar correcto (essere o avere).,Si ___ seccato/a.,sarebbe,,,,,
20,s:r21-02:a,cloze,Completá con la forma correcta del condicional del verbo entre paréntesis.,___ volentieri ma ho un appuntamento. (venire – io),verrei,,,,,
20,s:r21-02:b,cloze,Completá con la forma correcta del condicional del verbo entre paréntesis.,"___ partire, ma c'è sciopero. (volere – loro)",vorrebbero,,,,,
20,s:r21-02:c,cloze,Completá con la forma correcta del condicional del verbo entre paréntesis.,___ fino a domani? (rimanere – tu),rimarresti,,,,,
20,s:r21-02:d,cloze,Completá con la forma correcta del condicional del verbo entre paréntesis.,___ aiutare? (potere – voi),potreste,,,,,
20,s:r21-02:e,cloze,Completá con la forma correcta del condicional del verbo entre paréntesis.,Mi ___ un favore? (fare – tu),faresti,,,,,
20,s:r21-02:f,cloze,Completá con la forma correcta del condicional del verbo entre paréntesis.,Non ___ mai con loro. (andare – io),andrei,,,,,
20,s:r21-03:a,translate,Pedí las cosas con cortesía: reescribí la orden o la afirmación usando el condicional.,"Umberto, dammi un bicchiere di vino. → Umberto, ___",mi daresti un bicchiere di vino?,potresti darmi un bicchiere di vino? | mi potresti dare un bicchiere di vino?,,,,
20,s:r21-03:b,translate,Pedí las cosas con cortesía: reescribí la orden o la afirmación usando el condicional.,"Anna e Cristina, fatemi un favore. → Anna e Cristina, ___",mi fareste un favore?,potreste farmi un favore? | mi potreste fare un favore?,,,,
20,s:r21-03:c,translate,Pedí las cosas con cortesía: reescribí la orden o la afirmación usando el condicional.,"Signora, ho bisogno di una crema più leggera. → Signora, ___",avrei bisogno di una crema più leggera,vorrei una crema più leggera,,,,
20,s:r21-04:a,cloze,¿Qué harías si pudieras? Completá con el condicional (io) del verbo indicado.,"Ti ___, ma devo andare a prendere mia figlia. (dare un passaggio)",darei un passaggio,,,,,
20,s:r21-04:b,cloze,¿Qué harías si pudieras? Completá con el condicional (io) del verbo indicado.,___ l'articolo ma non ho tempo. (tradurre),tradurrei,,,,,
20,s:r21-04:c,cloze,¿Qué harías si pudieras? Completá con el condicional (io) del verbo indicado.,"Il vino lo ___ volentieri, ma prendo antibiotici. (bere)",berrei,,,,,
20,s:r21-08:a,translate,"Traducí al italiano, prestando atención a dovere, potere, sapere y volere en condicional.",Deberías ir al médico.,Dovresti andare dal medico.,Dovresti andare dal dottore.,,,,
20,s:r21-08:b,translate,"Traducí al italiano, prestando atención a dovere, potere, sapere y volere en condicional.",Tendría que salir a las tres pero no saqué el pasaje.,Dovrei partire alle tre ma non ho fatto il biglietto.,"Dovrei partire alle tre, ma non ho fatto il biglietto. | Dovrei partire alle tre ma non ho comprato il biglietto. | Dovrei partire alle tre, ma non ho comprato il biglietto. | Dovrei partire alle tre ma non ho preso il biglietto. | Dovrei partire alle tre, ma non ho preso il biglietto.",,,,
20,s:r21-08:c,translate,"Traducí al italiano, prestando atención a dovere, potere, sapere y volere en condicional.",A esta altura ya deberían estar en casa.,Dovrebbero già essere a casa ormai.,Ormai dovrebbero già essere a casa. | Dovrebbero essere già a casa ormai. | Ormai dovrebbero essere già a casa.,,,,
20,s:r21-08:d,translate,"Traducí al italiano, prestando atención a dovere, potere, sapere y volere en condicional.",¿Podrías venir a las dos?,Potresti venire alle due?,,,,,
20,s:r21-08:e,translate,"Traducí al italiano, prestando atención a dovere, potere, sapere y volere en condicional.",Dijiste que podías venir a las dos.,Hai detto che potevi venire alle due.,,,,,
20,s:r21-08:f,translate,"Traducí al italiano, prestando atención a dovere, potere, sapere y volere en condicional.",Puede que esté en lo de la tía o en lo de la abuela.,Potrebbe essere dalla zia oppure dalla nonna.,Potrebbe essere dalla zia o dalla nonna.,,,,
20,s:r21-08:g,translate,"Traducí al italiano, prestando atención a dovere, potere, sapere y volere en condicional.",¿Me sabrías decir si volvieron?,Mi sapresti dire se sono tornati?,Sapresti dirmi se sono tornati?,,,,
20,s:r21-08:h,translate,"Traducí al italiano, prestando atención a dovere, potere, sapere y volere en condicional.",No sabía decirme nada.,Non sapeva dirmi niente.,Non mi sapeva dire niente. | Non sapeva dirmi nulla. | Non mi sapeva dire nulla.,,,,
20,s:r21-08:i,translate,"Traducí al italiano, prestando atención a dovere, potere, sapere y volere en condicional.",Giulia querría quedarse en Pisa.,Giulia vorrebbe rimanere a Pisa.,Giulia vorrebbe restare a Pisa.,,,,
20,s:r21-08:j,translate,"Traducí al italiano, prestando atención a dovere, potere, sapere y volere en condicional.",A ella le gustaría quedarse en Pisa.,Le piacerebbe rimanere a Pisa.,Le piacerebbe restare a Pisa. | A lei piacerebbe rimanere a Pisa. | A lei piacerebbe restare a Pisa.,,,,
21,c1-ci-01,choice,Elegí la forma correcta.,"Credi ai fantasmi? — No, non ___ credo.",ci,,ci | ne | li,,,
21,c1-ci-02,choice,Elegí la forma correcta.,"Sei mai stato a Roma? — Sì, ___ sono stato l'anno scorso.",ci,,ci | ne | lo,,,
21,c1-ci-03,choice,¿Qué significa «Ci vuole un'ora»?,Ci vuole un'ora.,Hace falta una hora,,Hace falta una hora | Quiere una hora | Hay una hora,,,
21,c1-ci-04,cloze,Completá con volerci o metterci.,"Io ___ due ore per arrivare, ma in generale ___ un'ora.",ci metto | ci vuole,ci ho messo | ci vuole,,,,
21,c1-ne-01,choice,Elegí la forma correcta.,Quanti fratelli hai? — ___ ho due.,Ne,,Ne | Li | Ci,,,
21,c1-ne-02,choice,Elegí la forma correcta.,"Parliamo del film? — Sì, ___ parliamo domani.",ne,,ne | lo | ci,,,
21,c1-ne-03,cloze,Completá con la concordancia correcta del participio.,Quante mele hai comprato? — Ne ho compra___ tre.,te,,,,,
21,d08-041,translate,Traducí al italiano usando ci o ne.,Hay dos gatos.,Ci sono due gatti.,,,,,
21,d08-042,translate,Traducí al italiano usando ci o ne.,¿Está Francesca?,C’è Francesca?,,,,,
21,d08-043,translate,Traducí al italiano usando ci o ne.,No está. (hablando de una persona),Non c’è.,,,,,
21,d08-044,translate,Traducí al italiano usando ci o ne.,Me gustaría tener dos (de esos).,Vorrei averne due.,Ne vorrei avere due. | Ne vorrei due. | Mi piacerebbe averne due.,,,,
21,d08-045,translate,Traducí al italiano usando ci o ne.,No hay (de eso).,Non ce n’è.,,,,,
21,s:r07-01c:a,cloze,Acortá preguntas y respuestas usando «ne» dos veces.,Quante cipolle prende? – Prendo mezzo chilo di cipolle. → Quante ___ prende? – ___ prendo mezzo chilo.,ne | Ne,,,,,
21,s:r07-01c:b,cloze,Acortá preguntas y respuestas usando «ne» dos veces.,Quanto tonno vuole? – Prendo quattro scatole di tonno. → Quanto ___ vuole? – ___ prendo quattro scatole.,ne | Ne,,,,,
21,s:r07-01c:c,cloze,Acortá preguntas y respuestas usando «ne» dos veces.,Quanti meloni vuole? – Prendo due meloni. → Quanti ___ vuole? – ___ prendo due.,ne | Ne,,,,,
21,s:r07-01d:a,cloze,Poné el pronombre adecuado en las respuestas para reemplazar el lugar mencionado en la pregunta.,"Sei stato a Roma? – Sì, ___ sono stato tante volte.",ci,,,,,
21,s:r07-01d:b,cloze,Poné el pronombre adecuado en las respuestas para reemplazar el lugar mencionado en la pregunta.,"Andate in centro? – Sì, ___ andiamo fra poco.",ci,,,,,
21,s:r07-01d:c,cloze,Poné el pronombre adecuado en las respuestas para reemplazar el lugar mencionado en la pregunta.,"Sei andata dal farmacista? – Sì, ___ sono passata stamattina.",ci,,,,,
21,s:r07-01d:d,cloze,Poné el pronombre adecuado en las respuestas para reemplazar el lugar mencionado en la pregunta.,"Siete andate a trovare Liliana? – Sì, ___ siamo andate ieri.",ci,,,,,
21,s:r07-01d:e,cloze,Poné el pronombre adecuado en las respuestas para reemplazar el lugar mencionado en la pregunta.,Quand'è che vai a far la spesa? – ___ vado adesso.,Ci,,,,,
21,s:r07-01e:g,cloze,"Reescribí las oraciones empezando con la frase dada, cambiando el verbo y ubicando bien los pronombres.",Ne compriamo altri. → Perché non ___ altri?,ne compriamo,,,,,
21,s:r07-01e:h,cloze,"Reescribí las oraciones empezando con la frase dada, cambiando el verbo y ubicando bien los pronombres.",Ne compro altri. → Ho deciso di ___ altri.,comprarne,,,,,
21,s:r07-02d:a,translate,Vos también: respondé en italiano empezando con «Anch'io…».,Consumo pochissimi grassi. – (Yo también consumo muy pocas.),Anch'io ne consumo pochissimi.,Anch'io ne consumo molto pochi. | Anch'io ne consumo pochi.,,,,
21,s:r07-02d:b,translate,Vos también: respondé en italiano empezando con «Anch'io…».,Consumo tanta frutta e verdura. – (Yo también consumo mucha.),Anch'io ne consumo tanta.,Anch'io ne consumo molta.,,,,
21,s:r07-02d:c,translate,Vos también: respondé en italiano empezando con «Anch'io…».,Compro molto cibo biologico. – (Yo también compro mucho.),Anch'io ne compro molto.,Anch'io ne compro tanto.,,,,
21,s:r07-02e:a,cloze,"Usando «c'è» o «ci sono», completá en italiano lo que está entre paréntesis.",Nel mio appartamento ___ sei stanze ma ___ un bagno solo. (hay… hay),ci sono | c'è,,,,,
21,s:r07-02e:b,cloze,"Usando «c'è» o «ci sono», completá en italiano lo que está entre paréntesis.",Cosa ___ da mangiare? – ___ gli spaghetti alle vongole e ___ l'insalata. (hay… hay… hay),c'è | Ci sono | c'è,,,,,
21,s:r07-02e:c,cloze,"Usando «c'è» o «ci sono», completá en italiano lo que está entre paréntesis.","___ Nita? – No, ___. (¿Está Nita? – No, no está.)",C'è | non c'è,,,,,
21,s:r07-02e:d,cloze,"Usando «c'è» o «ci sono», completá en italiano lo que está entre paréntesis.","___ Andrea e Massimo? – No, ___. (¿Están Andrea y Massimo? – No, no están.)",Ci sono | non ci sono,,,,,
21,s:r07-03d:a,cloze,Poné «ne» donde haga falta.,"La minestra è buona, ___ vuoi un po'?",ne,,,,,
21,s:r07-03d:b,cloze,Poné «ne» donde haga falta.,"La pasta è fresca, quanta ___ vuole?",ne,,,,,
21,s:r07-03d:c,cloze,Poné «ne» donde haga falta.,"Il vino è buono, ___ vuole?",ne,lo,,,,
21,s:r07-03d:d,cloze,Poné «ne» donde haga falta.,"Le salsicce sono eccezionali, ___ volete?",ne,le,,,,
21,s:r07-03e:a,cloze,Completá usando «metterci» (tardar alguien) y «volerci» (hacer falta tiempo).,___ (Tardo una hora) per arrivare all'università.,Ci metto un'ora,,,,,
21,s:r07-03e:b,cloze,Completá usando «metterci» (tardar alguien) y «volerci» (hacer falta tiempo).,___ (Se tarda una hora) per arrivare in centro.,Ci vuole un'ora,,,,,
21,s:r07-03e:c,cloze,Completá usando «metterci» (tardar alguien) y «volerci» (hacer falta tiempo).,Quanto ___ (tardan ellos) per andare a Genova?,ci mettono,,,,,
21,s:r07-03e:d,cloze,Completá usando «metterci» (tardar alguien) y «volerci» (hacer falta tiempo).,___ (Se tarda) tre quarti d'ora se prendi la macchina.,Ci vogliono,,,,,
21,s:r07-04c:a,translate,Respondé en italiano usando «ne» (el verbo entre paréntesis te ayuda).,"Hai bisogno di aiuto? – (No, gracias, no necesito.) (avere bisogno di)","No grazie, non ne ho bisogno.","No, grazie, non ne ho bisogno.",,,,
21,s:r07-04c:b,translate,Respondé en italiano usando «ne» (el verbo entre paréntesis te ayuda).,Credi che si dimetterà? – (Estoy seguro.) (essere sicuro di),Ne sono sicuro.,Ne sono sicura.,,,,
21,s:r07-04c:c,translate,Respondé en italiano usando «ne» (el verbo entre paréntesis te ayuda).,Abbiamo parlato dei loro problemi. – (Nosotros también hablamos de eso.) (parlare di),Anche noi ne abbiamo parlato.,Ne abbiamo parlato anche noi.,,,,
21,s:r07-04c:d,translate,Respondé en italiano usando «ne» (el verbo entre paréntesis te ayuda).,Dimmi quello che è successo. – (Pero yo no sé nada de eso.) (sapere di),Ma io non ne so niente.,Ma io non ne so nulla. | Ma non ne so niente. | Ma non ne so nulla.,,,,
21,s:r07-04c:e,translate,Respondé en italiano usando «ne» (el verbo entre paréntesis te ayuda).,"Cosa pensi di quello che ha detto? – (No sé, ¿vos qué pensás?) (pensare di – tu)","Non so, tu cosa ne pensi?","Non so, tu che ne pensi? | Non so, tu che cosa ne pensi? | Non so, cosa ne pensi? | Non so, che ne pensi? | Non lo so, tu cosa ne pensi? | Non lo so, tu che ne pensi? | Non lo so, tu che cosa ne pensi? | Non lo so, cosa ne pensi? | Non lo so, che ne pensi?",,,,
21,s:r07-04c:f,translate,Respondé en italiano usando «ne» (el verbo entre paréntesis te ayuda).,Il mio gattino è adorabile. (No puedo estar sin él.) (fare a meno di),Non posso farne a meno.,Non ne posso fare a meno.,,,,
21,s:r07-04c:g,translate,Respondé en italiano usando «ne» (el verbo entre paréntesis te ayuda).,"Hai sentito la notizia? – (Sí, y me afectó mucho.) (essere sconvolto da)","Sì, e ne sono rimasto sconvolto.","Sì, e ne sono rimasta sconvolta. | Sì, e ne sono stato sconvolto. | Sì, e ne sono stata sconvolta. | Sì, e ne sono sconvolto. | Sì, e ne sono sconvolta. | Sì, e ne sono rimasto molto sconvolto. | Sì, e ne sono rimasta molto sconvolta. | Sì, e ne sono stato molto sconvolto. | Sì, e ne sono stata molto sconvolta. | Sì, e ne sono molto sconvolto. | Sì, e ne sono molto sconvolta.",,,,
21,s:r07-04c:h,translate,Respondé en italiano usando «ne» (el verbo entre paréntesis te ayuda).,"È uscito di casa? – (Sí, está saliendo justo ahora.) (uscire di casa)","Sì, ne sta uscendo proprio adesso.","Sì, ne sta uscendo proprio ora. | Sì, ne sta uscendo adesso. | Sì, ne sta uscendo ora.",,,,
21,s:r07-04d:a,translate,Respondé en italiano. En dos casos no se puede usar «ci».,"Sei abituato/a al freddo? – (Sí, estoy acostumbrado/a.)","Sì, ci sono abituato.","Sì, ci sono abituata.",,,,
21,s:r07-04d:b,translate,Respondé en italiano. En dos casos no se puede usar «ci».,"Siete riusciti/e a farlo? – (Sí, pudimos.)","Sì, ci siamo riusciti.","Sì, ci siamo riuscite.",,,,
21,s:r07-04d:c,translate,Respondé en italiano. En dos casos no se puede usar «ci».,"Hai risposto a tuo zio? – (Sí, le contesté.)","Sì, gli ho risposto.",,,,,
21,s:r07-04d:d,translate,Respondé en italiano. En dos casos no se puede usar «ci».,"Avete pensato a quello che volete fare? – (No, no lo pensamos.)","No, non ci abbiamo pensato.",,,,,
21,s:r07-04d:e,translate,Respondé en italiano. En dos casos no se puede usar «ci».,"Pensi spesso ai tuoi fratelli? – (Sí, pienso seguido en ellos.)","Sì, penso spesso a loro.","Sì, penso a loro spesso.",,,,
21,s:r07-04i:a,cloze,¿Cuánto? Completá las dos respuestas haciendo concordar el participio con «ne».,Quante pizze hai ordinato? Ne ho ordinat___ molte. / Ne ho ordinat___ quattro.,e | e,,,,,
21,s:r07-04i:b,cloze,¿Cuánto? Completá las dos respuestas haciendo concordar el participio con «ne».,Quanti fagiolini hai comprato? Ne ho comprat___ tanti. / Ne ho comprat___ due chili.,i | i,,,,,
21,s:r07-04i:c,cloze,¿Cuánto? Completá las dos respuestas haciendo concordar el participio con «ne».,Quanto vino hai ordinato? Ne ho ordinat___ parecchio. / Ne ho ordinat___ tre bottiglie.,o | e,o | o,,,,
21,s:r07-04i:d,cloze,¿Cuánto? Completá las dos respuestas haciendo concordar el participio con «ne».,Quanta marmellata hai comprato? Ne ho comprat___ poca. / Ne ho comprat___ un barattolo.,a | o,a | a,,,,
21,s:r07-05e:e,cloze,Completá con el participio pasado y la concordancia correcta con «ne».,Giorgio ha riparato le sedie e io ne ho ___ un paio a casa. (portare),portate,portato,,,,
21,s:r07-05e:f,cloze,Completá con el participio pasado y la concordancia correcta con «ne».,Simone ha della grappa meravigliosa in casa e ne abbiamo ___ un po'. (bere),bevuta,bevuto,,,,
21,s:r10-15:b,cloze,"Reescribí las preguntas de forma más coloquial, usando un pronombre además del sustantivo.",Quanti cioccolatini rimangono? → ___?,Quanti ne rimangono di cioccolatini,"Quanti ne rimangono, di cioccolatini | Di cioccolatini quanti ne rimangono",,,,
21,s:r10-15:c,cloze,"Reescribí las preguntas de forma más coloquial, usando un pronombre además del sustantivo.",Quanta benzina avete consumato? → ___?,Quanta ne avete consumata di benzina,"Quanta ne avete consumata, di benzina | Quanta ne avete consumato di benzina | Quanta ne avete consumato, di benzina",,,,
21,s:r10-15:d,cloze,"Reescribí las preguntas de forma más coloquial, usando un pronombre además del sustantivo.",Quante pesche volete? → ___?,Quante ne volete di pesche,"Quante ne volete, di pesche | Di pesche quante ne volete",,,,
22,c1-pron-01,choice,Sustituí los complementos: «Do il libro a Marco».,___ do.,Glielo,,Glielo | Lo gli | Gli lo,,,
22,c1-pron-02,choice,Sustituí: «Mando le foto a Laura».,___ mando.,Gliele,,Gliele | Le le | Le gliele,,,
22,c1-pron-03,choice,Sustituí: «Mi dai il tuo numero?»,___ dai?,Me lo,,Me lo | Mi lo | Lo mi,,,
22,c1-pron-04,cloze,Reescribí con pronombres combinados.,Ci hanno parlato del progetto. → ___ hanno parlato.,Ce ne,,,,,
22,c1-pron-05,choice,Elegí la posición correcta con el infinitivo.,Voglio dirtelo. / Te lo voglio dire.,Las dos son correctas,,Las dos son correctas | Solo la primera | Solo la segunda,,,
22,d08-031,cloze,"Escribí en italiano los dos pronombres juntos (indirecto + directo), como en castellano «me lo», «te la».",a nosotros + los → ___,ce li,,,,,
22,d08-032,cloze,"Escribí en italiano los dos pronombres juntos (indirecto + directo), como en castellano «me lo», «te la».",a ustedes + la → ___,ve la,,,,,
22,d08-033,cloze,"Escribí en italiano los dos pronombres juntos (indirecto + directo), como en castellano «me lo», «te la».",a mí + los → ___,me li,,,,,
22,d08-034,cloze,"Escribí en italiano los dos pronombres juntos (indirecto + directo), como en castellano «me lo», «te la».",a él + lo (se lo) → ___,glielo,,,,,
22,d08-035,cloze,"Escribí en italiano los dos pronombres juntos (indirecto + directo), como en castellano «me lo», «te la».",a vos + los → ___,te li,,,,,
22,d08-036,cloze,"Escribí en italiano los dos pronombres juntos (indirecto + directo), como en castellano «me lo», «te la».",a nosotros + lo → ___,ce lo,,,,,
22,d08-037,cloze,"Escribí en italiano los dos pronombres juntos (indirecto + directo), como en castellano «me lo», «te la».",a ella + los (se los) → ___,glieli,,,,,
22,d08-038,cloze,"Escribí en italiano los dos pronombres juntos (indirecto + directo), como en castellano «me lo», «te la».",a ellos + las (se las) → ___,gliele,,,,,
22,d08-039,cloze,"Escribí en italiano los dos pronombres juntos (indirecto + directo), como en castellano «me lo», «te la».",a mí + lo → ___,me lo,,,,,
22,d08-040,cloze,"Escribí en italiano los dos pronombres juntos (indirecto + directo), como en castellano «me lo», «te la».",a vos + la → ___,te la,,,,,
22,s:r07-01g:a,cloze,Reescribí las oraciones reemplazando el objeto directo por un pronombre (combinado con el indirecto).,Ti manderò il pacco stasera. → ___ manderò stasera.,Te lo,,,,,
22,s:r07-01g:b,cloze,Reescribí las oraciones reemplazando el objeto directo por un pronombre (combinado con el indirecto).,Alberto vi spiegherà la situazione domani. → Alberto ___ spiegherà domani.,ve la,,,,,
22,s:r07-01g:c,cloze,Reescribí las oraciones reemplazando el objeto directo por un pronombre (combinado con el indirecto).,Mi compri due etti di prosciutto? → ___ compri due etti?,Me ne,,,,,
22,s:r07-01g:d,cloze,Reescribí las oraciones reemplazando el objeto directo por un pronombre (combinado con el indirecto).,Fra poco ci spediranno i biglietti. → Fra poco ___ spediranno.,ce li,,,,,
22,s:r07-01g:e,cloze,Reescribí las oraciones reemplazando el objeto directo por un pronombre (combinado con el indirecto).,"Le porterò le riviste lunedì, signora. → ___ porterò lunedì, signora.",Gliele,,,,,
22,s:r07-01g:f,cloze,Reescribí las oraciones reemplazando el objeto directo por un pronombre (combinado con el indirecto).,Gli daresti un altro po' di vino? → ___ daresti un altro po'?,Gliene,,,,,
22,s:r07-01h:a,cloze,Corregí estas ideas sobre Italia completando con «si» y otro pronombre.,"In Italia, di solito, il Campari si beve come digestivo. – Ma no, ___ beve come aperitivo!",lo si,,,,,
22,s:r07-01h:b,cloze,Corregí estas ideas sobre Italia completando con «si» y otro pronombre.,"In Italia, di solito, la grappa si beve come aperitivo. – Ma no, ___ beve come digestivo!",la si,,,,,
22,s:r07-01h:c,cloze,Corregí estas ideas sobre Italia completando con «si» y otro pronombre.,"In Italia, di solito, il sale si vende solo in tabaccheria. – Ma no, adesso ___ vende dappertutto!",lo si,,,,,
22,s:r07-02h:a,cloze,"Repetí las preguntas de forma abreviada, reemplazando los sustantivos por pronombres.",Mi presti i tuoi appunti? ___ presti stasera? (¿Me los prestás esta noche?),Me li,,,,,
22,s:r07-02h:b,cloze,"Repetí las preguntas de forma abreviada, reemplazando los sustantivos por pronombres.",Ti posso spedire le informazioni? ___ spedisco adesso?,Te le,,,,,
22,s:r07-02h:c,cloze,"Repetí las preguntas de forma abreviada, reemplazando los sustantivos por pronombres.","Signore, Le posso dare il mio numero di casa? ___ posso dare adesso?",Glielo,,,,,
22,s:r07-02h:d,cloze,"Repetí las preguntas de forma abreviada, reemplazando los sustantivos por pronombres.","Vi mandiamo la chiave, allora? ___ mandiamo domani?",Ve la,,,,,
22,s:r07-02h:e,cloze,"Repetí las preguntas de forma abreviada, reemplazando los sustantivos por pronombres.",Ti troverò della rucola al mercato. ___ troverò di sicuro.,Te ne,,,,,
22,s:r07-02h:f,cloze,"Repetí las preguntas de forma abreviada, reemplazando los sustantivos por pronombres.",Le parlo spesso dei miei figli. ___ parlo spesso.,Gliene,,,,,
22,s:r07-02j:a,cloze,¿No te acordás? Decí que ya está hecho: completá con el pronombre y la terminación del participio.,Mi presti i tuoi appunti? – Ma te ___ ho prestat___ l'altro giorno!,li | i,,,,,
22,s:r07-02j:b,cloze,¿No te acordás? Decí que ya está hecho: completá con el pronombre y la terminación del participio.,Ci mandi le fatture domani? – Ma ve ___ abbiamo mandat___ la settimana scorsa!,le | e,,,,,
22,s:r07-02j:c,cloze,¿No te acordás? Decí que ya está hecho: completá con el pronombre y la terminación del participio.,Mi puoi comprare gli stuzzicadenti? – Ma te ___ ho comprat___ stamattina!,li | i,,,,,
22,s:r07-03h:a,cloze,"¡Dejá, yo lo hago! Usá un pronombre de objeto indirecto y uno de objeto directo.","Devo stirare queste camicie. ___ stiro io, se vuoi. (vos) (Te las plancho yo, si querés.)",Te le,,,,,
22,s:r07-03h:b,cloze,"¡Dejá, yo lo hago! Usá un pronombre de objeto indirecto y uno de objeto directo.","Devo imbucare questa lettera. ___ imbuco io, se vuole. (usted)",Gliela,,,,,
22,s:r07-03h:c,cloze,"¡Dejá, yo lo hago! Usá un pronombre de objeto indirecto y uno de objeto directo.","Dobbiamo aprire questo pacco. ___ apro io, se volete. (ustedes)",Ve lo,,,,,
22,s:r07-04b:e,cloze,Reemplazá la frase por uno o dos pronombres.,"I clienti hanno i documenti? – Sì, ___ hanno.",ce li,,,,,
22,s:r07-04g:a,cloze,Completá usando «ne» y otro pronombre; el castellano te ayuda.,"Queste pere sono mature, signora, ___ scelgo qualcuna? (¿Le elijo algunas?)",Gliene,,,,,
22,s:r07-04g:b,cloze,Completá usando «ne» y otro pronombre; el castellano te ayuda.,"Sono tre etti di formaggio, signore, ___ tolgo un po'? (¿Le saco un poco?)",Gliene,,,,,
22,s:r07-04g:c,cloze,Completá usando «ne» y otro pronombre; el castellano te ayuda.,"I panini sono freschi, ragazzi, ___ incarto un paio? (¿Les envuelvo un par?)",Ve ne,,,,,
22,s:r07-05c:a,cloze,"Preguntá quién se lo dijo, usando el pronombre adecuado para el interlocutor y sin olvidar «lo».",Sai che si è sposato Antonio? – Davvero? Chi ___ ha detto? (¿Quién te lo dijo?),te l',te lo,,,,
22,s:r07-05c:c,cloze,"Preguntá quién se lo dijo, usando el pronombre adecuado para el interlocutor y sin olvidar «lo».",Siamo stati bocciati tutti quanti. – Davvero? Chi ___ ha detto? (¿Quién se lo dijo a ustedes?),ve l',ve lo,,,,
22,s:r07-05d:a,translate,"Preparás todo para diez invitados, pero las cosas no salen bien. Respondé en italiano.",Quanti bicchieri ci sono? – (Hay cinco.),Ce ne sono cinque.,,,,,
22,s:r07-05d:b,translate,"Preparás todo para diez invitados, pero las cosas no salen bien. Respondé en italiano.","C'è della birra in casa? – (No, no hay.)","No, non ce n'è.",,,,,
22,s:r07-05d:c,translate,"Preparás todo para diez invitados, pero las cosas no salen bien. Respondé en italiano.","Abbiamo abbastanza formaggio, vero? – (No, hay muy poco.)","No, ce n'è pochissimo.","No, ce n'è molto poco. | No, ce n'è poco.",,,,
22,s:r07-05d:d,translate,"Preparás todo para diez invitados, pero las cosas no salen bien. Respondé en italiano.","Ci sono poche candele. – (Es cierto, hay muy pocas.)","È vero, ce ne sono pochissime.","È vero, ce ne sono molto poche.",,,,
22,s:r07-05d:e,translate,"Preparás todo para diez invitados, pero las cosas no salen bien. Respondé en italiano.",Ho trovato altre candele. – (¡Bien! ¿Cuántas hay?),"Bene, quante ce ne sono?",,,,,
22,s:r07-05e:a,cloze,Completá con el participio pasado y la concordancia correcta con «ne».,Antonietta ha raccolto dei fiori e me ne ha ___ alcuni. (dare),dati,,,,,
22,s:r07-05e:b,cloze,Completá con el participio pasado y la concordancia correcta con «ne».,Pierluigi ha comprato delle albicocche e me ne ha ___ alcune. (regalare),regalate,,,,,
22,s:r07-05e:c,cloze,Completá con el participio pasado y la concordancia correcta con «ne».,Mio cognato ha scattato delle bellissime foto e me ne ha ___ qualcuna. (dare),data,,,,,
22,s:r07-05e:d,cloze,Completá con el participio pasado y la concordancia correcta con «ne».,Il mio vicino ha trovato dei bicchieri antichi e me ne ha ___ qualcuno. (offrire),offerto,,,,,
22,s:r07-06b:a,cloze,¡Te lo prometo! Completá las respuestas con los pronombres adecuados.,"Mi farai sapere quando arrivi? Sì, ___ farò sapere senz'altro, ___ prometto!",te lo | te lo,,,,,
22,s:r07-06b:b,cloze,¡Te lo prometo! Completá las respuestas con los pronombres adecuados.,"Scusi, mi sa dire quando sarà pronto il lavoro? ___ dirò domani, signora, ___ prometto.",Glielo | glielo,,,,,
22,s:r07-06b:c,cloze,¡Te lo prometo! Completá las respuestas con los pronombres adecuados.,"Facci sapere com'è andato, mi raccomando! Certo, ___ racconterò di sicuro, ___ prometto!",ve lo | ve lo,,,,,
22,s:r07-07b:a,translate,Traducí al italiano.,"Si no pueden venir, ¿nos avisan? (voi)","Se non potete venire, ce lo dite?","Se non potete venire, ce lo direte? | Se non potete venire, ce lo fate sapere? | Se non potete venire, ci avvisate? | Se non potete venire, ci avviserete?",,,,
22,s:r07-07b:b,translate,Traducí al italiano.,"Anna, cuando te vayas, ¿me avisás?","Anna, quando parti, me lo fai sapere?","Anna, quando parti, me lo dici? | Anna, quando te ne vai, me lo fai sapere? | Anna, quando te ne vai, me lo dici? | Anna, quando partirai, me lo fai sapere? | Anna, quando partirai, me lo dici? | Anna, quando parti, mi avvisi? | Anna, quando te ne vai, mi avvisi? | Anna, quando partirai, mi avvisi? | Anna, quando vai via, me lo fai sapere? | Anna, quando vai via, me lo dici? | Anna, quando vai via, mi avvisi?",,,,
22,s:r07-07b:c,translate,Traducí al italiano.,"Ivo, si querés venir, ¿se lo podés decir a él?","Ivo, se vuoi venire, glielo puoi dire?","Ivo, se vuoi venire, puoi dirglielo?",,,,
22,s:r07-07b:d,translate,Traducí al italiano.,"¡Te voy a ayudar, Mina, te lo prometo!","Ti aiuterò, Mina, te lo prometto!","Ti aiuto, Mina, te lo prometto!",,,,
22,s:r07-08b:a,translate,"Usando lavarsi, togliersi, comprarsi, occuparsi di y permettersi, respondé en italiano.",I miei capelli sono proprio sporchi! – (¿Por qué no te lo lavás?),Perché non te li lavi?,,,,,
22,s:r07-08b:b,translate,"Usando lavarsi, togliersi, comprarsi, occuparsi di y permettersi, respondé en italiano.","Mi tiene troppo caldo questo cappotto! – (¿Por qué no se lo saca, señora?)","Perché non se lo toglie, signora?",,,,,
22,s:r07-08b:c,translate,"Usando lavarsi, togliersi, comprarsi, occuparsi di y permettersi, respondé en italiano.","Sono belle quelle fragole! – (¿Nos compramos algunas, entonces?)","Ce ne compriamo qualcuna, allora?","Allora ce ne compriamo qualcuna? | Ce ne compriamo un po', allora? | Allora ce ne compriamo un po'? | Ce ne compriamo alcune, allora? | Allora ce ne compriamo alcune?",,,,
22,s:r07-08b:d,translate,"Usando lavarsi, togliersi, comprarsi, occuparsi di y permettersi, respondé en italiano.","Che freddo che fa! Chiudiamo la finestra? – (Está bien, me ocupo yo.)","Va bene, me ne occupo io.","D'accordo, me ne occupo io.",,,,
22,s:r07-08b:e,translate,"Usando lavarsi, togliersi, comprarsi, occuparsi di y permettersi, respondé en italiano.",Perché non fate un viaggio in Messico? – (No podemos permitírnoslo.),Non possiamo permettercelo.,Non ce lo possiamo permettere.,,,,
22,s:r07-10b:a,translate,"Traducí al italiano usando andarsene, fregarsene, sentirsela, prendersela o cavarsela.","Es tarde, me voy.","È tardi, me ne vado.",,,,,
22,s:r07-10b:c,translate,"Traducí al italiano usando andarsene, fregarsene, sentirsela, prendersela o cavarsela.",¿Te animás a venir al cine? (tu),Te la senti di venire al cinema?,,,,,
22,s:r07-10b:d,translate,"Traducí al italiano usando andarsene, fregarsene, sentirsela, prendersela o cavarsela.",¿Por qué te ofendés? (tu),Perché te la prendi?,,,,,
22,s:r10-03c:a,cloze,¿Quién te obliga? Completá la respuesta con los pronombres correctos.,"Lavoro ogni weekend. – Ma Giulia, sei matta, chi ___ fa fare?",te lo,,,,,
22,s:r10-03c:b,cloze,¿Quién te obliga? Completá la respuesta con los pronombres correctos.,"Prendiamo la metropolitana tutti i giorni. – Ma siete matti, chi ___ fa fare?",ve lo,,,,,
22,s:r11-01b:f,cloze,Completá con la interjección adecuada. Puede haber varias posibilidades.,"Non vengo prima delle sei stasera. – ___ (¡Uf, por favor! / ¡Qué bronca!), me lo potevi dire prima!",Accidenti,Mannaggia | Porca miseria | Cavolo | Uffa | Insomma | Accidenti a te | Santo cielo,,,,
23,c1-comp-01,choice,Elegí la forma correcta.,Questo vino è migliore ___ quello.,di,,di | che | come,,,
23,c1-comp-02,choice,Elegí la forma correcta.,È più furbo ___ intelligente.,che,,che | di | del,,,
23,c1-comp-03,choice,Elegí el superlativo irregular.,Questo è il ___ problema di tutti (el peor).,peggiore,,peggiore | più cattivo | pessimo,,,
23,c1-comp-04,choice,Elegí la forma correcta.,Ha più soldi ___ non sembri.,di quanto,,di quanto | che | di quello,,,
23,d15-021,translate,Traducí al italiano (comparaciones y adverbios).,Marco es tan bueno como su abuelo.,Marco è così buono come suo nonno.,Marco è buono come suo nonno. | Marco è tanto buono quanto suo nonno.,,,,
23,d15-022,translate,Traducí al italiano (comparaciones y adverbios).,El profesor es más inteligente de lo que yo creía.,L'insegnante è più intelligente di quel che credevo.,L'insegnante è più intelligente di quello che credevo. | L'insegnante è più intelligente di quanto credevo. | L'insegnante è più intelligente di quanto credessi. | Il professore è più intelligente di quel che credevo. | Il professore è più intelligente di quanto credevo. | Il professore è più intelligente di quello che credevo. | Il professore è più intelligente di quanto credessi.,,,,
23,d15-023,translate,Traducí al italiano (comparaciones y adverbios).,Estoy tan nervioso como contento.,Sono tanto nervoso quanto contento.,Sono così nervoso come contento.,,,,
23,d15-024,translate,Traducí al italiano (comparaciones y adverbios).,Un chico canta peor que el otro.,Un ragazzo canta peggio dell'altro.,,,,,
23,d15-025,translate,Traducí al italiano (comparaciones y adverbios).,Italia tiene más políticos que curas.,L'Italia ha più politici che preti.,,,,,
23,d15-026,translate,Traducí al italiano (comparaciones y adverbios).,Beatrice es más linda que la hermana.,Beatrice è più bella della sorella.,Beatrice è più bella di sua sorella.,,,,
23,d15-027,translate,Traducí al italiano (comparaciones y adverbios).,Como lo menos posible.,Io mangio il meno possibile.,Mangio il meno possibile.,,,,
23,d15-028,translate,Traducí al italiano (comparaciones y adverbios).,Es mejor no hacerlo.,È meglio non farlo.,,,,,
23,d15-029,translate,Traducí al italiano (comparaciones y adverbios).,La actriz es más simpática que rica.,L'attrice è più simpatica che ricca.,,,,,
23,d15-030,translate,Traducí al italiano (comparaciones y adverbios).,Ese libro nos gustó poquísimo.,Ci è piaciuto pochissimo quel libro.,"Quel libro ci è piaciuto pochissimo. | Ci è piaciuto pochissimo, quel libro.",,,,
23,rf-22-01,choice,Elegí la forma correcta.,Roma è più antica ___ Buenos Aires.,di,,di | che | come,,,
23,rf-22-02,choice,Elegí la forma correcta.,Leggere è più rilassante ___ guardare la tv.,che,,che | di | del,,,
23,rf-22-03,cloze,Completá (el más largo).,Il Po è il fiume ___ lungo d'Italia.,più,,,,,
23,rf-22-04,choice,Elegí la forma correcta.,In Argentina ci sono più mucche ___ abitanti.,che,,che | di | come,,,
23,rf-22-05,choice,Elegí la forma correcta (mayor).,Mio fratello ___ vive a Córdoba.,maggiore,,maggiore | massimo | maggiori,,,
23,rf-22-06,choice,Elegí la forma correcta.,È il ___ ristorante del quartiere.,migliore,,migliore | meglio | ottimo,,,
23,rf-22-07,choice,Elegí la forma correcta (malísima).,La cena era ___: non ci torno più.,pessima,,pessima | peggiore | minima,,,
23,rf-22-08,cloze,Completá con di + artículo.,Il Colosseo è più grande ___ Pantheon.,del,,,,,
23,rf-22-09,cloze,Completá (tan alto como).,Luca è alto ___ suo padre.,come,quanto,,,,
23,rf-22-10,cloze,Completá (menos).,Oggi Sabato è ___ famoso di Borges.,meno,,,,,
23,rf-22-11,cloze,Formá el superlativo absoluto en -issimo.,Il panettone di mia zia è ___ (buono).,buonissimo,,,,,
23,rf-22-12,cloze,Formá el superlativo absoluto en -issimo.,Le strade di Napoli sono ___ (stretto).,strettissime,,,,,
23,rf-22-13,cloze,Formá el superlativo absoluto en -issimo.,L'esame di ieri era ___ (facile).,facilissimo,,,,,
23,rf-22-14,choice,Elegí la forma correcta.,Il nuovo collega è più simpatico ___ bello.,che,,che | di | come,,,
23,rf-22-15,choice,Elegí la forma correcta.,È più facile dirlo ___ farlo.,che,,che | di | del,,,
23,rf-22-16,choice,Elegí la forma correcta.,Gli italiani bevono più caffè ___ tè.,che,,che | di | del,,,
23,rf-22-17,choice,Elegí la forma correcta.,Per molti Venezia è la città più romantica ___ mondo.,del,,del | che | come,,,
23,rf-22-18,choice,Elegí la forma correcta.,Il Monte Bianco è la montagna ___ alta d'Europa.,più,,più | molto | tanto,,,
23,rf-22-19,choice,Elegí la forma correcta (máxima).,La temperatura ___ di oggi è di 35 gradi.,massima,,massima | maggiore | più grande,,,
23,rf-22-20,choice,Elegí la forma correcta (ni la más mínima idea).,Non ne ho la ___ idea.,minima,,minima | minore | meno,,,
23,rf-22-21,choice,Elegí la forma correcta.,Il viaggio è stato più lungo ___ previsto.,del,,del | che | come,,,
23,rf-22-22,translate,Traducí al italiano.,Mi hermana es más alta que yo.,Mia sorella è più alta di me,,,,,
23,rf-22-23,translate,Traducí al italiano.,Es el peor día de mi vida.,È il giorno peggiore della mia vita,È il peggior giorno della mia vita | È il peggiore giorno della mia vita,,,,
23,rf-22-24,translate,Traducí al italiano.,Hoy hace menos frío que ayer.,Oggi fa meno freddo di ieri,Oggi fa meno freddo che ieri,,,,
23,rf-22-25,translate,Traducí al italiano.,Este café está riquísimo.,Questo caffè è buonissimo,Questo caffè è ottimo,,,,
23,s:r10-01b:a,cloze,Completá con la forma correcta del verbo en italiano (tu).,Perché ___ (pagás) più del necessario?,paghi,,,,,
23,s:r19-02b:c,cloze,¿Todo va a mejorar? Hacé tus predicciones políticas con el futuro.,Per gli anziani la vita ___ più dura. ___ di più e alla fine ___ una pensione più piccola di prima. (diventare; lavorare; ottenere),diventerà | Lavoreranno | otterranno,,,,,
24,c1-cong-02,choice,Elegí la forma correcta.,Penso che Marco ___ ragione.,abbia,,abbia | ha | avrebbe,,,
24,c1-cong-05,choice,Elegí la forma correcta (registro cuidado).,Si dice che ___ molto brava.,sia,,sia | è | era,,,
24,c1-cong-07,choice,Elegí la forma correcta.,Aspetto che ___ il treno.,arrivi,,arrivi | arriva | arriverà,,,
24,c1-cong-08,choice,Elegí la forma correcta.,Ti telefono prima che tu ___ di casa.,esca,,esca | esci | uscirai,,,
24,c1-cong-09,choice,Elegí la forma correcta.,Cerco una segretaria che ___ il cinese.,sappia,,sappia | sa | saprebbe,,,
24,c1-cong-12,cloze,Completá con el congiuntivo presente.,Bisogna che tu ___ (venire) subito.,venga,,,,,
24,c1-cong-13,cloze,Completá con el congiuntivo presente.,Può darsi che loro non ___ (sapere) niente.,sappiano,,,,,
24,d20-001,cloze,Completá con el congiuntivo presente del verbo entre paréntesis.,Suggeriamo che lui ___ (pagare) il conto.,paghi,,,,,
24,d20-002,cloze,Completá con el congiuntivo presente del verbo entre paréntesis.,Il medico vuole che tu ___ (restare) a casa.,resti,,,,,
24,d20-003,cloze,Completá con el congiuntivo presente del verbo entre paréntesis.,È necessario che voi ___ (parlare).,parliate,,,,,
24,d20-004,cloze,Completá con el congiuntivo presente del verbo entre paréntesis.,Mi dispiace che loro ___ (dubitare) di me.,dubitino,,,,,
24,d20-005,cloze,Completá con el congiuntivo presente del verbo entre paréntesis.,Spero che tu ___ (scrivere) molte cartoline a noi.,scriva,,,,,
24,d20-006,cloze,Completá con el congiuntivo presente del verbo entre paréntesis.,Insistono che voi ___ (arrivare) presto.,arriviate,,,,,
24,d20-007,cloze,Completá con el congiuntivo presente del verbo entre paréntesis.,Voglio che loro ___ (capire).,capiscano,,,,,
24,d20-008,cloze,Completá con el congiuntivo presente del verbo entre paréntesis.,Ha paura che tu ___ (partire).,parta,,,,,
24,d20-009,cloze,Completá con el congiuntivo presente del verbo entre paréntesis.,Può darsi che loro ___ (cantare).,cantino,,,,,
24,d20-010,cloze,Completá con el congiuntivo presente del verbo entre paréntesis.,Penso che lui ___ (leggere) poco.,legga,,,,,
24,s:r12-06:a,translate,Traducí al italiano con qualunque o qualsiasi.,"Voy a aceptar tu decisión, sea cual sea.","Accetterò la tua decisione, qualunque sia.","Accetterò la tua decisione, qualsiasi sia. | Accetterò la tua decisione, qualunque essa sia.",,,,
24,s:r22-03:e,cloze,Escribí el imperativo de tu y de Lei (en ese orden).,tradurre il brano → tu: ___ il brano · Lei: ___ il brano,traduci | traduca,,,,,
24,s:r24-01:a,cloze,Completá con el presente del subjuntivo del verbo entre paréntesis.,Vuoi che io gli ___ il pacco? (mandare),mandi,,,,,
24,s:r24-01:b,cloze,Completá con el presente del subjuntivo del verbo entre paréntesis.,Voglio che tu gli ___ qualcosa. (scrivere),scriva,,,,,
24,s:r24-01:c,cloze,Completá con el presente del subjuntivo del verbo entre paréntesis.,Voglio che loro ___ subito! (dormire),dormano,,,,,
24,s:r24-01:d,cloze,Completá con el presente del subjuntivo del verbo entre paréntesis.,Vuoi che lo ___ io? (finire),finisca,,,,,
24,s:r24-01:e,cloze,Completá con el presente del subjuntivo del verbo entre paréntesis.,Vuole che tu lo ___ adesso. (pagare),paghi,,,,,
24,s:r24-01:f,cloze,Completá con el presente del subjuntivo del verbo entre paréntesis.,Voglio che loro ___ presto. (cominciare),comincino,,,,,
24,s:r24-02:a,cloze,"Preguntá qué prefieren los demás, con el subjuntivo del verbo indicado.",Preferisci che lo ___ io? (fare),faccia,,,,,
24,s:r24-02:b,cloze,"Preguntá qué prefieren los demás, con el subjuntivo del verbo indicado.",Preferisce che ci ___ io? (andare),vada,,,,,
24,s:r24-02:c,cloze,"Preguntá qué prefieren los demás, con el subjuntivo del verbo indicado.",Preferisci che glielo ___ io? (dare),dia,,,,,
24,s:r24-02:d,cloze,"Preguntá qué prefieren los demás, con el subjuntivo del verbo indicado.",Preferite che glielo ___ io? (dire),dica,,,,,
24,s:r24-03:c,cloze,Formá el presente del subjuntivo singular (io/tu/lui) de estos verbos de presente irregular.,riuscire → che io/tu/lui ___,riesca,,,,,
24,s:r24-03:d,cloze,Formá el presente del subjuntivo singular (io/tu/lui) de estos verbos de presente irregular.,produrre → che io/tu/lui ___,produca,,,,,
24,s:r24-03:f,cloze,Formá el presente del subjuntivo singular (io/tu/lui) de estos verbos de presente irregular.,attrarre → che io/tu/lui ___,attragga,,,,,
25,d20-011,cloze,Completá con el congiuntivo (presente o passato) del verbo entre paréntesis.,È importante che loro ___ (imparare) la verità.,imparino,,,,,
25,d20-012,cloze,Completá con el congiuntivo (presente o passato) del verbo entre paréntesis.,Credi che lei ___ (essere) disponibile?,sia,,,,,
25,d20-013,cloze,Completá con el congiuntivo (presente o passato) del verbo entre paréntesis.,La professoressa vuole che voi ___ (aprire) i libri.,apriate,,,,,
25,d20-014,cloze,Completá con el congiuntivo (presente o passato) del verbo entre paréntesis.,Spero che tu ___ (pagare) perché io non ho soldi.,paghi,,,,,
25,d20-015,cloze,Completá con el congiuntivo (presente o passato) del verbo entre paréntesis.,Che voi ___ (essere) molto lieti!,siate,,,,,
25,d20-016,cloze,Completá con el congiuntivo (presente o passato) del verbo entre paréntesis.,È necessario che i bambini ___ (mangiare) la verdura.,mangino,,,,,
25,d20-018,cloze,Completá con el congiuntivo (presente o passato) del verbo entre paréntesis.,Il medico suggerisce che tu ___ (perdere) qualche chilo.,perda,,,,,
25,d20-019,cloze,Completá con el congiuntivo (presente o passato) del verbo entre paréntesis.,Temo che gli studenti non ___ (essere) seri.,siano,,,,,
25,d20-020,cloze,Completá con el congiuntivo (presente o passato) del verbo entre paréntesis.,Hai cercato le chiavi? È possibile che ___ (essere) nella macchina?,siano,,,,,
25,d20-021,cloze,"Completá con la forma correcta del verbo entre paréntesis: congiuntivo cuando haga falta; si no hay «che», probablemente va el infinitivo.",Dimmi che ___ (essere) vero.,sia,è,,,,
25,d20-022,cloze,"Completá con la forma correcta del verbo entre paréntesis: congiuntivo cuando haga falta; si no hay «che», probablemente va el infinitivo.",Lo faremo sebbene non ci ___ (piacere).,piaccia,,,,,
25,d20-023,cloze,"Completá con la forma correcta del verbo entre paréntesis: congiuntivo cuando haga falta; si no hay «che», probablemente va el infinitivo.",È necessario che voi ___ (capire) bene.,capiate,,,,,
25,d20-025,cloze,"Completá con la forma correcta del verbo entre paréntesis: congiuntivo cuando haga falta; si no hay «che», probablemente va el infinitivo.",Luigi non vuole che loro lo ___ (fare).,facciano,,,,,
25,d20-026,cloze,"Completá con la forma correcta del verbo entre paréntesis: congiuntivo cuando haga falta; si no hay «che», probablemente va el infinitivo.",Io penso di ___ (andare).,andare,,,,,
25,d20-027,cloze,"Completá con la forma correcta del verbo entre paréntesis: congiuntivo cuando haga falta; si no hay «che», probablemente va el infinitivo.","Chiunque ___ (essere), non ci sono!",sia,,,,,
25,d20-029,cloze,"Completá con la forma correcta del verbo entre paréntesis: congiuntivo cuando haga falta; si no hay «che», probablemente va el infinitivo.",Gli piace ___ (leggere) un bel libro.,leggere,,,,,
25,d20-030,cloze,"Completá con la forma correcta del verbo entre paréntesis: congiuntivo cuando haga falta; si no hay «che», probablemente va el infinitivo.",È un bell’uomo sebbene ___ (fumare).,fumi,,,,,
25,s:r24-01c:b,cloze,Reescribí la oración con la conjunción indicada: completá con el verbo en subjuntivo.,Andremo in piscina se non fa freddo. → Andremo in piscina a condizione che non ___ freddo.,faccia,,,,,
25,s:r24-01c:c,cloze,Reescribí la oración con la conjunción indicada: completá con el verbo en subjuntivo.,Possiamo stare a casa se tu non vuoi uscire. → Possiamo stare a casa a meno che tu non ___ uscire.,voglia,,,,,
25,s:r24-01c:d,cloze,Reescribí la oración con la conjunción indicada: completá con el verbo en subjuntivo.,Lo farò ma nessuno lo saprà. → Lo farò senza che nessuno lo ___.,sappia,,,,,
25,s:r24-01c:e,cloze,Reescribí la oración con la conjunción indicada: completá con el verbo en subjuntivo.,Ti lascio la chiave se ne hai bisogno. → Ti lascio la chiave nel caso che tu ne ___ bisogno.,abbia,,,,,
25,s:r24-01c:f,cloze,Reescribí la oración con la conjunción indicada: completá con el verbo en subjuntivo.,"Anche se è antipatico hai fatto male a parlargli in quel modo. → Nonostante ___ antipatico, hai fatto male a parlargli in quel modo.",sia,,,,,
25,s:r24-01c:g,cloze,Reescribí la oración con la conjunción indicada: completá con el verbo en subjuntivo.,"Se piove ti lascio l'ombrello. → Caso mai ___, ti lascio l'ombrello.",piova,,,,,
25,s:r24-01c:h,cloze,Reescribí la oración con la conjunción indicada: completá con el verbo en subjuntivo.,"Se tuo marito chiede il divorzio, tu cosa farai? → Mettiamo il caso che tuo marito ___ il divorzio: tu cosa farai?",chieda,,,,,
25,s:r24-01c:i,cloze,Reescribí la oración con la conjunción indicada: completá con el verbo en subjuntivo.,"Se la Commissione è d'accordo, si potrà discutere la crisi. → Ammesso che la Commissione ___ d'accordo, si potrà discutere la crisi.",sia,,,,,
25,s:r24-02c:b,translate,Completá en italiano la parte indicada entre paréntesis.,___ non ti posso aiutare. (Lo que pasa es que…),Il fatto è che,,,,,
25,s:r24-02c:c,translate,Completá en italiano la parte indicada entre paréntesis.,"___, suo figlio non studia. (Por lo que sé…)",Per quanto ne so,Per quel che ne so | Per quello che ne so | Che io sappia,,,,
25,s:r24-03c:a,translate,Traducí al italiano (superlativos y «el único que» llevan subjuntivo).,Es el lugar más lindo que hay.,È il posto più bello che ci sia.,È il luogo più bello che ci sia.,,,,
25,s:r24-04:a,translate,Decí lo que tiene que pasar: traducí al italiano la parte entre paréntesis.,"Nicola, non hai ancora pagato l'affitto? ___ (Es fundamental que lo pagues pronto.)",È essenziale che tu lo paghi presto.,È fondamentale che tu lo paghi presto. | È indispensabile che tu lo paghi presto. | È essenziale che lo paghi presto. | È fondamentale che lo paghi presto.,,,,
25,s:r24-04:b,translate,Decí lo que tiene que pasar: traducí al italiano la parte entre paréntesis.,Silvana e Giorgio non hanno spedito il pacco? ___ (Es importante que lo manden mañana.),È importante che lo spediscano domani.,È importante che loro lo spediscano domani. | È importante che lo mandino domani. | È importante che loro lo mandino domani.,,,,
25,s:r24-04:c,translate,Decí lo que tiene que pasar: traducí al italiano la parte entre paréntesis.,Voi non sapete se venite domani? ___ (Pero es necesario que yo lo sepa hoy.),Ma è necessario che io lo sappia oggi.,Però è necessario che io lo sappia oggi. | Ma bisogna che io lo sappia oggi. | Ma è necessario che lo sappia oggi.,,,,
25,s:r24-04c:a,choice,Elegí el verbo adecuado (indicativo o subjuntivo).,Non conosco nessuno che ___ quattro lingue.,sappia,,sa | sappia,,,
25,s:r24-04c:b,choice,Elegí el verbo adecuado (indicativo o subjuntivo).,Conosco qualcuno che ___ quattro lingue.,sa,,sa | sappia,,,
25,s:r24-04c:c,choice,Elegí el verbo adecuado (indicativo o subjuntivo).,Hai comprato un abito che ti ___ molto bene.,sta,,sta | stia,,,
25,s:r24-04c:d,choice,Elegí el verbo adecuado (indicativo o subjuntivo).,Devi trovare un abito che ti ___ bene.,stia,,sta | stia,,,
25,s:r24-05:a,cloze,Hablá de posibilidades: completá con el subjuntivo del verbo indicado.,È difficile che ___ tutti quanti. (venire) (Es poco probable que vengan todos.),vengano,,,,,
25,s:r24-05:b,cloze,Hablá de posibilidades: completá con el subjuntivo del verbo indicado.,È possibile che il treno ___ in ritardo. (essere) (Es posible que el tren llegue tarde.),sia,,,,,
25,s:r24-05:c,cloze,Hablá de posibilidades: completá con el subjuntivo del verbo indicado.,Non è detto che loro ___ stasera. (tornare) (No es seguro que vuelvan esta noche.),tornino,,,,,
25,s:r24-06:a,cloze,Decí lo que sentís empezando con la expresión dada: completá con el subjuntivo.,Tu stai meglio. → Mi fa piacere che tu ___ meglio.,stia,,,,,
25,s:r24-06:b,cloze,Decí lo que sentís empezando con la expresión dada: completá con el subjuntivo.,Lei non ha più tempo. → Mi dispiace che lei non ___ più tempo.,abbia,,,,,
25,s:r24-06:c,cloze,Decí lo que sentís empezando con la expresión dada: completá con el subjuntivo.,Loro vogliono lamentarsi di nuovo. → Temo che loro ___ lamentarsi di nuovo.,vogliano,,,,,
25,s:r24-06:d,cloze,Decí lo que sentís empezando con la expresión dada: completá con el subjuntivo.,Loro non possono venire. → Che peccato che loro non ___ venire.,possano,,,,,
25,s:r24-06:e,cloze,Decí lo que sentís empezando con la expresión dada: completá con el subjuntivo.,Lucio è malato. → Ho paura che Lucio ___ malato.,sia,,,,,
25,s:r24-06:f,cloze,Decí lo que sentís empezando con la expresión dada: completá con el subjuntivo.,Lo fanno loro. → Non è giusto che lo ___ loro.,facciano,,,,,
25,s:r24-07:a,cloze,Expresá opiniones e impresiones con el subjuntivo del verbo indicado.,Ho l'impressione che Carlo ___ troppo. (bere),beva,,,,,
25,s:r24-07:b,cloze,Expresá opiniones e impresiones con el subjuntivo del verbo indicado.,Mi sembra che Luca ___ tanto. (mangiare),mangi,,,,,
25,s:r24-07:c,cloze,Expresá opiniones e impresiones con el subjuntivo del verbo indicado.,Non credo che loro ___ stasera. (rimanere),rimangano,,,,,
25,s:r24-07:d,cloze,Expresá opiniones e impresiones con el subjuntivo del verbo indicado.,Non dico che ___ la moglie. (tradire),tradisca,,,,,
25,s:r24-08:a,cloze,Hacé pedidos con el subjuntivo del verbo indicado.,"Giovanni, lascia che lo ___ tuo fratello. (fare) (Giovanni, dejá que lo haga tu hermano.)",faccia,,,,,
25,s:r24-08:b,cloze,Hacé pedidos con el subjuntivo del verbo indicado.,"Lavinia, permetti che io ___ il mio discorso? (finire) (Lavinia, ¿me dejás terminar lo que estoy diciendo?)",finisca,,,,,
25,s:r24-08:c,cloze,Hacé pedidos con el subjuntivo del verbo indicado.,Voglio che Simone mi ___ una mano. (dare) (Quiero que Simone me dé una mano.),dia,,,,,
26,d10-021,conjugate,"Completá con el verbo piacere en el tiempo indicado entre paréntesis (futuro, condicional o trapassato prossimo).",Gli ___ (futuro) le macchine.,piaceranno,,,,,
26,d10-022,conjugate,"Completá con el verbo piacere en el tiempo indicado entre paréntesis (futuro, condicional o trapassato prossimo).",Mi ___ (condicional) andare.,piacerebbe,,,,,
26,d10-023,conjugate,"Completá con el verbo piacere en el tiempo indicado entre paréntesis (futuro, condicional o trapassato prossimo).",A lei ___ (trapassato prossimo) la casa.,era piaciuta,,,,,
26,d10-024,conjugate,"Completá con el verbo piacere en el tiempo indicado entre paréntesis (futuro, condicional o trapassato prossimo).",Vi ___ (condicional) venire?,piacerebbe,,,,,
26,d10-025,conjugate,"Completá con el verbo piacere en el tiempo indicado entre paréntesis (futuro, condicional o trapassato prossimo).",Ti ___ (futuro) le isole.,piaceranno,,,,,
26,d10-026,conjugate,"Completá con el verbo piacere en el tiempo indicado entre paréntesis (futuro, condicional o trapassato prossimo).",Vi ___ (condicional) le montagne qui.,piacerebbero,,,,,
26,d10-027,conjugate,"Completá con el verbo piacere en el tiempo indicado entre paréntesis (futuro, condicional o trapassato prossimo).",Non mi ___ (trapassato prossimo) i biscotti.,erano piaciuti,,,,,
26,d10-028,conjugate,"Completá con el verbo piacere en el tiempo indicado entre paréntesis (futuro, condicional o trapassato prossimo).",Ci ___ (condicional) fare una telefonata.,piacerebbe,,,,,
26,d10-029,conjugate,"Completá con el verbo piacere en el tiempo indicado entre paréntesis (futuro, condicional o trapassato prossimo).",Gli ___ (futuro) i nuovi pantaloni.,piaceranno,,,,,
26,d10-030,conjugate,"Completá con el verbo piacere en el tiempo indicado entre paréntesis (futuro, condicional o trapassato prossimo).",Ma non le ___ (futuro) la casa.,piacerà,,,,,
26,d10-032,conjugate,"Completá con piacere en pasado: passato prossimo (è piaciuto/a, sono piaciuti/e: una vez, «gustó») o imperfetto (piaceva, piacevano: costumbre o estado, «gustaba»).",Non le ___ l'opera di Michelangelo.,piaceva,è piaciuta,,,,
26,d10-033,conjugate,"Completá con piacere en pasado: passato prossimo (è piaciuto/a, sono piaciuti/e: una vez, «gustó») o imperfetto (piaceva, piacevano: costumbre o estado, «gustaba»).",A Rodolfo ___ di solito mangiare presto.,piaceva,,,,,
26,d10-035,conjugate,"Completá con piacere en pasado: passato prossimo (è piaciuto/a, sono piaciuti/e: una vez, «gustó») o imperfetto (piaceva, piacevano: costumbre o estado, «gustaba»).",Ogni estate ci ___ visitare la nonna.,piaceva,,,,,
26,d10-036,conjugate,"Completá con piacere en pasado: passato prossimo (è piaciuto/a, sono piaciuti/e: una vez, «gustó») o imperfetto (piaceva, piacevano: costumbre o estado, «gustaba»).","Anche se gli ___ il computer, non l'ha comprato. (le gustaba)",piaceva,,,,,
26,d10-037,conjugate,"Completá con piacere en pasado: passato prossimo (è piaciuto/a, sono piaciuti/e: una vez, «gustó») o imperfetto (piaceva, piacevano: costumbre o estado, «gustaba»).",Ai bambini ___ mangiare dolci. (les gustaba),piaceva,,,,,
26,d10-038,conjugate,"Completá con piacere en pasado: passato prossimo (è piaciuto/a, sono piaciuti/e: una vez, «gustó») o imperfetto (piaceva, piacevano: costumbre o estado, «gustaba»).",Da bambina mi ___ leggere e scrivere.,piaceva,,,,,
26,d13-024,translate,"Traducí al italiano usando un pronombre indefinido (pochi, nessuno, ognuno, qualcosa, alcuni…).",Tengo tantos (de esos).,Ne ho tanti.,,,,,
26,d13-029,translate,"Traducí al italiano usando un pronombre indefinido (pochi, nessuno, ognuno, qualcosa, alcuni…).",Hay varios para considerar.,Ce ne sono vari da considerare.,Ce ne sono diversi da considerare.,,,,
26,d17-007,cloze,Completá con el passato prossimo del verbo reflexivo entre paréntesis (essere + participio concordado).,Lei ___ (affrettarsi).,si è affrettata,,,,,
26,d18-001,cloze,Completá con el futuro simple del verbo entre paréntesis.,Io gliene ___ (parlare) domani.,parlerò,,,,,
26,d18-031,translate,"Traducí al italiano. Ojo: después de «quando» y «appena», si la acción es futura, el italiano prefiere el futuro (no el subjuntivo como en castellano; en la lengua hablada también se oye el presente); después de «se» sirven el futuro o el presente.","Apenas lo sepan, nos lo van a decir.","Appena lo sapranno, ce lo diranno.","Appena lo sapranno ce lo diranno | Non appena lo sapranno, ce lo diranno. | Non appena lo sapranno ce lo diranno | Appena sapranno, ce lo diranno. | Appena sapranno ce lo diranno",,,,
26,d18-036,cloze,Completá con el condicional simple (condizionale presente) del verbo entre paréntesis.,Io gliene ___ (parlare) domani.,parlerei,,,,,
26,s:r02-11:a,cloze,Completá con la forma correcta: «di» o «di» + artículo (d' delante de vocal).,"Enrico VIII, re ___ Inghilterra, era stato Principe ___ Galles. (di/dell' – di/del)",d' | di,di | di,,,,
26,s:r11-01b:g,cloze,Completá con la interjección adecuada. Puede haber varias posibilidades.,"Vieni con noi domani? – ___ (¡Ni loco! / ¡Qué va!), domani c'è l'esame! – ___ (¡Ay, Dios!), avevo dimenticato!",Figurati | Mamma mia,Figurati | Oddio | Figurati | Oh Dio | Figurati | Accidenti | Figurati | Caspita | Figurati | Oh no | Ma figurati | Mamma mia | Ma figurati | Oddio | Ma figurati | Oh Dio | Ma figurati | Accidenti | Ma figurati | Caspita | Ma figurati | Oh no | Ma scherzi | Mamma mia | Ma scherzi | Oddio | Ma scherzi | Oh Dio | Ma scherzi | Accidenti | Ma scherzi | Caspita | Ma scherzi | Oh no | Scherzi | Mamma mia | Scherzi | Oddio | Scherzi | Oh Dio | Scherzi | Accidenti | Scherzi | Caspita | Scherzi | Oh no | Macché | Mamma mia | Macché | Oddio | Macché | Oh Dio | Macché | Accidenti | Macché | Caspita | Macché | Oh no | Ma va' | Mamma mia | Ma va' | Oddio | Ma va' | Oh Dio | Ma va' | Accidenti | Ma va' | Caspita | Ma va' | Oh no | Ma no | Mamma mia | Ma no | Oddio | Ma no | Oh Dio | Ma no | Accidenti | Ma no | Caspita | Ma no | Oh no,,,,
26,s:r20-01d:a,cloze,Completá con el trapassato prossimo en todos los casos menos uno. ¿Cuál es la excepción?,Ieri Patrizio mi ha portato i libri che io gli ___ l'altro giorno. (chiedere),avevo chiesto,,,,,
26,s:r20-01d:b,cloze,Completá con el trapassato prossimo en todos los casos menos uno. ¿Cuál es la excepción?,Mio fratello ___ in medicina ma non ha mai voluto fare il medico. (laurearsi),si era laureato,,,,,
26,s:r20-01d:c,cloze,Completá con el trapassato prossimo en todos los casos menos uno. ¿Cuál es la excepción?,Quando Marcello ___ era meglio non ascoltarlo. (bere),aveva bevuto,,,,,
26,s:r20-01d:d,cloze,Completá con el trapassato prossimo en todos los casos menos uno. ¿Cuál es la excepción?,Il funzionario voleva sapere dove ___ io e mio fratello. (nascere),eravamo nati,,,,,
26,s:r20-01d:e,cloze,Completá con el trapassato prossimo en todos los casos menos uno. ¿Cuál es la excepción?,Non mi ha dato il numero che ___. (chiedere – io),avevo chiesto,,,,,
26,s:r20-01d:g,cloze,Completá con el trapassato prossimo en todos los casos menos uno. ¿Cuál es la excepción?,Mi ha spiegato che quando ___ aveva visto Enzo che saliva le scale. (uscire – lui),era uscito,,,,,
26,s:r20-01e:b,cloze,Completá con el passato remoto del verbo.,"Dopo l'omicidio del figlio, la famiglia ___ una lettera anonima. (ricevere)",ricevette,ricevé,,,,
26,s:r20-01f:b,cloze,Completá con la forma correcta del verbo. El trapassato remoto se usa una sola vez.,"Quando ___ di parlare, è scoppiato a ridere. (finire)",ha finito,aveva finito,,,,
26,s:r20-01f:d,cloze,Completá con la forma correcta del verbo. El trapassato remoto se usa una sola vez.,"Quando ___ squillare il campanello, Luciano si è nascosto subito. (sentire)",ha sentito,,,,,
26,s:r20-01g:b,cloze,¿Qué te dijeron que iba a pasar? Escribí las palabras exactas (estilo directo).,Mi ha fatto sapere che il giorno dopo se aveva tempo sarebbe passato da Mara. → ‘___’,"Domani, se ho tempo, passerò da Mara.","Domani se ho tempo passerò da Mara. | Domani, se avrò tempo, passerò da Mara. | Domani se avrò tempo passerò da Mara. | Domani, se ho tempo, passo da Mara. | Domani se ho tempo passo da Mara.",,,,
26,s:r20-01g:c,cloze,¿Qué te dijeron que iba a pasar? Escribí las palabras exactas (estilo directo).,"Mi avevano detto che se Marco non era ancora malato, dovevano vederlo sabato. → ‘___’","Se Marco non è ancora malato, dobbiamo vederlo sabato.","Se Marco non è ancora malato dobbiamo vederlo sabato. | Se Marco non è ancora malato, lo dobbiamo vedere sabato. | Se Marco non è ancora malato lo dobbiamo vedere sabato. | Se Marco non è ancora malato, dovremo vederlo sabato. | Se Marco non è ancora malato dovremo vederlo sabato. | Se Marco non è ancora malato, dovremmo vederlo sabato. | Se Marco non è ancora malato dovremmo vederlo sabato.",,,,
26,s:r20-02b:c,cloze,Entraron a robar al lado. Respondé en italiano con el imperfetto.,"Non ha visto nessuno fuori? – Era buio, ma sì, ___ qualcuno. ___ una giacca a vento e un berretto di lana. L'ho visto mentre ___ su un furgoncino bianco. (había; llevaba puesta; subía)",c'era | Portava | saliva,c'era | Indossava | saliva | c'era | Portava | stava salendo | c'era | Indossava | stava salendo | c'era | Aveva | saliva,,,,
26,s:r20-02c:b,cloze,"Completá con la forma correcta del verbo (imperfetto o passato prossimo de los modales, sapere).","___ partire subito, mia figlia si è sentita male. (Tuve que)",Ho dovuto,Sono dovuto | Sono dovuta,,,,
26,s:r20-03:a,cloze,Completá con el auxiliar y el participio pasado de los verbos reflexivos.,Mi ___ alle sette. (alzarsi),sono alzato,sono alzata,,,,
26,s:r20-03:b,cloze,Completá con el auxiliar y el participio pasado de los verbos reflexivos.,Mi ___ male in autobus. (sentirsi),sono sentito,sono sentita,,,,
26,s:r20-03:c,cloze,Completá con el auxiliar y el participio pasado de los verbos reflexivos.,Mi ___ accanto a Rita. (sedersi),sono seduto,sono seduta,,,,
26,s:r20-03:d,cloze,Completá con el auxiliar y el participio pasado de los verbos reflexivos.,Mi ___ il cappotto. (mettersi),sono messo,sono messa,,,,
26,s:r20-03:e,cloze,Completá con el auxiliar y el participio pasado de los verbos reflexivos.,Mi ___ le scarpe in casa. (togliersi),sono tolto,sono tolta | sono tolte,,,,
26,s:r20-03b:a,translate,Traducí al italiano evitando el trapassato donde sea posible (participio o infinitivo compuesto).,Apenas salí de casa me sentí mal. (sentirsi male),Appena uscito di casa mi sono sentito male.,"Appena uscita di casa mi sono sentita male. | Appena uscito di casa, mi sono sentito male. | Appena uscita di casa, mi sono sentita male. | Appena sono uscito di casa mi sono sentito male. | Appena sono uscita di casa mi sono sentita male. | Uscito di casa, mi sono sentito male. | Uscito di casa mi sono sentito male.",,,,
26,s:r20-03b:b,translate,Traducí al italiano evitando el trapassato donde sea posible (participio o infinitivo compuesto).,Después de terminar los exámenes me conseguí un trabajo.,Dopo aver finito gli esami mi sono trovato un lavoro.,"Dopo aver finito gli esami mi sono trovata un lavoro. | Dopo aver finito gli esami, mi sono trovato un lavoro. | Dopo aver finito gli esami, mi sono trovata un lavoro. | Finiti gli esami, mi sono trovato un lavoro. | Finiti gli esami mi sono trovato un lavoro. | Finiti gli esami, mi sono trovata un lavoro. | Finiti gli esami mi sono trovata un lavoro. | Dopo avere finito gli esami mi sono trovato un lavoro. | Dopo aver finito gli esami ho trovato un lavoro. | Dopo aver finito gli esami, ho trovato un lavoro. | Finiti gli esami, ho trovato un lavoro. | Finiti gli esami ho trovato un lavoro.",,,,
26,s:r20-03b:c,translate,Traducí al italiano evitando el trapassato donde sea posible (participio o infinitivo compuesto).,Ya me había ido cuando llegaron.,Ero già partito quando sono arrivati.,Ero già partita quando sono arrivati. | Ero già uscito quando sono arrivati. | Ero già uscita quando sono arrivati. | Quando sono arrivati ero già partito. | Quando sono arrivati ero già partita. | Ero già andato via quando sono arrivati. | Me n'ero già andato quando sono arrivati. | Me n'ero già andata quando sono arrivati.,,,,
26,s:r20-04:d,cloze,"Completá con el passato prossimo, según la traducción.","Giulia, ___ la macchina. Te la riporto stasera. (Giulia, me llevé el auto. Te lo devuelvo esta noche.)",ho preso,,,,,
26,s:r20-05:d,translate,Traducí al italiano con el tiempo correcto (imperfetto + da o trapassato).,Desde 1980 había tenido tres maridos.,Dal 1980 aveva avuto tre mariti.,Dal 1980 aveva già avuto tre mariti. | Dal 1980 avevo avuto tre mariti. | Dal 1980 avevo già avuto tre mariti.,,,,
26,s:r20-06:d,cloze,"Completá la terminación del participio, haciendo la concordancia cuando haga falta.","Angelo, ti sei mess___ la giacca? – No, non me la sono mess___, fa troppo caldo.",o | a,a | a,,,,
26,s:r20-07:a,cloze,¿Podés contar lo que dijeron? Pasá a estilo indirecto (verbo introductorio en pasado).,‘Rimango qui fino a domani per vedervi tutti.’ → La nonna ha detto che ___.,rimaneva lì fino al giorno dopo per vederci tutti,sarebbe rimasta lì fino al giorno dopo per vederci tutti | rimaneva lì fino all'indomani per vederci tutti | sarebbe rimasta lì fino all'indomani per vederci tutti | rimaneva qui fino a domani per vederci tutti | sarebbe rimasta qui fino a domani per vederci tutti,,,,
26,s:r20-07:b,cloze,¿Podés contar lo que dijeron? Pasá a estilo indirecto (verbo introductorio en pasado).,"‘Se ce la faccio a finire il lavoro, passerò da te domani sera.’ → Giulio mi ha assicurato che ___.","se ce la faceva a finire il lavoro, sarebbe passato da me la sera dopo","se ce la faceva a finire il lavoro sarebbe passato da me la sera dopo | se ce l'avesse fatta a finire il lavoro, sarebbe passato da me la sera dopo | se ce l'avesse fatta a finire il lavoro sarebbe passato da me la sera dopo | se ce la faceva a finire il lavoro, sarebbe passato da me la sera seguente | se ce la faceva a finire il lavoro sarebbe passato da me la sera seguente | se ce la faceva a finire il lavoro, sarebbe passato da me domani sera | se ce la faceva a finire il lavoro sarebbe passato da me domani sera",,,,
26,s:r20-07:c,cloze,¿Podés contar lo que dijeron? Pasá a estilo indirecto (verbo introductorio en pasado).,‘Se tutto va bene ci vediamo qui alle sei.’ → Alfonso ha detto che ___.,se tutto andava bene ci vedevamo lì alle sei,"se tutto andava bene ci saremmo visti lì alle sei | se tutto andava bene, ci vedevamo lì alle sei | se tutto andava bene, ci saremmo visti lì alle sei | se tutto andava bene ci vedevamo qui alle sei | se tutto andava bene ci saremmo visti qui alle sei",,,,
26,s:r20-07:e,cloze,¿Podés contar lo que dijeron? Pasá a estilo indirecto (verbo introductorio en pasado).,"‘Mi dispiace non essere venuta ieri, ma la macchina era guasta e io avevo dimenticato di chiamare il meccanico.’ → Mia sorella mi ha detto che ___.","le dispiaceva non essere venuta il giorno prima, ma la macchina era guasta e lei aveva dimenticato di chiamare il meccanico","le dispiaceva non essere venuta il giorno prima ma la macchina era guasta e lei aveva dimenticato di chiamare il meccanico | le dispiaceva non essere venuta il giorno prima, ma la macchina era guasta e aveva dimenticato di chiamare il meccanico | le dispiaceva non essere venuta il giorno prima ma la macchina era guasta e aveva dimenticato di chiamare il meccanico | le dispiaceva di non essere venuta il giorno prima, ma la macchina era guasta e lei aveva dimenticato di chiamare il meccanico | le dispiaceva di non essere venuta il giorno prima ma la macchina era guasta e lei aveva dimenticato di chiamare il meccanico | le dispiaceva di non essere venuta il giorno prima, ma la macchina era guasta e aveva dimenticato di chiamare il meccanico | le dispiaceva di non essere venuta il giorno prima ma la macchina era guasta e aveva dimenticato di chiamare il meccanico",,,,
26,s:r20-08:c,cloze,"Pasá al passato prossimo, con el auxiliar y la concordancia correctos.",In quella casa mi succedono delle cose strane. → In quella casa mi ___ delle cose strane.,sono successe,,,,,
26,s:r20-09:b,choice,Solo dos de estas oraciones admiten el otro auxiliar. Elegí la otra versión correcta o indicá que no la hay.,Non ho voluto vederlo.,(ninguna: solo admite este auxiliar),,Non sono voluto vederlo. | (ninguna: solo admite este auxiliar),,,
26,s:r20-09:c,choice,Solo dos de estas oraciones admiten el otro auxiliar. Elegí la otra versión correcta o indicá que no la hay.,Hai dovuto cambiare treno?,(ninguna: solo admite este auxiliar),,Sei dovuto cambiare treno? | (ninguna: solo admite este auxiliar),,,
26,s:r20-10:b,cloze,Reescribí las oraciones sin cambiar el significado (mové el pronombre y cambiá el auxiliar).,Elena si è dovuta riposare. → Elena ___ riposarsi.,ha dovuto,,,,,
26,s:r20-10:c,cloze,Reescribí las oraciones sin cambiar el significado (mové el pronombre y cambiá el auxiliar).,Ho potuto sposarmi presto. → ___ sposare presto.,Mi sono potuto,Mi sono potuta,,,,
26,s:r20-10:d,cloze,Reescribí las oraciones sin cambiar el significado (mové el pronombre y cambiá el auxiliar).,Marta non ha voluto fidanzarsi. → Marta non ___ fidanzare.,si è voluta,,,,,
26,s:r21-01c:a,cloze,Informes de viaje: completá las dos versiones de cada oración en italiano.,Ci hanno appena avvisato che ___ (el avión debería salir en una hora) / che ___ (la autopista podría estar bloqueada por la nieve).,l'aereo dovrebbe partire fra un'ora | l'autostrada potrebbe essere bloccata dalla neve,l'aereo dovrebbe partire tra un'ora | l'autostrada potrebbe essere bloccata dalla neve,,,,
26,s:r21-03:d,translate,Pedí las cosas con cortesía: reescribí la orden o la afirmación usando el condicional.,"Signore, me lo prepari per stasera. → Signore, ___",me lo preparerebbe per stasera?,potrebbe prepararmelo per stasera? | me lo potrebbe preparare per stasera?,,,,
26,s:r21-03c:d,choice,¿Hecho posible o imposible? Decidí si lo que expresa el condicional compuesto pudo cumplirse. Una de las oraciones es ambigua.,"L'ENEL ci ha fatto sapere che ci avrebbe inviato la bolletta, ma che gli mancava l'indirizzo.",imposible,,posible | imposible | ambigua,,,
26,s:r21-04c:b,translate,Traducí al italiano usando el condicional periodístico (información no confirmada).,"Según las fuentes, el avión se habría caído diez minutos después del despegue.",L'aereo sarebbe caduto dieci minuti dopo il decollo.,"Secondo le fonti, l'aereo sarebbe caduto dieci minuti dopo il decollo. | Secondo le fonti l'aereo sarebbe caduto dieci minuti dopo il decollo.",,,,
27,d15-001,cloze,Formá el adverbio en -mente a partir del adjetivo.,"preciso, precisa → ___",precisamente,,,,,
27,d15-003,cloze,Formá el adverbio en -mente a partir del adjetivo.,"onesto, onesta → ___",onestamente,,,,,
27,d15-004,cloze,Formá el adverbio en -mente a partir del adjetivo.,"specifico, specifica → ___",specificamente,,,,,
27,d15-005,cloze,Formá el adverbio en -mente a partir del adjetivo.,"raro, rara → ___",raramente,,,,,
27,d15-007,cloze,Formá el adverbio en -mente a partir del adjetivo.,singolare → ___,singolarmente,,,,,
27,d15-008,cloze,Formá el adverbio en -mente a partir del adjetivo.,"estremo, estrema → ___",estremamente,,,,,
27,d15-009,cloze,Formá el adverbio en -mente a partir del adjetivo.,"chiaro, chiara → ___",chiaramente,,,,,
27,d15-010,cloze,Formá el adverbio en -mente a partir del adjetivo.,sensibile → ___,sensibilmente,,,,,
27,d15-011,translate,Traducí el adverbio al italiano.,dentro de un rato,fra poco,tra poco,,,,
27,d15-012,translate,Traducí el adverbio al italiano.,menos,meno,,,,,
27,d15-013,translate,Traducí el adverbio al italiano.,más,più,,,,,
27,d15-014,translate,Traducí el adverbio al italiano.,en cuanto (apenas llegue…),appena,non appena,,,,
27,d15-015,translate,Traducí el adverbio al italiano.,muy,molto,assai,,,,
27,d15-016,translate,Traducí el adverbio al italiano.,lamentablemente,purtroppo,sfortunatamente,,,,
27,d15-017,translate,Traducí el adverbio al italiano.,seguido (a menudo),spesso,,,,,
27,d15-018,translate,Traducí el adverbio al italiano.,solo (solamente),solo,soltanto | solamente,,,,
27,d15-019,translate,Traducí el adverbio al italiano.,ya (a esta altura),ormai,oramai,,,,
27,d15-020,translate,Traducí el adverbio al italiano.,ya (ej.: ya comí),già,,,,,
27,rf-16-01,cloze,Formá el adverbio en -mente.,Il nonno parla ___ (lento).,lentamente,,,,,
27,rf-16-02,cloze,Formá el adverbio en -mente.,La commessa risponde sempre ___ (gentile).,gentilmente,,,,,
27,rf-16-03,cloze,Formá el adverbio en -mente.,Questo problema si risolve ___ (facile).,facilmente,,,,,
27,rf-16-04,cloze,Formá el adverbio en -mente.,Sono ___ (particolare) contenta di vederti.,particolarmente,,,,,
27,rf-16-05,cloze,Formá el adverbio en -mente.,Mia sorella va in palestra ___ (regolare).,regolarmente,,,,,
27,rf-16-06,choice,Elegí la forma correcta.,Mina canta molto ___.,bene,,bene | buono | buona,,,
27,rf-16-07,choice,Elegí la forma correcta.,Dopo la vacanza mi sento ___ di prima.,meglio,,meglio | migliore | più bene,,,
27,rf-16-08,choice,Elegí la forma correcta.,Oggi sto ___ di ieri: ho la febbre.,peggio,,peggio | peggiore | più male,,,
27,rf-16-09,choice,Elegí el orden natural (ya comí).,___,Ho già mangiato,,Ho già mangiato | Ho mangiato già | Già ho mangiato,,,
27,rf-16-10,choice,Elegí la forma correcta.,Non sono ___ stato a Venezia.,mai,,mai | nunca | ancora mai,,,
27,rf-16-11,choice,Elegí la forma correcta.,Parla ___ l'italiano: sembra nata a Bologna.,benissimo,,benissimo | buonissimo | molto buono,,,
27,rf-16-12,choice,¿Qué significa «appena» en «Sono appena arrivato»?,Sono appena arrivato.,recién (acabo de),,recién (acabo de) | apenas (con dificultad) | pronto,,,
27,rf-16-13,choice,¿Cómo se dice «de a poco»?,Sto imparando ___.,a poco a poco,,a poco a poco | da poco a poco | di poco,,,
27,rf-16-14,choice,Elegí la forma correcta (mañana a la mañana).,Ci vediamo ___ alle nove.,domattina,,domattina | domani mattino | mattina domani,,,
27,rf-16-15,cloze,"Completá con un adverbio (despacito, en voz baja).","Parla ___, il bambino dorme.",piano,sottovoce | a bassa voce,,,,
27,rf-16-16,choice,Elegí la forma correcta.,Mia nonna abita qui ___.,vicino,,vicino | vicina | vicinamente,,,
27,rf-16-17,choice,Elegí la forma correcta.,"Parla più ___, non ti sento!",forte,,forte | fortemente | forti,,,
27,rf-16-18,choice,Elegí la forma correcta.,Il vento soffia ___.,violentemente,,violentemente | violentamente | violentomente,,,
27,rf-16-19,cloze,Formá el adverbio en -mente.,Il vestito è ___ (leggero) corto.,leggermente,,,,,
27,rf-16-21,translate,Traducí al italiano.,Hablás italiano perfectamente.,Parli italiano perfettamente,Parli perfettamente italiano | Parli perfettamente l'italiano | Parli l'italiano perfettamente,,,,
27,rf-16-22,translate,Traducí al italiano.,Ya terminé.,Ho già finito,Ho già terminato,,,,
27,rf-16-23,translate,Traducí al italiano.,Siempre llega tarde.,Arriva sempre tardi,Arriva sempre in ritardo | È sempre in ritardo,,,,
27,rf-16-24,translate,Traducí al italiano.,"Manejá despacio, por favor.","Guida piano, per favore","Guida piano per favore | Guida lentamente, per favore | Guida lentamente per favore | Per favore, guida piano | Per favore guida piano | Per favore, guida lentamente | Per favore guida lentamente",,,,
27,rf-16-25,choice,Elegí la forma correcta (sobre todo).,Studio ___ di notte.,soprattutto,,soprattutto | sopratutto | sopra tuto,,,
28,c1-conn-01,choice,"Elegí el conector adecuado (concesivo, registro alto).","___ le difficoltà, il progetto va avanti.",Nonostante,,Nonostante | Siccome | Affinché,,,
28,c1-conn-02,choice,"Elegí el conector adecuado (causal, al inicio).","___ piove, restiamo a casa.",Siccome,,Siccome | Perché | Quindi,,,
28,c1-conn-03,choice,Elegí el conector final.,Te lo spiego ___ tu capisca.,affinché,,affinché | perché non | sebbene,,,
28,c1-conn-04,choice,Elegí la correcta.,"Non mi aiuta; ___, mi critica.",anzi,,anzi | invece di | piuttosto che,,,
28,c1-conn-05,choice,Elegí el conector adecuado.,È stanco; ___ finisce il lavoro.,tuttavia,,tuttavia | dunque | ossia,,,
28,d14-001,cloze,Completá con la conjunción italiana que corresponde a la pista en castellano.,"Noi andiamo alla spiaggia, ___ (pero) loro vanno in montagna.",ma,però,,,,
28,d14-002,cloze,Completá con la conjunción italiana que corresponde a la pista en castellano.,I bambini sono giovani ___ (y) simpatici.,e,,,,,
28,d14-003,cloze,Completá con la conjunción italiana que corresponde a la pista en castellano.,"È un lavoro molto difficile, ___ (sin embargo) proverò a farlo.",però,tuttavia,,,,
28,d14-004,cloze,Completá con la conjunción italiana que corresponde a la pista en castellano.,Non è ___ (ni) carne ___ (ni) pesce.,né | né,,,,,
28,d14-005,cloze,Completá con la conjunción italiana que corresponde a la pista en castellano.,Io vorrei studiare ___ (no solo) giapponese ___ (sino también) cinese.,non solo | ma anche,non soltanto | ma anche,,,,
28,d14-006,cloze,Completá con la conjunción italiana que corresponde a la pista en castellano.,"La scuola è buona, ___ (es más) è perfetta.",anzi,,,,,
28,d14-007,cloze,Completá con la conjunción italiana que corresponde a la pista en castellano.,"Vado in ufficio, ___ (así que) non posso prendere un caffè.",perciò,quindi | dunque | così,,,,
28,d14-008,cloze,Completá con la conjunción italiana que corresponde a la pista en castellano.,"Non è mica stupido, ___ (al contrario) è molto furbo.",anzi,al contrario,,,,
28,d14-009,cloze,Completá con la conjunción italiana que corresponde a la pista en castellano.,"Il mio computer è vecchio, ___ (pero) il suo è nuovo.",ma,però,,,,
28,d14-010,cloze,Completá con la conjunción italiana que corresponde a la pista en castellano.,"Il professore è di Firenze, ___ (o sea) è fiorentino.",cioè,ossia,,,,
28,d14-011,cloze,"Completá con la conjunción subordinante italiana que corresponde a la pista en castellano. Si hay dos espacios, escribí las dos palabras en orden.",La nonna non è ___ vecchia ___ credevo. (tan… como),così | come,tanto | quanto,,,,
28,d14-012,cloze,"Completá con la conjunción subordinante italiana que corresponde a la pista en castellano. Si hay dos espacios, escribí las dos palabras en orden.","___ so io, le ragazze sono a scuola. (por lo que sé)",per quanto,da quanto | da quel che | da quello che | a quanto,,,,
28,d14-013,cloze,"Completá con la conjunción subordinante italiana que corresponde a la pista en castellano. Si hay dos espacios, escribí las dos palabras en orden.","___ nevica, le scuole non possono aprire. (si)",se,,,,,
28,d14-014,cloze,"Completá con la conjunción subordinante italiana que corresponde a la pista en castellano. Si hay dos espacios, escribí las dos palabras en orden.",Il signore era ricco ___ che i soldi non gli interessavano. (a tal punto),a tal punto,al punto,,,,
28,d14-015,cloze,"Completá con la conjunción subordinante italiana que corresponde a la pista en castellano. Si hay dos espacios, escribí las dos palabras en orden.",Io dormirò ___ i ragazzi saranno tornati. (cuando),quando,,,,,
28,d14-016,cloze,"Completá con la conjunción subordinante italiana que corresponde a la pista en castellano. Si hay dos espacios, escribí las dos palabras en orden.",Gli animali mangiano ___ hanno fame. (porque / cuando),perché,quando,,,,
28,d14-017,cloze,"Completá con la conjunción subordinante italiana que corresponde a la pista en castellano. Si hay dos espacios, escribí las dos palabras en orden.","___ non posso guidare, devo chiedere aiuto agli amici. (como = ya que)",siccome,poiché | dato che | visto che,,,,
28,d14-018,cloze,"Completá con la conjunción subordinante italiana que corresponde a la pista en castellano. Si hay dos espacios, escribí las dos palabras en orden.",Tu incontri gli amici ___ io studio? (mientras),mentre,,,,,
28,d14-019,cloze,"Completá con la conjunción subordinante italiana que corresponde a la pista en castellano. Si hay dos espacios, escribí las dos palabras en orden.",Non l'ho fatto ___ mi hai fatto vedere. (como),come,,,,,
28,d14-020,cloze,"Completá con la conjunción subordinante italiana que corresponde a la pista en castellano. Si hay dos espacios, escribí las dos palabras en orden.",La professoressa era ___ intelligente ___ gli studenti la temevano. (tan… que),così | che,tanto | che | talmente | che,,,,
28,s:r16-01:0,cloze,"Completá el texto con los conectores dados, usando cada uno una vez: e anche, e, inoltre, in più, oltre a.","Durante le vacanze sono andato in giro con mio fratello. Abbiamo visitato tutta la Campania, ___ la Sicilia (1: y también). ___ siamo stati nelle isole Eolie al largo della Sicilia (2: además). In Campania abbiamo visto Napoli, Salerno, Amalfi ___ Ravello (3: y). In Sicilia siamo stati un po' dappertutto. ___ visitare le città principali di Messina, Palermo, Catania, Siracusa e Trapani, siamo stati nel centro, a Enna e ___ abbiamo visitato Erice e il tempio di Segesta (4: además de; 5: además).",e anche | Inoltre | e | Oltre a | in più,e anche | In più | e | Oltre a | inoltre,,,,
28,s:r16-01b:a,translate,Completá en italiano lo que está en castellano.,Cosa prendete? – ___ (Tenemos cerveza o vino.),Abbiamo birra o vino.,Abbiamo birra oppure vino. | Abbiamo della birra o del vino.,,,,
28,s:r16-01b:b,translate,Completá en italiano lo que está en castellano.,"Facciamo quello che vuoi tu, ___ (podemos o quedarnos acá o ir al cine).",possiamo o restare qui o andare al cinema,possiamo restare qui oppure andare al cinema | possiamo o restare qui oppure andare al cinema | possiamo restare qui o andare al cinema | possiamo o rimanere qui o andare al cinema | possiamo rimanere qui oppure andare al cinema,,,,
28,s:r16-01b:c,translate,Completá en italiano lo que está en castellano.,"Dobbiamo rispondere subito, ___ (si no, vamos a perder el contrato).",altrimenti perderemo il contratto,altrimenti perdiamo il contratto | se no perderemo il contratto | se no perdiamo il contratto | sennò perdiamo il contratto | sennò perderemo il contratto,,,,
28,s:r16-01b:d,translate,Completá en italiano lo que está en castellano.,È meglio parlargli direttamente ___ (en vez de mandar un correo).,invece di mandare un'email,invece di mandargli un'email | anziché mandare un'email | anziché mandargli un'email | invece di mandare una mail | invece di mandargli una mail | anziché mandare una mail,,,,
28,s:r16-01c:a,cloze,Contrastar y comparar: completá con el conector italiano adecuado.,Io studio legge ___ mia sorella studia architettura. (pero),ma,,,,,
28,s:r16-01c:b,cloze,Contrastar y comparar: completá con el conector italiano adecuado.,Io studio legge ___ mia sorella studia architettura. (mientras que),mentre,invece,,,,
28,s:r16-01c:c,cloze,Contrastar y comparar: completá con el conector italiano adecuado.,"Io studio medicina, ___ non mi piace molto! (sin embargo)",però,ma | tuttavia,,,,
28,s:r16-01c:d,cloze,Contrastar y comparar: completá con el conector italiano adecuado.,"Io sono nato a Torino, Leonardo ___ è nato a Palermo. (en cambio)",invece,però,,,,
28,s:r16-01c:e,cloze,Contrastar y comparar: completá con el conector italiano adecuado.,"Sta male, ___ ha intenzione di dare l'esame. (y sin embargo)",eppure,tuttavia | ciononostante | però | nonostante ciò,,,,
28,s:r16-01c:f,cloze,Contrastar y comparar: completá con el conector italiano adecuado.,"Non mi piace viaggiare in aereo, ___ è molto comodo. (por otro lado)",d'altra parte,d'altro canto | però | tuttavia,,,,
28,s:r16-01d:a,cloze,Completá con un equivalente italiano adecuado. Puede haber más de una opción.,"___ sei qui, mi puoi aiutare. (Ya que)",Visto che,Dato che | Siccome | Poiché | Giacché | Dal momento che,,,,
28,s:r16-01d:b,cloze,Completá con un equivalente italiano adecuado. Puede haber más de una opción.,"___ la banca è chiusa, sono rimasto senza soldi. (Como)",Siccome,Dato che | Visto che | Poiché | Giacché | Dal momento che,,,,
28,s:r16-01e:a,cloze,Completá con el conector adecuado. Puede haber más de una opción.,Io mangio di tutto ___ il baccalà. (excepto; baccalà = bacalao),tranne,eccetto | salvo | fuorché | a parte,,,,
28,s:r16-01e:b,cloze,Completá con el conector adecuado. Puede haber más de una opción.,"Non ha obiettato nessuno, ___ tuo fratello. (excepto)",tranne,eccetto | salvo | fuorché | a parte,,,,
28,s:r16-01e:c,cloze,Completá con el conector adecuado. Puede haber más de una opción.,"___ mia madre, nessuno parla inglese. (Aparte de)",A parte,Tranne | Eccetto | Salvo | Fuorché,,,,
28,s:r16-01e:d,cloze,Completá con el conector adecuado. Puede haber más de una opción.,"Chiedimi tutto, ___ invitare quella gente! (salvo)",tranne,fuorché | eccetto | salvo | tranne che | eccetto che | salvo che | a parte,,,,
28,s:r16-01f:a,choice,Elegí la expresión que NO encaja en la oración (la intrusa).,Da studente ho vissuto a Firenze. ___ avevo pochissimi soldi.,In questi giorni,,A quell'epoca | A quel tempo | In questi giorni,,,
28,s:r16-01f:b,choice,Elegí la expresión que NO encaja en la oración (la intrusa).,Spero di vederti ___.,nei giorni scorsi,,nei giorni scorsi | nei prossimi giorni | in questi giorni,,,
28,s:r16-01f:c,choice,Elegí la expresión que NO encaja en la oración (la intrusa).,___ ho avuto tanto da fare.,Nei prossimi giorni,,Negli ultimi tempi | Nei prossimi giorni | In questi giorni,,,
28,s:r16-01f:d,choice,Elegí la expresión que NO encaja en la oración (la intrusa).,___ non faccio niente di bello.,In quel momento,,In questi giorni | In quel momento,,,
28,s:r16-01g:a,cloze,Completá con un conector adecuado.,"___, dove eravamo rimasti? (Bueno)",Allora,Dunque | Bene | Ebbene,,,,
28,s:r16-01g:b,cloze,Completá con un conector adecuado.,"Siamo tornati sul Web. Scusate il ritardo! ___, ecco alcune spiegazioni: si sono rotti due dischi sulla catena del server e anche il disco USB che ospita il backup. (Antes que nada)",Innanzitutto,Innanzi tutto | Prima di tutto | Anzitutto | Per prima cosa,,,,
28,s:r16-01g:d,cloze,Completá con un conector adecuado.,Le elezioni libanesi hanno dimostrato che ___ la politica interna non è stata proprio ‘interna’. (en el fondo),in fondo,fondamentalmente | sostanzialmente | in sostanza | in pratica,,,,
28,s:r16-02:a,cloze,Completá con el conector que corresponde según la traducción.,___ Emilio ___ Elisabetta sono stati promossi. (Tanto Emilio como Elisabetta aprobaron.),Sia | che,Sia | sia,,,,
28,s:r16-02:b,cloze,Completá con el conector que corresponde según la traducción.,"Emilio è stato promosso, ___ Elisabetta. (Emilio aprobó, y Elisabetta también.)",come pure,come anche | e anche,,,,
28,s:r16-02:c,cloze,Completá con el conector que corresponde según la traducción.,___ Giorgio ___ Giovanna sono stati promossi. (Ni Giorgio ni Giovanna aprobaron.),Né | né,,,,,
28,s:r16-02:d,cloze,Completá con el conector que corresponde según la traducción.,Dopo la festa Giorgio è tornato ubriaco. ___: è stato fermato dalla polizia. (Y no solo eso: lo paró la policía.),Non solo,E non solo,,,,
28,s:r16-02b:a,cloze,Completá con un conector italiano adecuado.,Io voglio andarci ___ è lontano. (aunque),anche se,,,,,
28,s:r16-02b:b,cloze,Completá con un conector italiano adecuado.,Mi sono divertito ___ la pioggia. (a pesar de),nonostante,malgrado,,,,
28,s:r16-02b:c,cloze,Completá con un conector italiano adecuado.,So che c'è sciopero ma io parto ___. (igual),lo stesso,comunque | ugualmente,,,,
28,s:r16-02b:d,cloze,Completá con un conector italiano adecuado.,"La partita è cominciata male per loro, ma ___ sono riusciti a vincere. (de todos modos)",comunque,lo stesso | ugualmente | alla fine,,,,
28,s:r16-04:a,cloze,Completá con conectores italianos adecuados.,"___ so, è sposato da due anni. (Por lo que)",Per quanto,Per quello che | Per quel che | Da quanto | Da quello che | Da quel che,,,,
28,s:r16-04:b,cloze,Completá con conectores italianos adecuados.,Quest'anno andiamo in ferie ___ vadano gli affari. (como sea que),comunque,in qualunque modo | in qualsiasi modo,,,,
28,s:r16-05:a,cloze,Completá con el conector de condición según la traducción.,Mi va bene qualsiasi orario ___ io lo sappia prima. (siempre que),purché,a patto che | a condizione che | sempre che,,,,
28,s:r16-05:b,cloze,Completá con el conector de condición según la traducción.,Ci troviamo in biblioteca ___ non sia chiusa. (a menos que),a meno che,salvo che,,,,
28,s:r16-05:c,cloze,Completá con el conector de condición según la traducción.,Ti accompagno ___ essere tornato prima delle dieci. (con la condición de),a condizione di,a patto di,,,,
28,s:r16-05:d,cloze,Completá con el conector de condición según la traducción.,Lo perdono solo ___ chieda scusa a mia sorella. (con tal de que),a patto che,a condizione che | purché,,,,
29,c1-cong-11,choice,Elegí la forma correcta.,"Chiunque ___ quella porta, dovrà pagare i danni.",abbia aperto,,abbia aperto | ha aperto | apriva,,,
29,c1-cong-14,choice,¿Cuál exige congiuntivo?,___ sia già partito.,Credo che,,Credo che | Forse | So che,,,
29,d22-001,cloze,Completá con el congiuntivo passato. El auxiliar está indicado (auxiliar/verbo).,Dubito che loro ___ (avere/capire).,abbiano capito,,,,,
29,d22-002,cloze,Completá con el congiuntivo passato. El auxiliar está indicado (auxiliar/verbo).,Penso che i bambini ___ (avere/mangiare).,abbiano mangiato,,,,,
29,d22-003,cloze,Completá con el congiuntivo passato. El auxiliar está indicado (auxiliar/verbo).,Può darsi che la signora ___ (essere/stare) a casa.,sia stata,,,,,
29,d22-004,cloze,Completá con el congiuntivo passato. El auxiliar está indicado (auxiliar/verbo).,"Chiunque ___ (essere/essere), era molto furbo.",sia stato,,,,,
29,d22-005,cloze,Completá con el congiuntivo passato. El auxiliar está indicado (auxiliar/verbo).,È probabile che voi ___ (essere/arrivare) presto.,siate arrivati,siate arrivate,,,,
29,d22-006,cloze,Completá con el congiuntivo passato. El auxiliar está indicado (auxiliar/verbo).,Siamo sorpresi che loro ___ (essere/venire).,siano venuti,siano venute,,,,
29,d22-007,cloze,Completá con el congiuntivo passato. El auxiliar está indicado (auxiliar/verbo).,Sembra che la festa ___ (avere/avere) molti invitati.,abbia avuto,,,,,
29,d22-008,cloze,Completá con el congiuntivo passato. El auxiliar está indicado (auxiliar/verbo).,Dubito che tu ___ (avere/trovare) i biglietti.,abbia trovato,,,,,
29,d22-009,cloze,Completá con el congiuntivo passato. El auxiliar está indicado (auxiliar/verbo).,Credo che Francesca ___ (avere/fare) quella foto.,abbia fatto,,,,,
29,d22-010,cloze,Completá con el congiuntivo passato. El auxiliar está indicado (auxiliar/verbo).,È probabile che lei ___ (essere/andare).,sia andata,,,,,
29,s:r24-01b:a,cloze,Completá en italiano con el pretérito perfecto del subjuntivo.,Sarà contento che tu ___. (…hayas venido),sia venuto,sia venuta,,,,
29,s:r24-01b:b,cloze,Completá en italiano con el pretérito perfecto del subjuntivo.,Ho l'impressione che ___. (…él no haya entendido),non abbia capito,,,,,
29,s:r24-01b:c,cloze,Completá en italiano con el pretérito perfecto del subjuntivo.,Non credo che ___. (…hayan llegado),siano arrivati,siano arrivate,,,,
29,s:r24-01b:d,cloze,Completá en italiano con el pretérito perfecto del subjuntivo.,Non è certo che ___. (…se hayan olvidado),abbiano dimenticato,si siano dimenticati | si siano dimenticate,,,,
29,s:r24-01c:a,cloze,Reescribí la oración con la conjunción indicada: completá con el verbo en subjuntivo.,"È stanco, ma non ha fatto niente oggi. → Sebbene non ___ niente oggi, è stanco.",abbia fatto,,,,,
29,s:r24-02b:a,translate,Traducí al italiano con el pretérito perfecto del subjuntivo.,Me imagino que fue difícil.,Immagino che sia stato difficile.,,,,,
29,s:r24-02b:b,translate,Traducí al italiano con el pretérito perfecto del subjuntivo.,Puede ser que ya se haya ido.,Può darsi che sia già partito.,Può darsi che se ne sia già andato. | Può darsi che sia partito già. | Forse è già partito. | Può essere che sia già partito. | Può darsi che sia già partita. | Può darsi che se ne sia già andata. | Può essere che sia già partita.,,,,
29,s:r24-02b:c,translate,Traducí al italiano con el pretérito perfecto del subjuntivo.,Es raro que no hayan llamado.,È strano che non abbiano chiamato.,È strano che non abbiano telefonato.,,,,
29,s:r24-02b:d,translate,Traducí al italiano con el pretérito perfecto del subjuntivo.,¿Creés que tuvo un accidente?,Credi che abbia avuto un incidente?,Pensi che abbia avuto un incidente?,,,,
29,s:r24-03c:b,translate,Traducí al italiano (superlativos y «el único que» llevan subjuntivo).,Es el lugar más lindo que vi en mi vida.,È il posto più bello che io abbia mai visto.,È il posto più bello che abbia mai visto. | È il luogo più bello che io abbia mai visto. | È il luogo più bello che abbia mai visto.,,,,
29,s:r24-04c:e,cloze,Elegí el verbo adecuado (indicativo o subjuntivo).,"Mi rendo conto di quanto ___ dato da fare in questi giorni. (darsi, lui)",si sia,si è,,,,
30,c1-cong-01,choice,Elegí la forma correcta.,"Benché ___ tardi, sono usciti lo stesso.",fosse,,fosse | era | sarebbe,,,
30,c1-cong-03,choice,Elegí la forma correcta.,So che Marco ___ ragione.,ha,,ha | abbia | avesse,,,
30,c1-cong-04,choice,Elegí la forma correcta.,"Non dico che ___ disonesto, dico solo che è distratto.",sia,,sia | è | fosse,,,
30,c1-cong-06,choice,Elegí la forma correcta.,È chiaro che non ___ intenzione di aiutarci.,ha,,ha | abbia | avesse,,,
30,c1-cong-10,choice,Elegí la forma correcta.,È il libro più bello che io ___ mai letto.,abbia,,abbia | ho | avessi,,,
30,d20-031,translate,Traducí al italiano usando el congiuntivo imperfetto (y «che» cuando haga falta).,si (vos) quisieras,se volessi,se tu volessi,,,,
30,d20-032,translate,Traducí al italiano usando el congiuntivo imperfetto (y «che» cuando haga falta).,Ella quería que él escribiera.,Lei voleva che lui scrivesse.,Lei voleva che scrivesse. | Voleva che lui scrivesse. | Voleva che scrivesse.,,,,
30,d20-033,translate,Traducí al italiano usando el congiuntivo imperfetto (y «che» cuando haga falta).,(Yo) tenía miedo de que él estuviera ahí.,Avevo paura che lui fosse lì.,Avevo paura che fosse lì. | Temevo che lui fosse lì. | Temevo che fosse lì. | Io avevo paura che lui fosse lì.,,,,
30,d20-034,translate,Traducí al italiano usando el congiuntivo imperfetto (y «che» cuando haga falta).,si (ellos) estuvieran comiendo,se mangiassero,se loro mangiassero | se stessero mangiando | se loro stessero mangiando,,,,
30,d20-035,translate,Traducí al italiano usando el congiuntivo imperfetto (y «che» cuando haga falta).,ojalá (yo) pudiera,magari potessi,magari io potessi,,,,
30,d20-036,translate,Traducí al italiano usando el congiuntivo imperfetto (y «che» cuando haga falta).,si ustedes tuvieran la plata,se voi aveste i soldi,se aveste i soldi | se voi aveste il denaro | se aveste il denaro,,,,
30,d20-037,translate,Traducí al italiano usando el congiuntivo imperfetto (y «che» cuando haga falta).,Él creía que estábamos durmiendo.,Credeva che dormissimo.,Lui credeva che dormissimo. | Credeva che stessimo dormendo. | Lui credeva che stessimo dormendo. | Pensava che dormissimo. | Lui pensava che dormissimo. | Pensava che stessimo dormendo. | Lui pensava che stessimo dormendo.,,,,
30,d20-038,translate,Traducí al italiano usando el congiuntivo imperfetto (y «che» cuando haga falta).,que (ellos) supieran,che sapessero,che loro sapessero,,,,
30,d20-039,translate,Traducí al italiano usando el congiuntivo imperfetto (y «che» cuando haga falta).,que (ellos) tuvieran,che avessero,che loro avessero,,,,
30,d20-040,translate,Traducí al italiano usando el congiuntivo imperfetto (y «che» cuando haga falta).,Yo creía que él era viejo.,Credevo che lui fosse vecchio.,Io credevo che lui fosse vecchio. | Credevo che fosse vecchio. | Pensavo che lui fosse vecchio. | Pensavo che fosse vecchio. | Io pensavo che lui fosse vecchio. | Io pensavo che fosse vecchio. | Io credevo che fosse vecchio.,,,,
30,d22-011,cloze,Completá con el congiuntivo trapassato. El auxiliar está indicado (auxiliar/verbo).,Lui pensava che noi ___ (essere/arrivare) presto.,fossimo arrivati,fossimo arrivate,,,,
30,d22-012,cloze,Completá con el congiuntivo trapassato. El auxiliar está indicado (auxiliar/verbo).,Avevo paura che Riccardo non ___ (avere/mandare) l’assegno.,avesse mandato,,,,,
30,d22-013,cloze,Completá con el congiuntivo trapassato. El auxiliar está indicado (auxiliar/verbo).,Dubitavano che lui ___ (essere/finire) bene.,fosse finito,,,,,
30,d22-014,cloze,Completá con el congiuntivo trapassato. El auxiliar está indicado (auxiliar/verbo).,Magari gli insegnanti ___ (avere/guadagnare) abbastanza.,avessero guadagnato,,,,,
30,d22-015,cloze,Completá con el congiuntivo trapassato. El auxiliar está indicado (auxiliar/verbo).,Sembrava che loro ___ (avere/studiare).,avessero studiato,,,,,
30,d22-016,cloze,Completá con el congiuntivo trapassato. El auxiliar está indicado (auxiliar/verbo).,Il ragazzo era triste che a lei non ___ (essere/piacere) il regalo.,fosse piaciuto,,,,,
30,d22-019,cloze,Completá con el congiuntivo trapassato. El auxiliar está indicado (auxiliar/verbo).,Sarebbe convenuto che noi ___ (essere/stare) a casa.,fossimo stati,fossimo state,,,,
30,d22-020,cloze,Completá con el congiuntivo trapassato. El auxiliar está indicado (auxiliar/verbo).,Lui insisteva che io gli ___ (avere/scrivere).,avessi scritto,,,,,
30,s:r24-02c:a,translate,Completá en italiano la parte indicada entre paréntesis.,___ le pesava molto. (El hecho de que su hijo no estudiara…),Il fatto che suo figlio non studiasse,Il fatto che il figlio non studiasse,,,,
30,s:r24-03b:a,cloze,Completá con el imperfecto del subjuntivo del verbo indicado.,Voleva che ___ il giorno dopo. (io – tornare),tornassi,,,,,
30,s:r24-03b:b,cloze,Completá con el imperfecto del subjuntivo del verbo indicado.,Sperava che ___ aiutare. (tu – potere),potessi,,,,,
30,s:r24-03b:c,cloze,Completá con el imperfecto del subjuntivo del verbo indicado.,Era contento che ___ tanto. (noi – studiare),studiassimo,,,,,
30,s:r24-03b:d,cloze,Completá con el imperfecto del subjuntivo del verbo indicado.,Mi piacerebbe che ___ anche loro. (venire),venissero,,,,,
30,s:r24-03b:e,cloze,Completá con el imperfecto del subjuntivo del verbo indicado.,Avevo sempre pensato che voi ___ gemelli. (essere),foste,,,,,
30,s:r24-03c:c,translate,Traducí al italiano (superlativos y «el único que» llevan subjuntivo).,Era el único profesor que me había ayudado alguna vez.,Era l'unico insegnante che mi avesse mai aiutato.,Era l'unico insegnante che mi avesse mai aiutata. | Era l'unico professore che mi avesse mai aiutato. | Era l'unico professore che mi avesse mai aiutata.,,,,
30,s:r24-04b:a,cloze,Completá con el imperfecto del subjuntivo (formas irregulares).,Credevo che Matilda ___ in Australia! (essere),fosse,,,,,
30,s:r24-04b:b,cloze,Completá con el imperfecto del subjuntivo (formas irregulares).,Ho pensato che voi ___ da fare. (avere),aveste,,,,,
30,s:r24-04b:c,cloze,Completá con el imperfecto del subjuntivo (formas irregulares).,Era contento che noi ___ insieme. (stare),stessimo,,,,,
30,s:r24-04b:d,cloze,Completá con el imperfecto del subjuntivo (formas irregulares).,Aveva insistito che Marco ci ___ una mano. (dare),desse,,,,,
30,s:r24-04b:e,cloze,Completá con el imperfecto del subjuntivo (formas irregulares).,Mi dispiaceva che Giulio e Antonio ___ tanto. (bere),bevessero,,,,,
30,s:r24-04b:f,cloze,Completá con el imperfecto del subjuntivo (formas irregulares).,Sarebbe meglio che lo ___ lui. (tradurre),traducesse,,,,,
30,s:r24-05b:a,cloze,Completá en italiano con el pluscuamperfecto del subjuntivo.,Pensavo che ___. (…habían vuelto),fossero tornati,fossero tornate,,,,
30,s:r24-05b:b,cloze,Completá en italiano con el pluscuamperfecto del subjuntivo.,Era contento che ___. (…hubiéramos estudiado),avessimo studiato,,,,,
30,s:r24-05b:c,cloze,Completá en italiano con el pluscuamperfecto del subjuntivo.,Non sapevo se ___. (…vos habías entendido),avessi capito,tu avessi capito | avevi capito,,,,
30,s:r24-05b:d,cloze,Completá en italiano con el pluscuamperfecto del subjuntivo.,Era strano che ___. (…él hubiera salido temprano),fosse uscito presto,,,,,
30,s:r24-06b:a,cloze,Completá con el subjuntivo adecuado; en todos los casos menos uno va el pluscuamperfecto.,Mi è sembrato strano che loro ___ ieri. (non venire),non fossero venuti,non fossero venute,,,,
30,s:r24-06b:c,cloze,Completá con el subjuntivo adecuado; en todos los casos menos uno va el pluscuamperfecto.,Mi era dispiaciuto che il colloquio ___ male. (andare),fosse andato,,,,,
30,s:r24-07b:a,cloze,¿Qué pasaría si…? ¿Qué habría pasado si…? Completá la condición en italiano.,"___, potremmo partire insieme. (Si vinieran a mi casa… – voi)",Se veniste da me,Se veniste a casa mia,,,,
30,s:r24-07b:c,cloze,¿Qué pasaría si…? ¿Qué habría pasado si…? Completá la condición en italiano.,"___, sarebbe un disastro. (Si perdiera el trabajo…)",Se perdessi il lavoro,Se perdessi il posto | Se perdesse il lavoro | Se perdesse il posto,,,,
30,s:r24-07b:f,cloze,¿Qué pasaría si…? ¿Qué habría pasado si…? Completá la condición en italiano.,"___, ti aiuterei a traslocare. (Si no me hubiera roto la pierna…)",Se non mi fossi rotto la gamba,Se non mi fossi rotta la gamba,,,,
31,c1-conc-01,choice,Elegí la forma correcta.,Credevo che ___ già partito.,fosse,,fosse | sia | era,,,
31,c1-conc-02,choice,Elegí la forma correcta.,Credo che ieri ___ troppo.,abbia lavorato,,abbia lavorato | lavori | avesse lavorato,,,
31,c1-conc-03,choice,Elegí la forma correcta.,Volevo che tu mi ___ la verità.,dicessi,,dicessi | dica | avessi detto,,,
31,c1-conc-04,choice,Elegí la forma correcta.,Speravo che ___ tutto bene.,andasse,,andasse | vada | andrà,,,
31,c1-conc-05,cloze,Completá con el congiuntivo trapassato.,Non sapevo che voi ___ (arrivare) il giorno prima.,foste arrivati,foste arrivate,,,,
31,c1-conc-06,choice,Elegí la forma correcta.,Mi ha detto che ___ il giorno dopo.,sarebbe partito,,sarebbe partito | partirebbe | sarebbe stato partito,,,
31,c1-conc-07,translate,Traducí al italiano.,Me prometió que vendría.,Mi ha promesso che sarebbe venuto,Mi promise che sarebbe venuto | Mi ha promesso che sarebbe venuta | Mi promise che sarebbe venuta | Mi ha promesso di venire | Mi promise di venire,,,,
31,d18-056,cloze,Completá con el condicional compuesto (condizionale passato). El auxiliar ya está indicado.,Lorenzo ___ (avere + mangiare) tutti i biscotti.,avrebbe mangiato,,,,,
31,d18-057,cloze,Completá con el condicional compuesto (condizionale passato). El auxiliar ya está indicado.,Voi ___ (avere + vedere) i ragazzi a Firenze.,avreste visto,,,,,
31,d18-058,cloze,Completá con el condicional compuesto (condizionale passato). El auxiliar ya está indicado.,Io ___ (avere + leggere) il nuovo libro.,avrei letto,,,,,
31,d18-059,cloze,Completá con el condicional compuesto (condizionale passato). El auxiliar ya está indicado.,Lei ___ (essere + venire) alla festa.,sarebbe venuta,,,,,
31,d18-060,cloze,Completá con el condicional compuesto (condizionale passato). El auxiliar ya está indicado.,Tu ___ (essere + informarsi)?,ti saresti informato,ti saresti informata,,,,
31,d21-001,cloze,"Completá con el condicional compuesto (condizionale passato) del verbo entre paréntesis, con avere o essere según el verbo.",Tu ___ (leggere) il libro.,avresti letto,,,,,
31,d21-002,cloze,"Completá con el condicional compuesto (condizionale passato) del verbo entre paréntesis, con avere o essere según el verbo.",Marco e Laura ___ (scrivere).,avrebbero scritto,,,,,
31,d21-003,cloze,"Completá con el condicional compuesto (condizionale passato) del verbo entre paréntesis, con avere o essere según el verbo.",Noi ___ (imparare) l’italiano.,avremmo imparato,,,,,
31,d21-004,cloze,"Completá con el condicional compuesto (condizionale passato) del verbo entre paréntesis, con avere o essere según el verbo.",Voi ___ (usare) la macchina.,avreste usato,,,,,
31,d21-005,cloze,"Completá con el condicional compuesto (condizionale passato) del verbo entre paréntesis, con avere o essere según el verbo.",Loro ___ (comprare) la macchina.,avrebbero comprato,,,,,
31,d21-006,cloze,"Completá con el condicional compuesto (condizionale passato) del verbo entre paréntesis, con avere o essere según el verbo.",Io ___ (arrivare).,sarei arrivato,sarei arrivata,,,,
31,d21-007,cloze,"Completá con el condicional compuesto (condizionale passato) del verbo entre paréntesis, con avere o essere según el verbo.",Lui ___ (partire).,sarebbe partito,,,,,
31,d21-008,cloze,"Completá con el condicional compuesto (condizionale passato) del verbo entre paréntesis, con avere o essere según el verbo.",Tu e Chiara ___ (stare).,sareste stati,sareste state,,,,
31,d21-009,cloze,"Completá con el condicional compuesto (condizionale passato) del verbo entre paréntesis, con avere o essere según el verbo.",I signori ___ (venire).,sarebbero venuti,,,,,
31,d21-010,cloze,"Completá con el condicional compuesto (condizionale passato) del verbo entre paréntesis, con avere o essere según el verbo.",Noi ___ (andare).,saremmo andati,saremmo andate,,,,
31,d21-011,translate,Traducí al italiano. Ojo: puedo / podría = posso / potrei; tengo que / debería = devo / dovrei.,(Yo) puedo comer.,Posso mangiare,Io posso mangiare,,,,
31,d21-012,translate,Traducí al italiano. Ojo: puedo / podría = posso / potrei; tengo que / debería = devo / dovrei.,(Yo) podría comer.,Potrei mangiare,Io potrei mangiare,,,,
31,d21-013,translate,Traducí al italiano. Ojo: puedo / podría = posso / potrei; tengo que / debería = devo / dovrei.,(Él) tiene que dormir.,Deve dormire,Lui deve dormire,,,,
31,d21-014,translate,Traducí al italiano. Ojo: puedo / podría = posso / potrei; tengo que / debería = devo / dovrei.,(Él) debería dormir.,Dovrebbe dormire,Lui dovrebbe dormire,,,,
31,d21-015,translate,Traducí al italiano. Ojo: puedo / podría = posso / potrei; tengo que / debería = devo / dovrei.,Podemos ir.,Possiamo andare,Noi possiamo andare,,,,
31,d21-016,translate,Traducí al italiano. Ojo: puedo / podría = posso / potrei; tengo que / debería = devo / dovrei.,Podríamos ir.,Potremmo andare,Noi potremmo andare,,,,
31,d21-017,translate,Traducí al italiano. Ojo: puedo / podría = posso / potrei; tengo que / debería = devo / dovrei.,(Ellos) pueden cantar.,Possono cantare,Loro possono cantare,,,,
31,d21-018,translate,Traducí al italiano. Ojo: puedo / podría = posso / potrei; tengo que / debería = devo / dovrei.,(Ellos) podrían cantar.,Potrebbero cantare,Loro potrebbero cantare,,,,
31,d21-019,translate,Traducí al italiano. Ojo: puedo / podría = posso / potrei; tengo que / debería = devo / dovrei.,Ustedes tienen que bailar.,Dovete ballare,Voi dovete ballare,,,,
31,d21-020,translate,Traducí al italiano. Ojo: puedo / podría = posso / potrei; tengo que / debería = devo / dovrei.,Ustedes deberían bailar.,Dovreste ballare,Voi dovreste ballare,,,,
31,d21-021,translate,"Traducí al italiano con el condizionale passato (avrei…, sarei…, avrei dovuto…, avrei potuto…).",(Él) se habría quedado.,Sarebbe restato,Lui sarebbe restato | Sarebbe rimasto | Lui sarebbe rimasto,,,,
31,d21-022,translate,"Traducí al italiano con el condizionale passato (avrei…, sarei…, avrei dovuto…, avrei potuto…).",(Ella) se habría ido.,Sarebbe partita,Lei sarebbe partita | Se ne sarebbe andata | Lei se ne sarebbe andata | Sarebbe andata via | Lei sarebbe andata via,,,,
31,d21-023,translate,"Traducí al italiano con el condizionale passato (avrei…, sarei…, avrei dovuto…, avrei potuto…).",(Nosotros) habríamos leído.,Avremmo letto,Noi avremmo letto,,,,
31,d21-024,translate,"Traducí al italiano con el condizionale passato (avrei…, sarei…, avrei dovuto…, avrei potuto…).",(Ellos) habrían dado.,Avrebbero dato,Loro avrebbero dato,,,,
31,d21-025,translate,"Traducí al italiano con el condizionale passato (avrei…, sarei…, avrei dovuto…, avrei potuto…).",(Él) debería haberse quedado.,Sarebbe dovuto restare,Lui sarebbe dovuto restare | Avrebbe dovuto restare | Lui avrebbe dovuto restare | Sarebbe dovuto rimanere | Lui sarebbe dovuto rimanere | Avrebbe dovuto rimanere | Lui avrebbe dovuto rimanere,,,,
31,d21-026,translate,"Traducí al italiano con el condizionale passato (avrei…, sarei…, avrei dovuto…, avrei potuto…).",(Ella) debería haberse ido.,Sarebbe dovuta partire,Lei sarebbe dovuta partire | Avrebbe dovuto partire | Lei avrebbe dovuto partire | Avrebbe dovuto andarsene | Lei avrebbe dovuto andarsene | Se ne sarebbe dovuta andare | Lei se ne sarebbe dovuta andare | Sarebbe dovuta andare via | Lei sarebbe dovuta andare via,,,,
31,d21-027,translate,"Traducí al italiano con el condizionale passato (avrei…, sarei…, avrei dovuto…, avrei potuto…).",(Ellos) deberían haber dado.,Avrebbero dovuto dare,Loro avrebbero dovuto dare,,,,
31,d21-028,translate,"Traducí al italiano con el condizionale passato (avrei…, sarei…, avrei dovuto…, avrei potuto…).",(Él) podría haberse quedado.,Sarebbe potuto restare,Lui sarebbe potuto restare | Avrebbe potuto restare | Lui avrebbe potuto restare | Sarebbe potuto rimanere | Lui sarebbe potuto rimanere | Avrebbe potuto rimanere | Lui avrebbe potuto rimanere,,,,
31,d21-029,translate,"Traducí al italiano con el condizionale passato (avrei…, sarei…, avrei dovuto…, avrei potuto…).",(Ella) podría haberse ido.,Sarebbe potuta partire,Lei sarebbe potuta partire | Avrebbe potuto partire | Lei avrebbe potuto partire | Avrebbe potuto andarsene | Lei avrebbe potuto andarsene | Se ne sarebbe potuta andare | Lei se ne sarebbe potuta andare | Sarebbe potuta andare via | Lei sarebbe potuta andare via,,,,
31,d21-030,translate,"Traducí al italiano con el condizionale passato (avrei…, sarei…, avrei dovuto…, avrei potuto…).",(Ellos) podrían haber dado.,Avrebbero potuto dare,Loro avrebbero potuto dare,,,,
31,s:r09-02:b,translate,"Comentá estas situaciones: escribí en italiano la respuesta (ojo, 'eso es…' no se traduce con quello).",I nuovi clienti non hanno pagato. – ¡Qué situación incómoda! ¿Qué hacemos?,"Che imbarazzo, cosa facciamo?","Che imbarazzo, che cosa facciamo? | Che imbarazzo, che facciamo? | È imbarazzante, cosa facciamo? | È imbarazzante, che cosa facciamo? | È imbarazzante, che facciamo?",,,,
31,s:r11-01:b,choice,¿Cómo reaccionás? Elegí la exclamación más adecuada.,Perdiste el vuelo:,Che guaio!,Che disastro!,Che guaio! | Che sorpresa! | Che fortuna!,,,
31,s:r12-11:a,translate,Traducí al italiano con chiunque.,No es nada: cualquiera lo habría hecho.,Non è niente: l'avrebbe fatto chiunque.,"Non è niente, l'avrebbe fatto chiunque. | Non è nulla: l'avrebbe fatto chiunque. | Non è niente: chiunque l'avrebbe fatto. | Non è niente, chiunque l'avrebbe fatto.",,,,
31,s:r21-01c:b,cloze,Informes de viaje: completá las dos versiones de cada oración en italiano.,Alla radio avevo sentito che ___ (el avión tendría que haber salido una hora antes) / che ___ (la autopista podría haber estado bloqueada por la nieve).,l'aereo sarebbe dovuto partire un'ora prima | l'autostrada avrebbe potuto essere bloccata dalla neve,l'aereo avrebbe dovuto partire un'ora prima | l'autostrada avrebbe potuto essere bloccata dalla neve | l'aereo sarebbe dovuto partire un'ora prima | l'autostrada sarebbe potuta essere bloccata dalla neve | l'aereo avrebbe dovuto partire un'ora prima | l'autostrada sarebbe potuta essere bloccata dalla neve,,,,
31,s:r21-02c:a,translate,Traducí al italiano. Hay dos maneras de expresar el futuro en el pasado: condicional compuesto o imperfecto.,Estaba convencido de que ella llamaría / iba a llamar.,Ero convinto che avrebbe telefonato.,Ero convinta che avrebbe telefonato. | Ero convinto che telefonava. | Ero convinta che telefonava. | Ero convinto che avrebbe chiamato. | Ero convinta che avrebbe chiamato.,,,,
31,s:r21-02c:b,translate,Traducí al italiano. Hay dos maneras de expresar el futuro en el pasado: condicional compuesto o imperfecto.,Sabían que ella se iría / se iba a ir.,Sapevano che sarebbe partita.,Sapevano che partiva. | Sapevano che se ne sarebbe andata. | Sapevano che se ne andava. | Sapevano che sarebbe andata via. | Sapevano che andava via.,,,,
31,s:r21-02c:c,translate,Traducí al italiano. Hay dos maneras de expresar el futuro en el pasado: condicional compuesto o imperfecto.,Me dijo que llegaría a las cuatro / que llegaba a las cuatro.,Mi ha detto che sarebbe arrivato alle quattro.,Mi ha detto che arrivava alle quattro. | Mi disse che sarebbe arrivato alle quattro. | Mi disse che arrivava alle quattro. | Mi ha detto che sarebbe arrivata alle quattro. | Mi disse che sarebbe arrivata alle quattro.,,,,
31,s:r21-03c:a,choice,¿Hecho posible o imposible? Decidí si lo que expresa el condicional compuesto pudo cumplirse. Una de las oraciones es ambigua.,Renzo mi ha informato che avrebbe risposto subito se avesse avuto i documenti necessari.,ambigua,,posible | imposible | ambigua,,,
31,s:r21-03c:b,choice,¿Hecho posible o imposible? Decidí si lo que expresa el condicional compuesto pudo cumplirse. Una de las oraciones es ambigua.,"Realma mi aveva assicurato che avrebbe risposto presto, e infatti la lettera è arrivata ieri.",posible,,posible | imposible | ambigua,,,
32,d22-021,cloze,Completá con el congiuntivo passato o trapassato según la concordancia de tiempos (o con el infinitivo pasado si no hay «che»). El auxiliar está indicado.,Il professore pensava che gli studenti non ___ (avere/studiare) abbastanza.,avessero studiato,,,,,
32,d22-022,cloze,Completá con el congiuntivo passato o trapassato según la concordancia de tiempos (o con el infinitivo pasado si no hay «che»). El auxiliar está indicado.,Le ragazze speravano che i genitori gli ___ (avere/dare) dei soldi.,avessero dato,,,,,
32,d22-023,cloze,Completá con el congiuntivo passato o trapassato según la concordancia de tiempos (o con el infinitivo pasado si no hay «che»). El auxiliar está indicado.,Tu pensi che loro ___ (essere/partire)?,siano partiti,siano partite,,,,
32,d22-024,cloze,Completá con el congiuntivo passato o trapassato según la concordancia de tiempos (o con el infinitivo pasado si no hay «che»). El auxiliar está indicado.,Il presidente era contento di ___ (avere/cambiare) la legge.,avere cambiato,aver cambiato,,,,
32,d22-025,cloze,Completá con el congiuntivo passato o trapassato según la concordancia de tiempos (o con el infinitivo pasado si no hay «che»). El auxiliar está indicado.,"I gatti miagolavano, ma io credevo che tu gli ___ (avere/dare) già da mangiare.",avessi dato,,,,,
32,d22-026,cloze,Completá con el congiuntivo passato o trapassato según la concordancia de tiempos (o con el infinitivo pasado si no hay «che»). El auxiliar está indicado.,È possibile che la nonna ___ (essere/perdersi)?,si sia persa,si sia perduta,,,,
32,d22-027,cloze,Completá con el congiuntivo passato o trapassato según la concordancia de tiempos (o con el infinitivo pasado si no hay «che»). El auxiliar está indicado.,Io non lo avrei creduto se non lo ___ (avere/vedere).,avessi visto,,,,,
32,d22-028,cloze,Completá con el congiuntivo passato o trapassato según la concordancia de tiempos (o con el infinitivo pasado si no hay «che»). El auxiliar está indicado.,Noi abbiamo paura che loro non ___ (avere/finire).,abbiano finito,,,,,
32,d22-029,cloze,Completá con el congiuntivo passato o trapassato según la concordancia de tiempos (o con el infinitivo pasado si no hay «che»). El auxiliar está indicado.,Speravo di ___ (avere/visitare) tutti i musei prima di partire.,avere visitato,aver visitato,,,,
32,d22-030,cloze,Completá con el congiuntivo passato o trapassato según la concordancia de tiempos (o con el infinitivo pasado si no hay «che»). El auxiliar está indicado.,Voi sperate che quella squadra ___ (avere/vincere)?,abbia vinto,,,,,
32,s:r24-01d:a,choice,"¿Qué relación temporal hay entre el subjuntivo y el verbo principal? Elegí: futuro, simultáneo o pasado.",Speriamo che vengano presto.,futuro,,futuro | simultáneo | pasado,,,
32,s:r24-01d:b,choice,"¿Qué relación temporal hay entre el subjuntivo y el verbo principal? Elegí: futuro, simultáneo o pasado.",Speravo che venissero presto.,futuro,,futuro | simultáneo | pasado,,,
32,s:r24-01d:c,choice,"¿Qué relación temporal hay entre el subjuntivo y el verbo principal? Elegí: futuro, simultáneo o pasado.",Sono contento che tu stia qui.,simultáneo,,futuro | simultáneo | pasado,,,
32,s:r24-01d:d,choice,"¿Qué relación temporal hay entre el subjuntivo y el verbo principal? Elegí: futuro, simultáneo o pasado.",Ero contento che loro stessero insieme.,simultáneo,,futuro | simultáneo | pasado,,,
32,s:r24-01d:e,choice,"¿Qué relación temporal hay entre el subjuntivo y el verbo principal? Elegí: futuro, simultáneo o pasado.",Crederà che tu non abbia fatto niente.,pasado,,futuro | simultáneo | pasado,,,
32,s:r24-01d:f,choice,"¿Qué relación temporal hay entre el subjuntivo y el verbo principal? Elegí: futuro, simultáneo o pasado.",Sembrava che nessuno avesse visto niente.,pasado,,futuro | simultáneo | pasado,,,
32,s:r24-01d:g,choice,"¿Qué relación temporal hay entre el subjuntivo y el verbo principal? Elegí: futuro, simultáneo o pasado.",Sarebbe assurdo che pagasse lui domani.,futuro,,futuro | simultáneo | pasado,,,
32,s:r24-01d:h,choice,"¿Qué relación temporal hay entre el subjuntivo y el verbo principal? Elegí: futuro, simultáneo o pasado.",Non si direbbe che avesse studiato.,pasado,,futuro | simultáneo | pasado,,,
32,s:r24-02d:a,choice,¿En qué oraciones el subjuntivo NO se refiere a un momento posterior al verbo principal?,Ho insistito che scrivesse subito.,se refiere al futuro,,se refiere al futuro | no se refiere al futuro,,,
32,s:r24-02d:b,choice,¿En qué oraciones el subjuntivo NO se refiere a un momento posterior al verbo principal?,Avevo chiesto che venissero più tardi.,se refiere al futuro,,se refiere al futuro | no se refiere al futuro,,,
32,s:r24-02d:c,choice,¿En qué oraciones el subjuntivo NO se refiere a un momento posterior al verbo principal?,Mi piacerebbe che tu imparassi il francese.,se refiere al futuro,,se refiere al futuro | no se refiere al futuro,,,
32,s:r24-02d:d,choice,¿En qué oraciones el subjuntivo NO se refiere a un momento posterior al verbo principal?,Credo che abbia avuto un incidente.,no se refiere al futuro,,se refiere al futuro | no se refiere al futuro,,,
32,s:r24-02d:e,choice,¿En qué oraciones el subjuntivo NO se refiere a un momento posterior al verbo principal?,Credo che fosse qui ieri.,no se refiere al futuro,,se refiere al futuro | no se refiere al futuro,,,
32,s:r24-02d:f,choice,¿En qué oraciones el subjuntivo NO se refiere a un momento posterior al verbo principal?,Avrei voluto che pagasse lui.,se refiere al futuro,,se refiere al futuro | no se refiere al futuro,,,
32,s:r24-06c:a,cloze,Suavizá órdenes y pedidos con la expresión dada: completá con el subjuntivo.,Vieni con noi. → Mi piacerebbe che tu ___ con noi.,venissi,,,,,
32,s:r24-06c:b,cloze,Suavizá órdenes y pedidos con la expresión dada: completá con el subjuntivo.,"Lo dica a loro, non a me. → Sarebbe meglio che Lei lo ___ a loro, non a me.",dicesse,,,,,
32,s:r24-06c:c,cloze,Suavizá órdenes y pedidos con la expresión dada: completá con el subjuntivo.,Fallo subito. → Mi farebbe piacere se tu lo ___ subito.,facessi,,,,,
32,s:r24-06c:d,cloze,Suavizá órdenes y pedidos con la expresión dada: completá con el subjuntivo.,Me lo spiegate? → Vorrei che voi me lo ___.,spiegaste,,,,,
33,c1-ipot-01,choice,Elegí la forma correcta (irrealtà nel presente).,"Se ___ più tempo, verrei con voi.",avessi,,avessi | avrei | ho,,,
33,c1-ipot-02,choice,Elegí la forma correcta (irrealtà nel passato).,"Se me l'avessi detto, ti ___.",avrei aiutato,,avrei aiutato | aiutassi | avessi aiutato,,,
33,c1-ipot-03,choice,Elegí la forma correcta (realtà).,"Se ___ tempo, ti chiamo.",ho,,ho | avessi | avrei,,,
33,c1-ipot-04,choice,¿Cuál es INCORRECTA en italiano estándar?,"Se ___ ricco, comprerei una casa al mare.",sarei,,sarei | fossi | diventassi,,,
33,c1-ipot-05,cloze,Completá el periodo ipotetico misto.,"Se ___ (studiare) di più allora, adesso avresti un buon lavoro.",avessi studiato,,,,,
33,c1-ipot-06,translate,Traducí al italiano.,"Si hubiera sabido, no habría venido.","Se avessi saputo, non sarei venuto","Se lo avessi saputo, non sarei venuto | Se l'avessi saputo, non sarei venuto | Se avessi saputo, non sarei venuta | Se lo avessi saputo, non sarei venuta | Se l'avessi saputo, non sarei venuta",,,,
33,c1-ipot-07,choice,Elegí la alternativa que NO cambia el sentido.,"Se avessi saputo, sarei venuto. ≈","Avessi saputo, sarei venuto!",,"Avessi saputo, sarei venuto! | Sapevo e sono venuto. | Se so, vengo.",,,
33,c1-ipot-08,choice,Elegí la forma correcta.,Magari ___ vero!,fosse,,fosse | è | sarebbe,,,
33,c1-ipot-10,choice,Elegí la forma correcta.,"Verrò, a meno che non ___ troppo tardi.",sia,,sia | è | sarà,,,
33,d19-001,cloze,"Completá la parte con «se» usando el indicativo (presente, futuro o imperfetto) según la otra parte de la frase. Puede haber más de una respuesta.","Se tu ___ (avere) tempo libero, ci andremo domani.",hai,avrai,,,,
33,d19-002,cloze,"Completá la parte con «se» usando el indicativo (presente, futuro o imperfetto) según la otra parte de la frase. Puede haber más de una respuesta.","Se loro non ___ (volere), me ne potevano parlare.",volevano,,,,,
33,d19-003,cloze,"Completá la parte con «se» usando el indicativo (presente, futuro o imperfetto) según la otra parte de la frase. Puede haber más de una respuesta.","Se lui ___ (arrivare), mangeremo insieme.",arriva,arriverà,,,,
33,d19-004,cloze,"Completá la parte con «se» usando el indicativo (presente, futuro o imperfetto) según la otra parte de la frase. Puede haber más de una respuesta.","Se lei non ___ (studiare), non riceverà buoni voti.",studia,studierà,,,,
33,d19-005,cloze,"Completá la parte con «se» usando el indicativo (presente, futuro o imperfetto) según la otra parte de la frase. Puede haber más de una respuesta.","Se Angelo e Guido ___ (andare), andrò anch’io.",vanno,andranno,,,,
33,d19-006,cloze,"Completá la parte con «se» usando el indicativo (presente, futuro o imperfetto) según la otra parte de la frase. Puede haber más de una respuesta.","Se tu ___ (preferire), resta qui.",preferisci,,,,,
33,d19-007,cloze,"Completá la parte con «se» usando el indicativo (presente, futuro o imperfetto) según la otra parte de la frase. Puede haber más de una respuesta.","Se io ___ (trovare) biglietti, verrai con me?",trovo,troverò,,,,
33,d19-008,cloze,"Completá la parte con «se» usando el indicativo (presente, futuro o imperfetto) según la otra parte de la frase. Puede haber más de una respuesta.","Se ___ (succedere) un’altra volta, griderò!",succede,succederà,,,,
33,d19-009,cloze,"Completá la parte con «se» usando el indicativo (presente, futuro o imperfetto) según la otra parte de la frase. Puede haber más de una respuesta.","Se tu ___ (volere) sapere, gli ho telefonato.",vuoi,,,,,
33,d19-010,cloze,"Completá la parte con «se» usando el indicativo (presente, futuro o imperfetto) según la otra parte de la frase. Puede haber más de una respuesta.","Se loro ___ (partire), partiranno fra poco.",partono,partiranno,,,,
33,d19-011,cloze,Completá la parte con «se» con el congiuntivo imperfetto. Mirá la otra parte de la frase para deducir el sujeto.,"Se ___ (ascoltare), sapreste ciò che è successo.",ascoltaste,,,,,
33,d19-012,cloze,Completá la parte con «se» con el congiuntivo imperfetto. Mirá la otra parte de la frase para deducir el sujeto.,"Se ___ (incontrare) Giorgio, cosa gli diresti?",incontrassi,,,,,
33,d19-013,cloze,Completá la parte con «se» con el congiuntivo imperfetto. Mirá la otra parte de la frase para deducir el sujeto.,"Se Giulia ___ (comprare) le scarpe, sarebbe molto contenta.",comprasse,,,,,
33,d19-014,cloze,Completá la parte con «se» con el congiuntivo imperfetto. Mirá la otra parte de la frase para deducir el sujeto.,"Se ___ (ritornare) presto, potremmo studiare.",ritornassimo,,,,,
33,d19-015,cloze,Completá la parte con «se» con el congiuntivo imperfetto. Mirá la otra parte de la frase para deducir el sujeto.,"Se loro ci ___ (visitare), ci divertiremmo.",visitassero,,,,,
33,d19-016,cloze,Completá la parte con «se» con el congiuntivo imperfetto. Mirá la otra parte de la frase para deducir el sujeto.,"Se tu ed io ___ (parlarsi), ci capiremmo.",ci parlassimo,,,,,
33,d19-017,cloze,Completá la parte con «se» con el congiuntivo imperfetto. Mirá la otra parte de la frase para deducir el sujeto.,"Se io ___ (essere) in te, non andrei con loro.",fossi,,,,,
33,d19-018,cloze,Completá la parte con «se» con el congiuntivo imperfetto. Mirá la otra parte de la frase para deducir el sujeto.,"Se tu ___ (spiegare) bene, capirei.",spiegassi,,,,,
33,d19-019,cloze,Completá la parte con «se» con el congiuntivo imperfetto. Mirá la otra parte de la frase para deducir el sujeto.,"Se ___ (vendere) la casa, dove andreste?",vendeste,,,,,
33,d19-020,cloze,Completá la parte con «se» con el congiuntivo imperfetto. Mirá la otra parte de la frase para deducir el sujeto.,"Se lui ___ (mentire), come lo sapresti?",mentisse,,,,,
33,d19-021,cloze,Completá la parte con «se» con el congiuntivo trapassato (pluscuamperfecto del subjuntivo). El auxiliar está indicado.,"Se ___ (avere/dormire), non avrebbero avuto sonno.",avessero dormito,,,,,
33,d19-022,cloze,Completá la parte con «se» con el congiuntivo trapassato (pluscuamperfecto del subjuntivo). El auxiliar está indicado.,"Se ___ (avere/leggere) il libro, capiresti.",avessi letto,,,,,
33,d19-023,cloze,Completá la parte con «se» con el congiuntivo trapassato (pluscuamperfecto del subjuntivo). El auxiliar está indicado.,"Se ___ (essere/partire) in orario, il treno sarebbe arrivato in orario.",fosse partito,,,,,
33,d19-024,cloze,Completá la parte con «se» con el congiuntivo trapassato (pluscuamperfecto del subjuntivo). El auxiliar está indicado.,"Se tu non ___ (avere/prendere) il tè, avresti potuto dormire.",avessi preso,,,,,
33,d19-025,cloze,Completá la parte con «se» con el congiuntivo trapassato (pluscuamperfecto del subjuntivo). El auxiliar está indicado.,"Se voi me lo ___ (avere/chiedere), vi avrei detto di sì.",aveste chiesto,,,,,
33,d19-026,cloze,Completá la parte con «se» con el congiuntivo trapassato (pluscuamperfecto del subjuntivo). El auxiliar está indicado.,"Se ___ (avere/ricevere) la tua lettera, ti avremmo risposto.",avessimo ricevuto,,,,,
33,d19-027,cloze,Completá la parte con «se» con el congiuntivo trapassato (pluscuamperfecto del subjuntivo). El auxiliar está indicado.,"Se ___ (essere/stare) lì, ti avrei visto.",fossi stato,fossi stata,,,,
33,d19-028,cloze,Completá la parte con «se» con el congiuntivo trapassato (pluscuamperfecto del subjuntivo). El auxiliar está indicado.,"Se Fausta ___ (essere/alzarsi) presto, avrebbe visto l’aurora.",si fosse alzata,,,,,
33,d19-029,cloze,Completá la parte con «se» con el congiuntivo trapassato (pluscuamperfecto del subjuntivo). El auxiliar está indicado.,"Se ___ (avere/chiudere) la finestra, non avresti avuto tanto freddo.",avessi chiuso,,,,,
33,d19-030,cloze,Completá la parte con «se» con el congiuntivo trapassato (pluscuamperfecto del subjuntivo). El auxiliar está indicado.,"Se Antonietta ___ (avere/correre), non avrebbe perso il treno.",avesse corso,,,,,
33,d19-031,translate,Traducí al italiano.,si yo fuera vos,se fossi in te,se io fossi in te,,,,
33,d19-032,translate,Traducí al italiano.,si (yo) tuviera ganas,se ne avessi voglia,se io ne avessi voglia | se avessi voglia,,,,
33,d19-033,translate,Traducí al italiano.,si (yo) lo hubiera sabido,se lo avessi saputo,se l’avessi saputo | se io lo avessi saputo | se io l’avessi saputo,,,,
33,d19-034,translate,Traducí al italiano.,si usted quiere,se vuole,se lei vuole,,,,
33,d19-035,translate,Traducí al italiano.,si por casualidad te lo cruzás,se per caso lo incontri,se lo incontri per caso | se per caso tu lo incontri | se per caso lo incroci,,,,
33,d19-036,translate,Traducí al italiano.,si (vos) alguna vez supieras algo,se mai sapessi qualcosa,se mai tu sapessi qualcosa | se tu mai sapessi qualcosa,,,,
33,d19-037,translate,Traducí al italiano.,si fuera verdad,se fosse vero,,,,,
33,d19-038,translate,Traducí al italiano.,si no me equivoco,se non sbaglio,se non mi sbaglio,,,,
33,d19-039,translate,Traducí al italiano.,si (yo) pudiera,se potessi,se io potessi,,,,
33,d19-040,translate,Traducí al italiano.,¿Y si no es verdad?,E se non è vero?,se non è vero?,,,,
33,s:r24-03b:f,cloze,Completá con el imperfecto del subjuntivo del verbo indicado.,Avrei voluto che lui mi ___ prima di partire. (chiamare),chiamasse,,,,,
33,s:r24-06b:b,cloze,Completá con el subjuntivo adecuado; en todos los casos menos uno va el pluscuamperfecto.,Sarebbe stato meglio se voi ___ presto stamattina. (partire),foste partiti,foste partite,,,,
33,s:r24-07b:b,cloze,¿Qué pasaría si…? ¿Qué habría pasado si…? Completá la condición en italiano.,"___, non avremmo perso il treno. (Si hubieran llegado antes…)",Se fossero arrivati prima,Se fossero arrivate prima | Se foste arrivati prima | Se foste arrivate prima,,,,
33,s:r24-07b:d,cloze,¿Qué pasaría si…? ¿Qué habría pasado si…? Completá la condición en italiano.,"___, non avrebbe perso il posto. (Si no se hubiera peleado con el jefe…)",Se non avesse litigato con il capo,Se non avesse litigato col capo,,,,
33,s:r24-07b:e,cloze,¿Qué pasaría si…? ¿Qué habría pasado si…? Completá la condición en italiano.,"___, avrei già pagato i debiti. (Si ganara más…)",Se guadagnassi di più,,,,,
34,c1-rel-01,choice,Elegí la forma correcta.,Il libro ___ ti ho parlato è esaurito.,di cui,,di cui | che | cui,,,
34,c1-rel-02,choice,Elegí la forma correcta.,La ragazza ___ padre è medico abita qui.,il cui,,il cui | di cui | che,,,
34,c1-rel-03,choice,Elegí la forma correcta.,Non ho capito ___ vuoi dire.,quello che,,quello che | che cosa che | il che,,,
34,c1-rel-04,translate,Traducí al italiano.,La casa en la que vivo es pequeña.,La casa in cui abito è piccola,La casa in cui vivo è piccola | La casa dove abito è piccola | La casa dove vivo è piccola | La casa nella quale abito è piccola | La casa nella quale vivo è piccola,,,,
34,d14-021,cloze,"Completá con el pronombre relativo (che, cui, il cui, chi…). La traducción está entre paréntesis.",il ragazzo ___ padre è medico (el chico cuyo padre es médico),il cui,,,,,
34,d14-022,cloze,"Completá con el pronombre relativo (che, cui, il cui, chi…). La traducción está entre paréntesis.",la ragazza ___ madre è italiana (la chica cuya madre es italiana),la cui,,,,,
34,d14-023,cloze,"Completá con el pronombre relativo (che, cui, il cui, chi…). La traducción está entre paréntesis.",l'autore ___ libri leggo (el autor cuyos libros leo),i cui,,,,,
34,d14-024,cloze,"Completá con el pronombre relativo (che, cui, il cui, chi…). La traducción está entre paréntesis.",gli amici ___ macchine sono nuove (los amigos cuyos autos son nuevos),le cui,,,,,
34,d14-025,cloze,"Completá con el pronombre relativo (che, cui, il cui, chi…). La traducción está entre paréntesis.",l'argomento ___ parliamo (el tema del que hablamos),di cui,del quale,,,,
34,d14-026,cloze,"Completá con el pronombre relativo (che, cui, il cui, chi…). La traducción está entre paréntesis.",la ragazza ___ canta (la chica que canta),che,,,,,
34,d14-027,cloze,"Completá con el pronombre relativo (che, cui, il cui, chi…). La traducción está entre paréntesis.",il ragazzo ___ studia (el chico que estudia),che,,,,,
34,d14-028,cloze,"Completá con el pronombre relativo (che, cui, il cui, chi…). La traducción está entre paréntesis.",i libri ___ ho trovato l'errore (los libros en los que encontré el error),in cui,nei quali,,,,
34,d14-029,cloze,"Completá con el pronombre relativo (che, cui, il cui, chi…). La traducción está entre paréntesis.",la casa ___ ho comprato (la casa que compré),che,,,,,
34,d14-030,cloze,"Completá con el pronombre relativo (che, cui, il cui, chi…). La traducción está entre paréntesis.",___ dorme non piglia pesci. (Quien duerme no pesca: camarón que se duerme se lo lleva la corriente.),chi,colui che,,,,
34,rf-38-01,choice,Elegí la forma correcta.,Il romanzo ___ sto leggendo è di Calvino.,che,,che | cui | il quale,,,
34,rf-38-02,choice,Elegí la forma correcta.,La città ___ sono nato è Rosario.,in cui,,in cui | che | cui,,,
34,rf-38-03,choice,Elegí la forma correcta.,Il ragazzo ___ ho prestato la bici non me l'ha ridata.,a cui,,a cui | che | di cui,,,
34,rf-38-04,choice,Elegí la forma correcta.,È un argomento ___ non so niente.,di cui,,di cui | che | in cui,,,
34,rf-38-05,choice,Elegí la forma correcta.,"Lo scrittore, ___ romanzi sono tradotti in trenta lingue, vive a Napoli.",i cui,,i cui | che i | di cui i,,,
34,rf-38-06,choice,Elegí la forma correcta.,"Elena Ferrante, ___ opera più famosa è «L'amica geniale», usa uno pseudonimo.",la cui,,la cui | che la | il cui,,,
34,rf-38-07,choice,Elegí la forma correcta.,___ mi preoccupa è il prezzo.,Quello che,,Quello che | Che | Il che,,,
34,rf-38-08,choice,Elegí la forma correcta.,"L'Argentina ha vinto la partita, ___ ci ha sorpreso tutti.",il che,,il che | che | quello che,,,
34,rf-38-09,choice,Completá el refrán.,___ dorme non piglia pesci.,Chi,,Chi | Che | Quale,,,
34,rf-38-10,cloze,Completá con el relativo (con la que).,Questa è la penna ___ ho firmato il contratto.,con cui,con la quale,,,,
34,rf-38-11,cloze,Completá con el relativo (por el que).,Il motivo ___ sono venuto è semplice.,per cui,per il quale,,,,
34,rf-38-12,cloze,Completá con el relativo (en la que).,La casa ___ è nato Leopardi è a Recanati.,in cui,nella quale | dove,,,,
34,rf-38-13,cloze,Completá con el relativo (a las que).,Le persone ___ abbiamo chiesto aiuto sono state gentili.,a cui,alle quali | cui,,,,
34,rf-38-14,cloze,Completá con el relativo (de donde).,Il paese ___ viene mia nonna è in Calabria.,da cui,dal quale,,,,
34,rf-38-15,choice,Elegí el relativo que deja claro que la que vive en París es la hermana.,"Ho conosciuto la sorella di Marco, ___ vive a Parigi.",la quale,,la quale | il quale | che,,,
34,rf-38-16,choice,Elegí la forma correcta.,Mi piace il modo ___ parla.,in cui,,in cui | che | cui,,,
34,rf-38-17,choice,Elegí la forma correcta.,È una cosa ___ tengo molto.,a cui,,a cui | che | di cui,,,
34,rf-38-18,choice,Elegí la forma correcta (quién).,Dimmi ___ ha rotto il vaso.,chi,,chi | che | il quale,,,
34,rf-38-19,cloze,Completá con el relativo (cuyo).,"Il medico, ___ figlio studia con me, è molto bravo.",il cui,,,,,
34,rf-38-20,cloze,Completá con el relativo (cuyas).,"Le Dolomiti, ___ cime sono innevate, sembrano vicinissime.",le cui,,,,,
34,rf-38-21,choice,Elegí la forma correcta.,Ecco la ragione per ___ non ti ho chiamato.,cui,,cui | che | quale,,,
34,rf-38-22,translate,Traducí al italiano.,La chica con la que salgo es italiana.,La ragazza con cui esco è italiana,La ragazza con la quale esco è italiana,,,,
34,rf-38-23,translate,Traducí al italiano.,Es el libro del que todos hablan.,È il libro di cui tutti parlano,È il libro di cui parlano tutti | È il libro del quale tutti parlano | È il libro del quale parlano tutti,,,,
34,rf-38-24,translate,Traducí al italiano.,No entiendo lo que decís.,Non capisco quello che dici,Non capisco ciò che dici | Non capisco cosa dici | Non capisco che cosa dici,,,,
34,rf-38-25,translate,Traducí al italiano.,El pueblo donde nació mi abuelo está en Sicilia.,Il paese in cui è nato mio nonno è in Sicilia,Il paese in cui è nato mio nonno si trova in Sicilia | Il paese in cui nacque mio nonno è in Sicilia | Il paese in cui nacque mio nonno si trova in Sicilia | Il paese dove è nato mio nonno è in Sicilia | Il paese dove è nato mio nonno si trova in Sicilia | Il paese dove nacque mio nonno è in Sicilia | Il paese dove nacque mio nonno si trova in Sicilia | Il paese nel quale è nato mio nonno è in Sicilia | Il paese nel quale è nato mio nonno si trova in Sicilia | Il paese nel quale nacque mio nonno è in Sicilia | Il paese nel quale nacque mio nonno si trova in Sicilia,,,,
34,s:r10-01c:e,choice,Elegí el pronombre correcto: interrogativo o relativo.,Non mi hai detto ___ giochi a tennis. (No me dijiste con quién jugás al tenis.),con chi,,con chi | con cui,,,
34,s:r10-01c:f,choice,Elegí el pronombre correcto: interrogativo o relativo.,La ragazza ___ esci è simpaticissima. (La chica con la que salís es simpatiquísima.),con cui,,con chi | con cui,,,
34,s:r13-01:a,cloze,Uní la información en una sola oración usando un pronombre relativo.,Marta è un'amica. Marta mi è molto simpatica. → ___.,Marta è un'amica che mi è molto simpatica,,,,,
34,s:r13-01:b,cloze,Uní la información en una sola oración usando un pronombre relativo.,Edoardo è un lontano cugino. Edoardo lavora a Parigi. → ___.,Edoardo è un lontano cugino che lavora a Parigi,,,,,
34,s:r13-01:c,cloze,Uní la información en una sola oración usando un pronombre relativo.,I signori Colucci sono i vicini. I signori Colucci litigano tanto. → ___.,I signori Colucci sono i vicini che litigano tanto,,,,,
34,s:r13-01:d,cloze,Uní la información en una sola oración usando un pronombre relativo.,La Rinascente è un grande magazzino. La Rinascente si trova nelle maggiori città italiane. → ___.,La Rinascente è un grande magazzino che si trova nelle maggiori città italiane,,,,,
34,s:r13-01:e,cloze,Uní la información en una sola oración usando un pronombre relativo.,'Roma Città Aperta' è un film di Rossellini. Non ho mai visto 'Roma Città Aperta'. → ___.,'Roma Città Aperta' è un film di Rossellini che non ho mai visto,Roma Città Aperta è un film di Rossellini che non ho mai visto,,,,
34,s:r13-01b:b,cloze,Uní las dos oraciones reemplazando la parte repetida por un relativo con preposición (cui o il quale).,Carlotta è la nipote. Ho regalato una bicicletta a Carlotta. → ___.,Carlotta è la nipote a cui ho regalato una bicicletta,Carlotta è la nipote alla quale ho regalato una bicicletta | Carlotta è la nipote cui ho regalato una bicicletta,,,,
34,s:r13-01b:c,cloze,Uní las dos oraciones reemplazando la parte repetida por un relativo con preposición (cui o il quale).,Aldo e Stefano sono colleghi. Lavoro con Aldo e Stefano da due anni. → ___.,Aldo e Stefano sono colleghi con cui lavoro da due anni,Aldo e Stefano sono colleghi con i quali lavoro da due anni | Aldo e Stefano sono colleghi coi quali lavoro da due anni,,,,
34,s:r13-01b:d,cloze,Uní las dos oraciones reemplazando la parte repetida por un relativo con preposición (cui o il quale).,Fiorella è la mia assistente. Senza Fiorella non potrei lavorare. → ___.,Fiorella è la mia assistente senza la quale non potrei lavorare,"Fiorella è la mia assistente, senza la quale non potrei lavorare | Fiorella è la mia assistente senza cui non potrei lavorare | Fiorella è la mia assistente, senza cui non potrei lavorare",,,,
34,s:r13-01b:e,cloze,Uní las dos oraciones reemplazando la parte repetida por un relativo con preposición (cui o il quale).,"Il signor Feroni è il nostro capo. Secondo lui, siamo tutti pigri. → ___.","Il signor Feroni è il nostro capo, secondo il quale siamo tutti pigri","Il signor Feroni è il nostro capo secondo il quale siamo tutti pigri | Il signor Feroni è il nostro capo, secondo cui siamo tutti pigri | Il signor Feroni è il nostro capo secondo cui siamo tutti pigri",,,,
34,s:r13-01c:a,translate,Traducí al italiano (tu).,Quale piatto prendo? – El que prefieras.,Quello che preferisci.,,,,,
34,s:r13-01c:b,translate,Traducí al italiano (tu).,Quali riviste compro? – Las que quieras.,Quelle che vuoi.,,,,,
34,s:r13-01c:c,translate,Traducí al italiano (tu).,Non mi piace quella ragazza. – Quale? – La que estudia medicina.,Quella che studia medicina.,,,,,
34,s:r13-01c:d,translate,Traducí al italiano (tu).,"Mi presti qualche libro? – Claro, llevate los que quieras.","Certo, prendi quelli che vuoi.","Certo, prendi quello che vuoi. | Certo, prendine quanti vuoi. | Certo, prendi quelli che ti pare.",,,,
34,s:r13-01c:e,cloze,Traducí al italiano (tu).,___ (Los que lleguen / Quien llegue) in ritardo dovranno/dovrà tornare domani.,Chi arriva,Quelli che arrivano | Coloro che arrivano | Chi arriverà | Quelli che arriveranno,,,,
34,s:r13-02:a,translate,Traducí al italiano usando pronombres relativos.,El departamento que alquilé está en el primer piso. (affittare),L'appartamento che ho affittato è al primo piano.,L'appartamento che ho preso in affitto è al primo piano.,,,,
34,s:r13-02:b,translate,Traducí al italiano usando pronombres relativos.,"El hombre que conociste es el marido de la dueña, que se va hoy. (la padrona)","L'uomo che hai conosciuto è il marito della padrona, che parte oggi.","L'uomo che hai conosciuto è il marito della padrona, il quale parte oggi. | L'uomo che hai conosciuto è il marito della padrona che parte oggi. | L'uomo che hai conosciuto è il marito della padrona, la quale parte oggi.",,,,
34,s:r13-02:c,translate,Traducí al italiano usando pronombres relativos.,"Aumentaron el alquiler, lo cual no es justo. (l'affitto)","Hanno aumentato l'affitto, il che non è giusto.","Hanno aumentato l'affitto, cosa che non è giusta. | Hanno aumentato l'affitto, e ciò non è giusto. | Hanno alzato l'affitto, il che non è giusto.",,,,
34,s:r13-03:a,cloze,Completá con el relativo. En dos oraciones sirven tanto che como il/la quale (recordá que il quale no se usa como objeto directo).,La borsa ___ ho comprato è viola.,che,,,,,
34,s:r13-03:b,cloze,Completá con el relativo. En dos oraciones sirven tanto che como il/la quale (recordá que il quale no se usa como objeto directo).,A Parigi abbiamo trovato un ristorante italiano ___ ci è molto piaciuto.,che,il quale,,,,
34,s:r13-03:c,cloze,Completá con el relativo. En dos oraciones sirven tanto che como il/la quale (recordá que il quale no se usa como objeto directo).,È la stazione ___ è stata bombardata nel 1944.,che,,,,,
34,s:r13-03:d,cloze,Completá con el relativo. En dos oraciones sirven tanto che como il/la quale (recordá que il quale no se usa como objeto directo).,"In macchina hanno portato anche il cane, ___ è stato buono buono.",che,il quale,,,,
34,s:r13-04:a,translate,"Traducí al italiano (tu). Ojo: en cuatro oraciones 'lo que' es relativo (quello che / ciò che); en las demás, 'qué' es exclamativo o interrogativo.",Lo que estás haciendo es absurdo.,Quello che fai è assurdo.,Ciò che fai è assurdo. | Quello che stai facendo è assurdo. | Ciò che stai facendo è assurdo.,,,,
34,s:r13-04:b,translate,"Traducí al italiano (tu). Ojo: en cuatro oraciones 'lo que' es relativo (quello che / ciò che); en las demás, 'qué' es exclamativo o interrogativo.",Podés hacer lo que quieras.,Puoi fare quello che vuoi.,Puoi fare ciò che vuoi. | Puoi fare quello che ti pare.,,,,
34,s:r13-04:c,translate,"Traducí al italiano (tu). Ojo: en cuatro oraciones 'lo que' es relativo (quello che / ciò che); en las demás, 'qué' es exclamativo o interrogativo.",Voy a hacer lo que pueda.,Farò quello che posso.,Farò ciò che posso. | Farò quello che potrò.,,,,
34,s:r13-04:d,translate,"Traducí al italiano (tu). Ojo: en cuatro oraciones 'lo que' es relativo (quello che / ciò che); en las demás, 'qué' es exclamativo o interrogativo.",Lo que no me gusta es el color.,Quello che non mi piace è il colore.,Ciò che non mi piace è il colore.,,,,
34,s:r13-04:e,translate,"Traducí al italiano (tu). Ojo: en cuatro oraciones 'lo que' es relativo (quello che / ciò che); en las demás, 'qué' es exclamativo o interrogativo.",¡Qué color horrible!,Che colore orribile!,Che colore orrendo! | Che brutto colore!,,,,
34,s:r13-04:f,translate,"Traducí al italiano (tu). Ojo: en cuatro oraciones 'lo que' es relativo (quello che / ciò che); en las demás, 'qué' es exclamativo o interrogativo.",¿Qué puedo hacer?,Che cosa posso fare?,Cosa posso fare? | Che posso fare?,,,,
34,s:r13-04:g,translate,"Traducí al italiano (tu). Ojo: en cuatro oraciones 'lo que' es relativo (quello che / ciò che); en las demás, 'qué' es exclamativo o interrogativo.",No sé qué hacer.,Non so cosa fare.,Non so che cosa fare. | Non so che fare.,,,,
34,s:r13-04b:a,translate,Cuestiones de familia. Traducí al italiano.,1905 es el año en que nació mi abuelo.,Il 1905 è l'anno in cui è nato mio nonno.,Il 1905 è l'anno in cui nacque mio nonno. | Il 1905 è l'anno in cui mio nonno è nato. | Il 1905 è l'anno nel quale è nato mio nonno.,,,,
34,s:r13-04b:b,translate,Cuestiones de familia. Traducí al italiano.,Los motivos por los que emigró no están claros.,I motivi per cui è emigrato non sono chiari.,I motivi per i quali è emigrato non sono chiari. | Le ragioni per cui è emigrato non sono chiare. | Le ragioni per le quali è emigrato non sono chiare. | Il motivo per cui è emigrato non è chiaro.,,,,
34,s:r13-04b:c,translate,Cuestiones de familia. Traducí al italiano.,La casa de Londres en la que vivía fue bombardeada durante la guerra. (è stata bombardata),La casa di Londra in cui abitava è stata bombardata durante la guerra.,La casa di Londra dove abitava è stata bombardata durante la guerra. | La casa di Londra in cui viveva è stata bombardata durante la guerra. | La casa di Londra nella quale abitava è stata bombardata durante la guerra. | La casa a Londra in cui abitava è stata bombardata durante la guerra. | La casa di Londra dove viveva è stata bombardata durante la guerra.,,,,
35,c1-pass-01,choice,Elegí la pasiva correcta de «Il direttore firma i contratti».,I contratti ___ dal direttore.,sono firmati,,sono firmati | vengono firmato | si firma,,,
35,c1-pass-02,choice,¿Cuál subraya el proceso y no el estado?,La porta ___ chiusa alle otto.,viene,,viene | è | sta,,,
35,c1-pass-03,choice,Elegí la forma que expresa obligación.,Questo modulo ___ compilato entro venerdì.,va,,va | viene | è stato,,,
35,c1-pass-04,cloze,Reescribí con el «si passivante».,In Italia si ___ (mangiare) molte verdure.,mangiano,,,,,
35,c1-pass-05,choice,Elegí la forma correcta (si impersonale).,"Quando si è stanchi, si ___ presto.",va a dormire,,va a dormire | vanno a dormire | si dorme,,,
35,c1-pass-06,translate,Traducí al italiano (pasiva refleja).,Aquí se venden libros usados.,Qui si vendono libri usati,Qua si vendono libri usati | Si vendono libri usati qui,,,,
35,rf2-35-01,choice,Elegí la forma correcta.,Il barone rampante ___ da Calvino nel 1957.,è stato scritto,,è stato scritto | ha stato scritto | è scritto stato,,,
35,rf2-35-02,choice,Elegí la forma que subraya el proceso.,Le lettere ___ ogni mattina alle nove.,vengono consegnate,,vengono consegnate | vengono consegnati | vanno consegnato,,,
35,rf2-35-03,cloze,"Completá con andare + participio (= hay que, debe).",Questo modulo ___ (firmare) entro domani.,va firmato,,,,,
35,rf2-35-04,choice,Elegí la forma correcta.,La chiesa ___ costruita nel Settecento.,è stata,,è stata | ha stata | è stato,,,
35,rf2-35-05,translate,Traducí al italiano.,La ventana fue rota por los chicos.,La finestra è stata rotta dai ragazzi,La finestra è stata rotta dai bambini | La finestra fu rotta dai ragazzi | La finestra è stata rotta dai bimbi,,,,
35,rf2-35-06,cloze,Completá con la pasiva de proceso (venire + participio).,I biglietti ___ (vendere) solo online.,vengono venduti,sono venduti,,,,
35,rf2-35-07,choice,Elegí la forma correcta.,Il ladro ___ arrestato ieri sera.,è stato,,è stato | è venuto | ha stato,,,
35,rf2-35-08,choice,Elegí la preposición del agente.,La Gioconda è stata dipinta ___ Leonardo.,da,,da | di | per,,,
35,rf2-35-09,cloze,Completá con andare + participio (= no deben).,Questi errori non ___ (ripetere).,vanno ripetuti,,,,,
35,rf2-35-10,translate,Traducí al italiano.,El museo es visitado por miles de turistas.,Il museo è visitato da migliaia di turisti,Il museo viene visitato da migliaia di turisti,,,,
35,rf2-35-11,choice,Elegí la versión pasiva de «Marco ha invitato Laura».,___,Laura è stata invitata da Marco,,Laura è stata invitata da Marco | Laura ha stato invitata da Marco | Laura è stato invitato da Marco,,,
35,rf2-35-12,choice,Elegí la forma correcta.,La riunione ___ rimandata a lunedì.,è stata,,è stata | ha stata | è stato,,,
35,s:r26-01:a,translate,Pasá las oraciones a la voz pasiva con el auxiliar essere.,Le macchine inquinano la città.,La città è inquinata dalle macchine.,,,,,
35,s:r26-01:b,translate,Pasá las oraciones a la voz pasiva con el auxiliar essere.,Troveranno il colpevole.,Il colpevole sarà trovato.,,,,,
35,s:r26-01:c,translate,Pasá las oraciones a la voz pasiva con el auxiliar essere.,A giugno gli insegnanti correggevano sempre gli esami.,A giugno gli esami erano sempre corretti dagli insegnanti.,Gli esami a giugno erano sempre corretti dagli insegnanti. | A giugno gli esami erano corretti sempre dagli insegnanti.,,,,
35,s:r26-01:d,translate,Pasá las oraciones a la voz pasiva con el auxiliar essere.,Credete che il pubblico accetterebbe un aumento dell'Iva?,Credete che un aumento dell'Iva sarebbe accettato dal pubblico?,Credete che un aumento dell'IVA sarebbe accettato dal pubblico?,,,,
35,s:r26-01:e,translate,Pasá las oraciones a la voz pasiva con el auxiliar essere.,Non è giusto che il governo critichi gli insegnanti.,Non è giusto che gli insegnanti siano criticati dal governo.,,,,,
35,s:r26-01:f,translate,Pasá las oraciones a la voz pasiva con el auxiliar essere.,Carlo non deve riparare la macchina.,La macchina non deve essere riparata da Carlo.,La macchina non dev'essere riparata da Carlo.,,,,
35,s:r26-02:a,translate,Traducí al italiano con la voz pasiva.,Quiso que le pagaran enseguida. (lit.: quiso ser pagado enseguida),Ha voluto essere pagato subito.,Ha voluto essere pagata subito. | Volle essere pagato subito.,,,,
35,s:r26-02:b,translate,Traducí al italiano con la voz pasiva.,Tendrían que haber sido más ayudados.,Avrebbero dovuto essere aiutati di più.,Avrebbero dovuto essere aiutate di più.,,,,
35,s:r26-02:c,translate,Traducí al italiano con la voz pasiva.,Según los bomberos la casa no podía ser salvada.,Secondo i vigili del fuoco la casa non poteva essere salvata.,"Secondo i pompieri la casa non poteva essere salvata. | Secondo i pompieri, la casa non poteva essere salvata.",,,,
35,s:r26-03:a,cloze,"Reemplazá essere por venire o rimanere, según corresponda.",Le finestre sono pulite ogni mese. → Le finestre ___ pulite ogni mese.,vengono,,,,,
35,s:r26-03:b,cloze,"Reemplazá essere por venire o rimanere, según corresponda.",I ragazzi erano spesso puniti. → I ragazzi ___ spesso puniti.,venivano,,,,,
35,s:r26-03:c,cloze,"Reemplazá essere por venire o rimanere, según corresponda.",La città è stata distrutta. → La città ___ distrutta.,è rimasta,,,,,
35,s:r26-03:d,cloze,"Reemplazá essere por venire o rimanere, según corresponda.",Noi tutti siamo stati stupiti dalle sue parole. → Noi tutti ___ stupiti dalle sue parole.,siamo rimasti,siamo rimaste,,,,
35,s:r26-04:a,cloze,La casa se viene abajo: decí qué hay que hacer usando andare + participio.,Il tetto ___ riparato. (tiene que ser),va,,,,,
35,s:r26-04:b,cloze,La casa se viene abajo: decí qué hay que hacer usando andare + participio.,La cucina ___ rinnovata. (debería ser),andrebbe,,,,,
35,s:r26-04:c,cloze,La casa se viene abajo: decí qué hay que hacer usando andare + participio.,I soffitti ___ rifatti. (tendrán que ser),andranno,,,,,
35,s:r26-04:d,cloze,La casa se viene abajo: decí qué hay que hacer usando andare + participio.,Le finestre ___ pulite. (tendrían que haber sido),andavano,,,,,
36,rf-35-01,choice,Elegí la forma correcta.,In questo negozio si ___ biciclette usate.,vendono,,vendono | vende | venduto,,,
36,rf-35-02,choice,Elegí la forma correcta.,In Argentina si ___ molta carne.,mangia,,mangia | mangiano | mangiamo,,,
36,rf-35-03,choice,Elegí la forma correcta.,Nelle giornate limpide da Torino si ___ le Alpi.,vedono,,vedono | vede | vedi,,,
36,rf-35-04,choice,Elegí la forma correcta.,In agosto si ___ al mare.,va,,va | vanno | andiamo,,,
36,rf-35-05,choice,Elegí la forma correcta.,"Quando si è ___, tutto sembra facile.",felici,,felici | felice | felicità,,,
36,rf-35-06,cloze,Completá con el presente (si passivante).,A Bologna si ___ (fare) dei tortellini buonissimi.,fanno,,,,,
36,rf-35-07,cloze,Completá con el presente.,Nei locali pubblici non si ___ (potere) fumare.,può,,,,,
36,rf-35-08,cloze,Completá con el presente.,In Italia si ___ (usare) molto il treno.,usa,,,,,
36,rf-35-09,cloze,Completá con el presente.,Al Teatro Colón si ___ (ascoltare) le opere di Verdi e Puccini.,ascoltano,,,,,
36,rf-35-10,cloze,Completá con el passato prossimo.,"Ieri sera, in quella trattoria, si ___ (mangiare) benissimo.",è mangiato,,,,,
36,rf-35-11,cloze,Completá con el passato prossimo.,Alla festa si ___ (bere) troppi spritz.,sono bevuti,,,,,
36,rf-35-12,choice,Elegí la forma correcta.,Al carnevale di Venezia ci si ___ divertiti molto.,è,,è | sono | ha,,,
36,rf-35-13,choice,Elegí la forma correcta con si impersonal (uno se levanta).,In campagna ___ alza presto.,ci si,,ci si | si si | si,,,
36,rf-35-14,choice,Elegí la forma correcta (enfermos).,"Quando si è ___, si resta a casa.",malati,,malati | malato | malata,,,
36,rf-35-15,choice,Elegí la forma correcta.,Oggi in ufficio si ___ lavorato tutto il giorno.,è,,è | ha | sono,,,
36,rf-35-16,choice,¿Qué significa?,Si dice che il nuovo sindaco sia onesto.,Dicen que el nuevo intendente es honesto,,Dicen que el nuevo intendente es honesto | Él dice que es honesto | Se dijo honesto,,,
36,rf-35-17,choice,Elegí la forma correcta.,In Italia non si ___ il cappuccino dopo pranzo.,beve,,beve | bevono | bevi,,,
36,rf-35-18,cloze,Completá con el imperfetto.,Nel Medioevo i libri si ___ (scrivere) a mano.,scrivevano,,,,,
36,rf-35-19,cloze,Completá con el imperfetto.,Nel Rinascimento a Firenze si ___ (costruire) palazzi splendidi.,costruivano,,,,,
36,rf-35-20,choice,Elegí la forma correcta con si impersonal (uno lo toma).,"Il caffè? ___ beve al banco, in piedi.",Lo si,,Lo si | Si lo | Se lo,,,
36,rf-35-21,choice,Elegí la forma correcta.,Del cambiamento climatico ___ parla ogni giorno.,se ne,,se ne | si ne | ne si,,,
36,rf-35-22,translate,Traducí al italiano.,Acá se habla italiano.,Qui si parla italiano,Si parla italiano qui | Qui si parla l'italiano | Qua si parla italiano,,,,
36,rf-35-23,translate,Traducí al italiano.,En Argentina se cena tarde.,In Argentina si cena tardi,In Argentina si cena tardi la sera,,,,
36,rf-35-24,translate,Traducí al italiano.,Se alquilan departamentos.,Si affittano appartamenti,Affittasi appartamenti,,,,
36,rf-35-25,translate,Traducí al italiano.,"Cuando uno es joven, se enamora fácilmente.","Quando si è giovani, ci si innamora facilmente","Quando si è giovani ci si innamora facilmente | Quando si è giovani, ci si innamora con facilità | Quando si è giovani ci si innamora con facilità",,,,
36,s:r07-02i:a,cloze,¿Cómo me veo? Reescribí las oraciones cambiando el posesivo por un pronombre indirecto combinado con «si».,La tua calza si è bucata. → ___ è bucata la calza.,Ti si,,,,,
36,s:r07-02i:b,cloze,¿Cómo me veo? Reescribí las oraciones cambiando el posesivo por un pronombre indirecto combinado con «si».,La sua cravatta si è sporcata. (de él) → ___ è sporcata la cravatta.,Gli si,,,,,
36,s:r07-02i:c,cloze,¿Cómo me veo? Reescribí las oraciones cambiando el posesivo por un pronombre indirecto combinado con «si».,La sua giacca si è strappata. (de ella) → ___ è strappata la giacca.,Le si,,,,,
36,s:r07-02i:d,cloze,¿Cómo me veo? Reescribí las oraciones cambiando el posesivo por un pronombre indirecto combinado con «si».,Il mio bottone si è staccato. → ___ è staccato il bottone.,Mi si,,,,,
36,s:r07-03i:a,cloze,Completá la segunda oración reemplazando el lugar o la cosa por un pronombre combinado con «si».,Su questo materasso si dorme bene. ___ dorme benissimo!,Ci si,,,,,
36,s:r07-03i:b,cloze,Completá la segunda oración reemplazando el lugar o la cosa por un pronombre combinado con «si».,In Italia si sta bene. ___ sta benissimo!,Ci si,,,,,
36,s:r07-03i:c,cloze,Completá la segunda oración reemplazando el lugar o la cosa por un pronombre combinado con «si».,In questo compito non si capisce niente. Non ___ capisce assolutamente niente!,ci si,,,,,
36,s:r07-03i:d,cloze,Completá la segunda oración reemplazando el lugar o la cosa por un pronombre combinado con «si».,Si riuscirà a fare un bel lavoro. ___ riuscirà di sicuro.,Ci si,,,,,
36,s:r07-04h:a,cloze,Reescribí las oraciones reemplazando «uno» por la construcción impersonal adecuada.,Durante le vacanze uno si alza tardi. → Durante le vacanze ___ alza tardi.,ci si,,,,,
36,s:r07-04h:b,cloze,Reescribí las oraciones reemplazando «uno» por la construcción impersonal adecuada.,Uno si veste bene per andare a messa. → ___ veste bene per andare a messa.,Ci si,,,,,
36,s:r07-04h:c,cloze,Reescribí las oraciones reemplazando «uno» por la construcción impersonal adecuada.,D'estate uno si diverte in montagna. → D'estate ___ diverte in montagna.,ci si,,,,,
36,s:r07-04h:d,cloze,Reescribí las oraciones reemplazando «uno» por la construcción impersonal adecuada.,Uno si abitua al cibo inglese. → ___ abitua al cibo inglese.,Ci si,,,,,
36,s:r25-01c:a,cloze,"No sabés nada de computadoras: preguntá cómo se hace, con si + el verbo en la forma correcta.",Come si ___ il computer? (riavviare),riavvia,,,,,
36,s:r25-01c:b,cloze,"No sabés nada de computadoras: preguntá cómo se hace, con si + el verbo en la forma correcta.",Come si ___ un file? (archiviare),archivia,,,,,
36,s:r25-01c:c,cloze,"No sabés nada de computadoras: preguntá cómo se hace, con si + el verbo en la forma correcta.",Come si ___ il testo? (evidenziare),evidenzia,,,,,
36,s:r25-01c:d,cloze,"No sabés nada de computadoras: preguntá cómo se hace, con si + el verbo en la forma correcta.",Come si ___ una cartella? (scaricare),scarica,,,,,
36,s:r26-01b:a,translate,Reemplazá la pasiva por el si pasivante.,Domani il pacco verrà spedito.,Domani si spedirà il pacco.,Domani il pacco si spedirà. | Il pacco si spedirà domani.,,,,
36,s:r26-01b:b,translate,Reemplazá la pasiva por el si pasivante.,Di solito il formaggio viene mangiato prima del dolce.,Di solito il formaggio si mangia prima del dolce.,Di solito si mangia il formaggio prima del dolce.,,,,
36,s:r26-01b:c,translate,Reemplazá la pasiva por el si pasivante.,La città bombardata è stata abbandonata.,Si è abbandonata la città bombardata.,La città bombardata si è abbandonata.,,,,
36,s:r26-01b:d,translate,Reemplazá la pasiva por el si pasivante.,Il prezzo non è stato preso in considerazione.,Non si è preso in considerazione il prezzo.,Il prezzo non si è preso in considerazione.,,,,
36,s:r26-01b:e,translate,Reemplazá la pasiva por el si pasivante.,La settimana prossima tutte le finestre dovranno essere pulite.,La settimana prossima si dovranno pulire tutte le finestre.,La settimana prossima tutte le finestre si dovranno pulire.,,,,
36,s:r26-02b:a,choice,¿Si pasivante o si impersonal?,Dove si va stasera?,impersonale,,passivante | impersonale,,,
36,s:r26-02b:b,choice,¿Si pasivante o si impersonal?,Dove si portano i libri?,passivante,,passivante | impersonale,,,
36,s:r26-02b:c,choice,¿Si pasivante o si impersonal?,Dove si mette la TV?,passivante,,passivante | impersonale,,,
36,s:r26-02b:d,choice,¿Si pasivante o si impersonal?,Come si fa a chiamare l'Italia?,impersonale,,passivante | impersonale,,,
36,s:r26-02b:e,choice,¿Si pasivante o si impersonal?,Come si fanno gli spaghetti alla carbonara?,passivante,,passivante | impersonale,,,
36,s:r26-02b:f,choice,¿Si pasivante o si impersonal?,Come si dicono queste parole in tedesco?,passivante,,passivante | impersonale,,,
36,s:r26-02b:g,choice,¿Si pasivante o si impersonal?,Non si è pensato alla crisi.,impersonale,,passivante | impersonale,,,
36,s:r26-02b:h,choice,¿Si pasivante o si impersonal?,Non si sono potuti riparare i danni.,passivante,,passivante | impersonale,,,
37,a2-pr-01,choice,Elegí el passato remoto correcto.,Dante ___ la Divina Commedia.,scrisse,,scrisse | scriveva | ha scritto,,,
37,a2-pr-02,cloze,Completá con el passato remoto.,Loro ___ (fare) di tutto per aiutarci.,fecero,,,,,
37,a2-pr-03,cloze,Completá con el passato remoto.,Tu ___ (dire) la verità.,dicesti,,,,,
37,a2-pr-04,choice,Elegí la forma correcta.,"Appena ___ finito, uscimmo.",ebbe,,ebbe | aveva | ha,,,
37,a2-pr-05,choice,Elegí el uso correcto.,Stamattina ___ il caffè al bar.,ho preso,,ho preso | presi | prendevo,,,
37,b2-pass-01,choice,Elegí el tiempo correcto.,"Mentre ___, è suonato il telefono.",mangiavo,,mangiavo | ho mangiato | mangiai,,,
37,rf2-37-01,choice,Elegí la forma correcta.,Dante ___ a Firenze nel 1265.,nacque,,nacque | nascé | nasceva,,,
37,rf2-37-02,choice,Elegí la forma correcta.,Garibaldi ___ la Sicilia nel 1860.,conquistò,,conquistò | conquistà | conquistava,,,
37,rf2-37-03,cloze,Completá con el passato remoto.,"Quando ___ (vedere) la lettera, Maria pianse.",vide,,,,,
37,rf2-37-04,choice,Elegí la forma correcta.,Io ___ la verità solo molti anni dopo.,seppi,,seppi | sapei | sapetti,,,
37,rf2-37-05,cloze,Completá con el passato remoto.,I soldati ___ (partire) all'alba.,partirono,,,,,
37,rf2-37-06,choice,Elegí la forma correcta.,Tu ___ il primo a capirlo.,fosti,,fosti | fusti | fui,,,
37,rf2-37-07,cloze,Completá con el passato remoto.,Quella notte noi ___ (avere) molta paura.,avemmo,,,,,
37,rf2-37-08,choice,Elegí el trapassato remoto.,"Dopo che ___, uscirono.",ebbero mangiato,,ebbero mangiato | ebbero mangiati | furono mangiato,,,
37,rf2-37-09,choice,Elegí la forma correcta.,Lui ___ tutto e se ne andò.,disse,,disse | dicette | dicì,,,
37,rf2-37-10,cloze,Completá con el passato remoto.,Colombo ___ (arrivare) in America nel 1492.,arrivò,,,,,
37,rf2-37-11,choice,¿Qué forma es «fecero»?,Gli operai fecero sciopero per tre giorni.,passato remoto de fare,,passato remoto de fare | imperfetto de fare | futuro de fare,,,
37,rf2-37-12,cloze,Completá con el passato remoto.,Voi ___ (venire) troppo tardi.,veniste,,,,,
37,s:r02-11:c,cloze,Completá con la forma correcta: «di» o «di» + artículo (d' delante de vocal).,"Nel 1861 Vittorio Emanuele II, re ___ Sardegna, fu proclamato Re ___ Italia. (di/della – d'/dell')",di | d',di | di,,,,
37,s:r20-01f:a,cloze,Completá con la forma correcta del verbo. El trapassato remoto se usa una sola vez.,"Quando ___ di parlare, scoppiò a ridere. (finire)",ebbe finito,,,,,
37,s:r20-01f:c,cloze,Completá con la forma correcta del verbo. El trapassato remoto se usa una sola vez.,"Quando ___ squillare il campanello, Luciano si nascose subito. (sentire)",sentì,,,,,
37,s:r20-01g:a,cloze,¿Qué te dijeron que iba a pasar? Escribí las palabras exactas (estilo directo).,Mi ha detto che la sera quando aveva finito i compiti sarebbe andato al cinema. → ‘___’,"Stasera, quando avrò finito i compiti, andrò al cinema.","Stasera quando avrò finito i compiti andrò al cinema. | Stasera, quando ho finito i compiti, vado al cinema. | Stasera quando ho finito i compiti vado al cinema. | Stasera, quando avrò finito i compiti, vado al cinema. | Stasera quando avrò finito i compiti vado al cinema.",,,,
37,s:r20-01g:d,cloze,¿Qué te dijeron que iba a pasar? Escribí las palabras exactas (estilo directo).,Dichiarò che ogni volta che lo avesse visto fumare lo avrebbe sgridato. → ‘___’,Ogni volta che ti vedrò fumare ti sgriderò.,"Ogni volta che ti vedrò fumare, ti sgriderò. | Ogni volta che lo vedrò fumare lo sgriderò. | Ogni volta che lo vedrò fumare, lo sgriderò. | Ogni volta che ti vedo fumare ti sgrido.",,,,
37,s:r20-01g:e,cloze,¿Qué te dijeron que iba a pasar? Escribí las palabras exactas (estilo directo).,Mi ha fatto sapere che si doveva sposare una volta che si fosse laureata. → ‘___’,Mi devo sposare una volta che mi sarò laureata.,Devo sposarmi una volta che mi sarò laureata. | Mi dovrò sposare una volta che mi sarò laureata. | Dovrò sposarmi una volta che mi sarò laureata. | Mi devo sposare una volta che mi sono laureata. | Devo sposarmi una volta che mi sono laureata.,,,,
37,s:r20-01g:f,cloze,¿Qué te dijeron que iba a pasar? Escribí las palabras exactas (estilo directo).,"Mi ha detto che se riusciva a convincere la moglie, gli sarebbe piaciuto tornare l'anno dopo. → ‘___’","Se riesco a convincere mia moglie, mi piacerebbe tornare l'anno prossimo.","Se riesco a convincere mia moglie mi piacerebbe tornare l'anno prossimo. | Se riuscirò a convincere mia moglie, mi piacerebbe tornare l'anno prossimo. | Se riuscirò a convincere mia moglie mi piacerebbe tornare l'anno prossimo. | Se riesco a convincere mia moglie, mi piacerebbe tornare l'anno che viene. | Se riesco a convincere mia moglie mi piacerebbe tornare l'anno che viene.",,,,
37,s:r20-02d:a,cloze,"Contá lo que te dijeron, empezando con Disse che…","‘Se sei stanco devi riposarti, altrimenti non potrai uscire stasera.’ → Disse che ___.","se ero stanco dovevo riposarmi, altrimenti non avrei potuto uscire quella sera","se ero stanco dovevo riposarmi altrimenti non avrei potuto uscire quella sera | se ero stanca dovevo riposarmi, altrimenti non avrei potuto uscire quella sera | se ero stanca dovevo riposarmi altrimenti non avrei potuto uscire quella sera | se ero stanco, dovevo riposarmi, altrimenti non avrei potuto uscire quella sera",,,,
37,s:r20-02d:b,cloze,"Contá lo que te dijeron, empezando con Disse che…","‘Ogni volta che mi sento giù, chiamo mia sorella oppure vado a fare una passeggiata nel parco qui vicino.’ → Disse che ___.","ogni volta che si sentiva giù, chiamava sua sorella oppure andava a fare una passeggiata nel parco lì vicino","ogni volta che si sentiva giù chiamava sua sorella oppure andava a fare una passeggiata nel parco lì vicino | ogni volta che si sentiva giù, chiamava sua sorella o andava a fare una passeggiata nel parco lì vicino | ogni volta che si sentiva giù chiamava sua sorella o andava a fare una passeggiata nel parco lì vicino",,,,
37,s:r20-02d:c,cloze,"Contá lo que te dijeron, empezando con Disse che…","‘Non ho fatto niente dopo la laurea, ma quando ho incontrato mia moglie mi sono messo a lavorare.’ → Disse che ___.","non aveva fatto niente dopo la laurea, ma quando aveva incontrato sua moglie si era messo a lavorare","non aveva fatto niente dopo la laurea ma quando aveva incontrato sua moglie si era messo a lavorare | non aveva fatto nulla dopo la laurea, ma quando aveva incontrato sua moglie si era messo a lavorare | non aveva fatto nulla dopo la laurea ma quando aveva incontrato sua moglie si era messo a lavorare",,,,
37,s:r20-02d:d,cloze,"Contá lo que te dijeron, empezando con Disse che…",‘Quando ho perso il lavoro ero disperato e non sapevo cosa fare.’ → Disse che ___.,quando aveva perso il lavoro era disperato e non sapeva cosa fare,"quando aveva perso il lavoro, era disperato e non sapeva cosa fare | quando aveva perso il lavoro era disperato e non sapeva che cosa fare",,,,
37,s:r20-02d:e,cloze,"Contá lo que te dijeron, empezando con Disse che…","‘Non appena ho capito che non avrei trovato un lavoro in Italia, sono partito per l'Inghilterra.’ → Disse che ___.","non appena aveva capito che non avrebbe trovato un lavoro in Italia, era partito per l'Inghilterra","non appena aveva capito che non avrebbe trovato un lavoro in Italia era partito per l'Inghilterra | appena aveva capito che non avrebbe trovato un lavoro in Italia, era partito per l'Inghilterra | appena aveva capito che non avrebbe trovato un lavoro in Italia era partito per l'Inghilterra",,,,
38,rf2-38-01,choice,Pasalo a discurso indirecto.,"«Sono stanco», disse Luca. → Luca disse che ___ stanco.",era,,era | è stato | sarà,,,
38,rf2-38-02,choice,Pasalo a discurso indirecto.,"«Ho perso il treno», disse Anna. → Anna disse che ___ il treno.",aveva perso,,aveva perso | ha perso | perdeva,,,
38,rf2-38-03,choice,Pasalo a discurso indirecto.,"«Verrò domani», disse Paolo. → Paolo disse che ___ il giorno dopo.",sarebbe venuto,,sarebbe venuto | verrebbe | verrà,,,
38,rf2-38-04,choice,Pasalo a discurso indirecto.,"«Aspettami!», mi disse Carlo. → Carlo mi disse ___.",di aspettarlo,,di aspettarlo | che aspettami | aspettarlo,,,
38,rf2-38-05,cloze,Completá el discurso indirecto.,"«Abito qui», disse Marta. → Marta disse che abitava ___.",lì,là,,,,
38,rf2-38-06,choice,Pasalo a discurso indirecto.,"«Oggi piove», disse. → Disse che ___ pioveva.",quel giorno,,quel giorno | oggi | domani,,,
38,rf2-38-07,cloze,Completá el discurso indirecto: ¿cómo queda «domani»?,"«Domani parto», disse Gianni. → Gianni disse che sarebbe partito ___.",il giorno dopo,l'indomani | il giorno seguente,,,,
38,rf2-38-08,choice,Pasalo a pregunta indirecta.,Mi chiese: «Dove vai?» → Mi chiese dove ___.,andavo,,andavo | andrò | vadano,,,
38,rf2-38-09,translate,Traducí al italiano.,Dijo que estaba cansada.,Ha detto che era stanca,Disse che era stanca,,,,
38,rf2-38-10,choice,Pasalo a discurso indirecto.,"«Questo libro è mio», disse. → Disse che ___ libro era suo.",quel,,quel | questo | codesto,,,
38,rf2-38-11,choice,Pasalo a discurso indirecto.,"«Chiamerò più tardi», disse. → Disse che ___ più tardi.",avrebbe chiamato,,avrebbe chiamato | chiamerebbe | chiamerà,,,
38,rf2-38-12,cloze,Completá el discurso indirecto.,"«Studiate!», ci disse il professore. → Il professore ci disse ___.",di studiare,,,,,
38,s:r24-04d:a,cloze,Reportá lo que se dijo empezando con la frase dada: completá los verbos.,"Se cambierai lavoro, non ti parlerò mai più. → Mi ha detto che se io ___ lavoro non mi ___ mai più.",avessi cambiato | avrebbe parlato,cambiassi | avrebbe parlato,,,,
38,s:r24-04d:c,cloze,Reportá lo que se dijo empezando con la frase dada: completá los verbos.,Ti compreremo la macchina quando ti sposerai. → Hanno detto che gli ___ la macchina quando si ___.,avrebbero comprato | fosse sposato,avrebbero comprato | sarebbe sposato | avrebbero comprato | sposasse,,,,
38,s:r24-05c:a,cloze,"Reportá lo que dijeron estos analistas políticos, empezando con la frase dada. En c y d hay varias posibilidades.",«Dubito che il governo si dimetta domani.» → Fabio dubitava che il governo ___ il giorno dopo.,si dimettesse,,,,,
38,s:r24-05c:c,cloze,"Reportá lo que dijeron estos analistas políticos, empezando con la frase dada. En c y d hay varias posibilidades.",«Non è sicuro che il primo ministro abbia intenzione di accettare la proposta.» → Cinzia ha ritenuto che non ___ sicuro che il primo ministro ___ intenzione di accettare la proposta.,fosse | avesse,sia | abbia | fosse | abbia,,,,
38,s:r24-05c:d,cloze,"Reportá lo que dijeron estos analistas políticos, empezando con la frase dada. En c y d hay varias posibilidades.",«Direi che il partito abbia finalmente capito che non potrà vincere.» → Mara era del parere che il partito ___ finalmente capito che non ___ vincere.,avesse | avrebbe potuto,avesse | poteva | avesse | potesse,,,,
38,s:r24-05c:e,cloze,"Reportá lo que dijeron estos analistas políticos, empezando con la frase dada. En c y d hay varias posibilidades.","«Quando avremo risolto la situazione finanziaria, potremo finalmente andar avanti.» → Il ministro disse che quando ___ la situazione finanziaria ___ finalmente andare avanti.",avessero risolto | avrebbero potuto,avessero risolto | sarebbero potuti | avrebbero risolto | avrebbero potuto | avrebbero risolto | sarebbero potuti,,,,
39,c1-ipot-09,cloze,Completá con el verbo adecuado.,"Nel caso in cui ___ (piovere), la festa sarà rimandata.",piova,,,,,
39,d22-017,cloze,Completá con el congiuntivo trapassato. El auxiliar está indicado (auxiliar/verbo).,"Se lui ___ (avere/dire) di sì, ci sarei andata.",avesse detto,,,,,
39,d22-018,cloze,Completá con el congiuntivo trapassato. El auxiliar está indicado (auxiliar/verbo).,Vi avrei visitato se mi ___ (avere/dare) l’indirizzo.,aveste dato,,,,,
40,c1-caus-01,choice,Elegí la forma correcta.,___ riparare la macchina.,Ho fatto,,Ho fatto | Ho fatta | Sono fatto,,,
40,c1-caus-02,choice,¿Cómo se dice «se lo hice leer (a él)»?,___ ho fatto leggere.,Glielo,,Glielo | Lo gli | Gli,,,
40,c1-caus-03,choice,Elegí la diferencia correcta.,«Lascio parlare Marco» significa…,Dejo que Marco hable,,Dejo que Marco hable | Hago que Marco hable | Marco me deja hablar,,,
40,c1-caus-04,translate,Traducí al italiano.,Me corté el pelo (fui a la peluquería).,Mi sono fatto tagliare i capelli,Mi sono fatta tagliare i capelli,,,,
40,s:r27-01:a,choice,Necesitás ayuda para prepararlo todo: elegí a o da.,Farò fare la spesa ___ Massimo.,a,,a | da,,,
40,s:r27-01:b,choice,Necesitás ayuda para prepararlo todo: elegí a o da.,Farò decidere il menù ___ Cristina.,a,,a | da,,,
40,s:r27-01:c,choice,Necesitás ayuda para prepararlo todo: elegí a o da.,Mi farò portare il dolce ___ la pasticceria. (a + la / da + la),da,,a | da,,,
40,s:r27-01:d,choice,Necesitás ayuda para prepararlo todo: elegí a o da.,Farò scegliere il vino ___ Aldo.,a,,a | da,,,
40,s:r27-02:a,choice,Te mudás: ¿quién hace qué? Elegí a (alguien a quien le pedís un favor) o da (un profesional que presta el servicio).,Faremo sgomberare la cantina ___ Daniele.,a,,a | da,,,
40,s:r27-02:b,choice,Te mudás: ¿quién hace qué? Elegí a (alguien a quien le pedís un favor) o da (un profesional que presta el servicio).,Faremo ristrutturare la veranda ___ l'architetto. (a + l' / da + l'),da,,a | da,,,
40,s:r27-02:c,choice,Te mudás: ¿quién hace qué? Elegí a (alguien a quien le pedís un favor) o da (un profesional que presta el servicio).,Faremo pitturare le camere ___ l'imbianchino. (a + l' / da + l'),da,,a | da,,,
40,s:r27-02:d,choice,Te mudás: ¿quién hace qué? Elegí a (alguien a quien le pedís un favor) o da (un profesional que presta el servicio).,Facciamo decidere i colori ___ Maddalena.,a,,a | da,,,
40,s:r27-03:a,translate,Traducí al italiano con los verbos indicados (construcción causativa).,Voy a hacer regar el jardín. (far innaffiare),Farò innaffiare il giardino.,Farò annaffiare il giardino.,,,,
40,s:r27-03:b,translate,Traducí al italiano con los verbos indicados (construcción causativa).,Voy a hacer (o dejar) que los chicos rieguen el jardín.,Farò innaffiare il giardino ai bambini.,Lascerò innaffiare il giardino ai bambini. | Farò innaffiare il giardino ai ragazzi. | Lascerò innaffiare il giardino ai ragazzi. | Farò annaffiare il giardino ai bambini. | Lascerò che i bambini innaffino il giardino.,,,,
40,s:r27-03:c,translate,Traducí al italiano con los verbos indicados (construcción causativa).,Tiene que cortarse el pelo (en la peluquería). (far tagliare),Deve farsi tagliare i capelli.,Si deve far tagliare i capelli. | Ha bisogno di farsi tagliare i capelli.,,,,
40,s:r27-03:d,translate,Traducí al italiano con los verbos indicados (construcción causativa).,Tiene que hacerse cortar el pelo por Dina.,Deve farsi tagliare i capelli da Dina.,Si deve far tagliare i capelli da Dina. | Ha bisogno di farsi tagliare i capelli da Dina.,,,,
40,s:r27-03:e,translate,Traducí al italiano con los verbos indicados (construcción causativa).,Deberías hacer elegir los colores mañana. (far scegliere),Dovresti far scegliere i colori domani.,Domani dovresti far scegliere i colori.,,,,
40,s:r27-03:f,translate,Traducí al italiano con los verbos indicados (construcción causativa).,Deberías hacer que los demás elijan los colores.,Dovresti far scegliere i colori agli altri.,Dovresti fare scegliere i colori agli altri.,,,,
40,s:r27-04:a,choice,¿Pronombre directo o indirecto? Elegí la forma adecuada.,Se il computer è rotto perché non ___ fai riparare?,lo,,lo | gli,,,
40,s:r27-04:b,choice,¿Pronombre directo o indirecto? Elegí la forma adecuada.,La valigia è pesante. Bisogna far___ pesare.,la,,la | le,,,
40,s:r27-04:c,choice,¿Pronombre directo o indirecto? Elegí la forma adecuada.,"I suoceri sono simpatici, ___ farò venire per Natale.",li,,li | gli,,,
40,s:r27-04:d,choice,¿Pronombre directo o indirecto? Elegí la forma adecuada.,"Andrea mi è simpatico, ___ farò dormire a casa mia.",lo,,lo | gli,,,
40,s:r27-04:e,choice,¿Pronombre directo o indirecto? Elegí la forma adecuada.,"Gli operai sono pigri, ma ___ farò finire i lavori domani.",gli,,lo | gli,,,
40,s:r27-04:f,choice,¿Pronombre directo o indirecto? Elegí la forma adecuada.,"Angela è una bravissima cuoca, ___ farò portare un dolce stasera.",le,,la | le,,,
40,s:r27-04:g,choice,¿Pronombre directo o indirecto? Elegí la forma adecuada.,"A Luca piace la musica, domani ___ faccio sentire il mio nuovo CD.",gli,,lo | gli,,,
40,s:r27-04b:a,translate,Traducí al italiano con fare + infinitivo.,Voy a hacer que Barbara despache la carta.,Farò spedire la lettera da Barbara.,Farò spedire la lettera a Barbara. | Farò imbucare la lettera a Barbara. | Farò imbucare la lettera da Barbara. | Faccio spedire la lettera a Barbara. | Faccio imbucare la lettera a Barbara. | Faccio spedire la lettera da Barbara. | Faccio imbucare la lettera da Barbara.,,,,
40,s:r27-04b:b,translate,Traducí al italiano con fare + infinitivo.,Voy a hacer que Angelo compre el diario.,Farò comprare il giornale ad Angelo.,Farò comprare il giornale a Angelo. | Farò comprare il giornale da Angelo. | Faccio comprare il giornale ad Angelo.,,,,
40,s:r27-04b:c,translate,Traducí al italiano con fare + infinitivo.,Voy a hacer que Giacomo escriba la carta.,Farò scrivere la lettera da Giacomo.,Farò scrivere la lettera a Giacomo. | Faccio scrivere la lettera da Giacomo. | Faccio scrivere la lettera a Giacomo.,,,,
40,s:r27-04b:d,translate,Traducí al italiano con fare + infinitivo.,Voy a hacer que Patrizio lleve a Carla.,Farò accompagnare Carla da Patrizio.,Farò portare Carla da Patrizio. | Faccio accompagnare Carla da Patrizio.,,,,
40,s:r27-05:a,cloze,¿Quién lo hace? Completá con a o da (con artículo si hace falta).,"Non ho voglia di fare la cena. – Falla preparare ___ figli, allora.",ai,,,,,
40,s:r27-05:b,cloze,¿Quién lo hace? Completá con a o da (con artículo si hace falta).,Ho perso la chiave del portone. – Ma puoi farti aprire ___ portiere.,dal,,,,,
40,s:r27-05:c,cloze,¿Quién lo hace? Completá con a o da (con artículo si hace falta).,Il riscaldamento non funziona. – Perché non ti fai prestare una stufa ___ vicini?,dai,,,,,
40,s:r27-05:d,cloze,¿Quién lo hace? Completá con a o da (con artículo si hace falta).,Ho un mal di pancia tremendo. – Ma fatti dare qualcosa ___ farmacista.,dal,,,,,
40,s:r27-05:e,cloze,¿Quién lo hace? Completá con a o da (con artículo si hace falta).,"La bolletta del gas è molto salata. – Scusa, dovresti farla pagare ___ inquilini.",agli,,,,,
40,s:r27-05:f,cloze,¿Quién lo hace? Completá con a o da (con artículo si hace falta).,"Ho chiesto a Sandro di pagarmi la benzina. – Ma no, dovresti farti pagare ___ Luca.",da,,,,,
40,s:r27-05:g,cloze,¿Quién lo hace? Completá con a o da (con artículo si hace falta).,Mi ha offerto un prestito. – Stai attenta a non lasciarti ingannare ___ quel ladrone.,da,,,,,
40,s:r27-05:h,cloze,¿Quién lo hace? Completá con a o da (con artículo si hace falta).,"Anna si rifiuta di firmare la lettera. – Beh, puoi farla firmare ___ Enzo.",a,ad | da,,,,
40,s:r27-06:a,translate,Reemplazá los sustantivos indicados por los pronombres italianos adecuados.,"Non far cambiare la ruota a Luciano, Adriana lo sa fare. (reemplazá «la ruota» y «a Luciano») → ___, Adriana lo sa fare.",Non fargliela cambiare,Non gliela far cambiare | Non gliela fare cambiare,,,,
40,s:r27-06:b,translate,Reemplazá los sustantivos indicados por los pronombres italianos adecuados.,Dobbiamo lasciare decidere ai bambini. (reemplazá «ai bambini») → Dobbiamo ___ decidere.,lasciarli,lasciar loro | lasciare loro | lasciargli,,,,
40,s:r27-06:c,translate,Reemplazá los sustantivos indicados por los pronombres italianos adecuados.,Dovresti far fare i lavori all'architetto. (reemplazá «i lavori» y «all'architetto») → Dovresti ___.,farglieli fare,,,,,
40,s:r27-06:d,translate,Reemplazá los sustantivos indicados por los pronombres italianos adecuados.,Non lasciarti offendere da quelle ragazze. (reemplazá «quelle ragazze») → Non lasciarti offendere ___.,da loro,,,,,
40,s:r27-06b:a,translate,Consejos de tus amigos sobre tus hijos: completá en italiano. En e y f hay varias posibilidades.,___ studiare di più. (Hacelo…),Fallo,,,,,
40,s:r27-06b:c,translate,Consejos de tus amigos sobre tus hijos: completá en italiano. En e y f hay varias posibilidades.,___ tornare presto la sera. (Hacelos…),Falli,,,,,
40,s:r27-06b:e,translate,Consejos de tus amigos sobre tus hijos: completá en italiano. En e y f hay varias posibilidades.,___ uscire di più. (Dejala…),Lasciala,Falla,,,,
40,s:r27-06b:f,translate,Consejos de tus amigos sobre tus hijos: completá en italiano. En e y f hay varias posibilidades.,___ scegliere le materie che preferisce. (Dejala…),Lasciale,Lasciala | Falle,,,,
40,s:r27-07:a,cloze,Completá con el pronombre adecuado.,Tua figlia è sensibile – perché non ___ fai suonare l'arpa? (¿por qué no la hacés tocar el arpa?),le,,,,,
40,s:r27-07b:a,translate,Problemas de viaje: completá en italiano lo que pasó después.,C'è stato un incendio all'aeroporto: ___ (no nos dejaron salir / no pudimos salir),non ci hanno fatto partire,non ci hanno lasciato partire | non ci hanno lasciati partire | non ci hanno fatti partire | non siamo potuti partire,,,,
40,s:r27-07b:b,translate,Problemas de viaje: completá en italiano lo que pasó después.,C'è stato un incidente sull'autostrada: ___ (la policía no lo dejó pasar),la polizia non l'ha fatto passare,la polizia non lo ha fatto passare | la polizia non l'ha lasciato passare | la polizia non lo ha lasciato passare,,,,
40,s:r27-07b:c,translate,Problemas de viaje: completá en italiano lo que pasó después.,Avevo perso il biglietto d'imbarco: ___ (no me dejaron subir al avión – far salire su),non mi hanno fatto salire sull'aereo,non mi hanno fatta salire sull'aereo | non mi hanno lasciato salire sull'aereo | non mi hanno lasciata salire sull'aereo | non mi hanno fatto salire in aereo,,,,
40,s:r27-07b:d,translate,Problemas de viaje: completá en italiano lo que pasó después.,Ho imboccato una strada a senso unico: ___ (la policía me hizo dar la vuelta – tornare indietro),la polizia mi ha fatto tornare indietro,la polizia mi ha fatta tornare indietro,,,,
40,s:r27-09:a,translate,Traducí al italiano usando una construcción causativa con fare.,Hice pasar a Giuliano.,Ho fatto entrare Giuliano.,,,,,
40,s:r27-09:b,translate,Traducí al italiano usando una construcción causativa con fare.,Tiré el florero (sin querer).,Ho fatto cadere il vaso.,,,,,
40,s:r27-09:c,translate,Traducí al italiano usando una construcción causativa con fare.,Me hice prestar plata.,Mi sono fatto prestare dei soldi.,Mi sono fatta prestare dei soldi. | Mi sono fatto prestare soldi. | Mi sono fatta prestare soldi. | Mi sono fatto prestare del denaro. | Mi sono fatta prestare del denaro.,,,,
40,s:r27-09:d,translate,Traducí al italiano usando una construcción causativa con fare.,Se me cayó la bandeja.,Ho fatto cadere il vassoio.,,,,,
40,s:r27-09:e,translate,Traducí al italiano usando una construcción causativa con fare.,Se lo presenté a mis padres.,L'ho fatto conoscere ai miei genitori.,,,,,
40,s:r27-09:f,translate,Traducí al italiano usando una construcción causativa con fare.,Le hice notar que no había pagado.,Gli ho fatto notare che non aveva pagato.,Gli ho fatto presente che non aveva pagato. | Gli ho fatto ricordare che non aveva pagato. | Le ho fatto notare che non aveva pagato. | Le ho fatto presente che non aveva pagato.,,,,
41,c1-caus-05,choice,Elegí la forma correcta.,Dalla finestra ho visto Maria ___.,uscire,,uscire | di uscire | uscendo,,,
41,s:r27-01b:a,translate,Rutinas de la mañana: completá con verbos de percepción + infinitivo.,"La mattina alle 6, ___. (escucho sonar el despertador – la sveglia)",sento suonare la sveglia,sento la sveglia suonare,,,,
41,s:r27-01b:b,cloze,Rutinas de la mañana: completá con verbos de percepción + infinitivo.,Poi ___ e ___ in bagno. (veo a mi marido bajarse de la cama; ir – scendere dal letto),vedo mio marito scendere dal letto | andare,vedo scendere dal letto mio marito | andare,,,,
41,s:r27-01b:c,cloze,Rutinas de la mañana: completá con verbos de percepción + infinitivo.,___ e poi ___ in cucina. (lo escucho bañarse; bajar),lo sento fare la doccia | scendere,lo sento farsi la doccia | scendere,,,,
41,s:r27-01b:d,translate,Rutinas de la mañana: completá con verbos de percepción + infinitivo.,"Alle 7 scendo anch'io, in tempo per ___ casa. (verlo salir de – uscire di)",vederlo uscire di,,,,,
41,s:r27-01b:e,translate,Rutinas de la mañana: completá con verbos de percepción + infinitivo.,Dalla finestra ___. (lo veo subirse al auto e irse – salire in),lo vedo salire in macchina e partire,lo vedo salire in macchina e andare via | lo vedo salire in auto e partire | lo vedo salire in macchina e andarsene,,,,
41,s:r27-02b:a,translate,Gustos y deseos: completá en italiano con un verbo de percepción + infinitivo.,Il sabato mi piace ___. (ver jugar a mi equipo),vedere giocare la mia squadra,vedere la mia squadra giocare | guardare giocare la mia squadra,,,,
41,s:r27-02b:b,translate,Gustos y deseos: completá en italiano con un verbo de percepción + infinitivo.,Non mi piace ___. (ver fumar a Giulia),vedere Giulia fumare,vedere fumare Giulia,,,,
41,s:r27-02b:c,translate,Gustos y deseos: completá en italiano con un verbo de percepción + infinitivo.,Mi piacerebbe ___. (escuchar cantar al ruiseñor – l'usignolo),sentire cantare l'usignolo,sentire l'usignolo cantare | ascoltare l'usignolo cantare | ascoltare cantare l'usignolo,,,,
41,s:r27-02b:d,translate,Gustos y deseos: completá en italiano con un verbo de percepción + infinitivo.,Non ti piacerebbe ___? (ver llegar al primer ministro),vedere arrivare il Primo Ministro,vedere il Primo Ministro arrivare | guardare arrivare il Primo Ministro | vedere arrivare il presidente del Consiglio,,,,
41,s:r27-03b:a,translate,Traducí al italiano cuidando los tiempos verbales (vedere + che + verbo).,Veo a Livia que te está esperando en la esquina. (tu),Vedo Livia che ti aspetta all'angolo.,Vedo Livia aspettarti all'angolo. | Vedo Livia che ti sta aspettando all'angolo.,,,,
41,s:r27-03b:b,translate,Traducí al italiano cuidando los tiempos verbales (vedere + che + verbo).,Van a ver a Aldo que los espera en la estación de servicio. (voi – dal benzinaio),Vedrete Aldo che vi aspetta dal benzinaio.,Vedrete Aldo aspettarvi dal benzinaio.,,,,
41,s:r27-03b:c,translate,Traducí al italiano cuidando los tiempos verbales (vedere + che + verbo).,Acabo de ver a Mario que esperaba afuera.,Ho appena visto Mario che aspettava fuori.,Ho appena visto Mario aspettare fuori.,,,,
41,s:r27-03b:d,translate,Traducí al italiano cuidando los tiempos verbales (vedere + che + verbo).,Vimos a Daniele que esperaba el colectivo en la plaza.,Abbiamo visto Daniele che aspettava l'autobus in piazza.,Abbiamo visto Daniele aspettare l'autobus in piazza.,,,,
41,s:r27-03b:e,translate,Traducí al italiano cuidando los tiempos verbales (vedere + che + verbo).,Había visto a Marta y a Lucia que esperaban el tren en la estación.,Avevo visto Marta e Lucia che aspettavano il treno alla stazione.,Avevo visto Marta e Lucia che aspettavano il treno in stazione.,,,,
41,s:r27-03b:f,translate,Traducí al italiano cuidando los tiempos verbales (vedere + che + verbo).,Veíamos a Piero y a Gina que nos esperaban en el bar.,Vedevamo Piero e Gina che ci aspettavano al bar.,Vedevamo Piero e Gina che ci aspettavano nel bar.,,,,
41,s:r27-04c:a,translate,Hubo un robo. Formulá en italiano las preguntas del inspector (tratá de Lei).,¿Oyó ladrar al perro?,Ha sentito abbaiare il cane?,Ha sentito il cane abbaiare? | Ha sentito il cane che abbaiava?,,,,
41,s:r27-04c:b,translate,Hubo un robo. Formulá en italiano las preguntas del inspector (tratá de Lei).,¿Vio salir a los hombres?,Ha visto uscire gli uomini?,Ha visto gli uomini uscire? | Ha visto andare via gli uomini? | Ha visto partire gli uomini?,,,,
41,s:r27-04c:c,translate,Hubo un robo. Formulá en italiano las preguntas del inspector (tratá de Lei).,¿Los oyó dar un portazo? (sbattere),Li ha sentiti sbattere la porta?,,,,,
41,s:r27-04c:d,translate,Hubo un robo. Formulá en italiano las preguntas del inspector (tratá de Lei).,¿Oyó a los vecinos que pedían auxilio a gritos?,Ha sentito i vicini che gridavano aiuto?,Ha sentito i vicini gridare aiuto? | Ha sentito gridare aiuto i vicini? | Ha sentito i vicini che chiedevano aiuto?,,,,
41,s:r27-04d:a,cloze,Elegí la forma más natural o completá con stare a + infinitivo o stare + gerundio. En las dos oraciones para escribir valen las dos formas.,Di solito mia nonna stava tutto il giorno ___ (ascoltare) i pettegolezzi dei vicini.,ad ascoltare,a ascoltare | ascoltando,,,,
41,s:r27-04d:b,choice,Elegí la forma más natural o completá con stare a + infinitivo o stare + gerundio. En las dos oraciones para escribir valen las dos formas.,Sto qui sul terrazzo dell'albergo ___ gli elicotteri che sorvolano la città.,a guardare,,a guardare | guardando,,,
41,s:r27-04d:c,choice,Elegí la forma más natural o completá con stare a + infinitivo o stare + gerundio. En las dos oraciones para escribir valen las dos formas.,Staranno già alla stazione ___ partire il figlio.,a vedere,,vedendo | a vedere,,,
41,s:r27-04d:d,choice,Elegí la forma más natural o completá con stare a + infinitivo o stare + gerundio. En las dos oraciones para escribir valen las dos formas.,Mi piace stare in piazza ___ passare la gente.,a guardare,,a guardare | guardando,,,
41,s:r27-04d:e,cloze,Elegí la forma más natural o completá con stare a + infinitivo o stare + gerundio. En las dos oraciones para escribir valen las dos formas.,Mio nonno stava ___ (osservare) mio cugino che chiacchierava su Skype con la sua ragazza.,ad osservare,a osservare | osservando,,,,
41,s:r27-04d:f,choice,Elegí la forma más natural o completá con stare a + infinitivo o stare + gerundio. En las dos oraciones para escribir valen las dos formas.,Ci piaceva stare al sole ___ le onde infrangersi contro la scogliera.,ad ascoltare,,ascoltando | ad ascoltare,,,
41,s:r27-05b:a,translate,Traducí al italiano. Fijate en la diferencia entre acción completa (infinitivo) y acción en curso (che + imperfecto).,¿Ayer viste al abuelo trepar al árbol?,Ieri hai visto il nonno arrampicarsi sull'albero?,Hai visto ieri il nonno arrampicarsi sull'albero? | Ieri hai visto il nonno arrampicarsi all'albero? | Hai visto ieri il nonno arrampicarsi all'albero?,,,,
41,s:r27-05b:b,translate,Traducí al italiano. Fijate en la diferencia entre acción completa (infinitivo) y acción en curso (che + imperfecto).,¿Ayer escuchaste a la abuela que cantaba en la cocina?,Ieri hai sentito la nonna che cantava in cucina?,,,,,
41,s:r27-05b:c,translate,Traducí al italiano. Fijate en la diferencia entre acción completa (infinitivo) y acción en curso (che + imperfecto).,¿Anoche escucharon a los hinchas que alentaban al Inter?,Ieri sera avete sentito i fan che tifavano per l'Inter?,Ieri sera avete sentito i tifosi che tifavano per l'Inter?,,,,
41,s:r27-06c:a,translate,Una fiesta llena de gente: ¿dónde está cada uno? Completá en italiano.,"Davide e Silvio, dove sono? – ___ (Ahí están, llegando ahora.)",Eccoli che arrivano adesso,Eccoli che arrivano ora | Eccoli che arrivano,,,,
41,s:r27-06c:b,translate,Una fiesta llena de gente: ¿dónde está cada uno? Completá en italiano.,"Anna, dov'è andata a finire? – ___ (Ahí está, hablando con Nina.)",Eccola che parla con Nina,,,,,
41,s:r27-06c:c,translate,Una fiesta llena de gente: ¿dónde está cada uno? Completá en italiano.,"Non ho più visto Franco, dov'è? – ___ (¿No lo ves que se va con Gina?)",Non lo vedi che se ne va con Gina?,Non lo vedi che esce con Gina? | Non lo vedi uscire con Gina? | Non lo vedi andare via con Gina?,,,,
41,s:r27-06c:d,translate,Una fiesta llena de gente: ¿dónde está cada uno? Completá en italiano.,"Martina e Roberta sono già qui? – Certo, ___ (las vi llegar hace un rato)",le ho viste arrivare poco fa,le ho viste arrivare un momento fa | le ho viste arrivare poco tempo fa,,,,
42,s:r22-04:b,choice,¿Qué decís en cada situación? Elegí la expresión adecuada.,No podés creer lo que escuchás:,Non me lo dire!,Non dirmelo!,Non dimmelo! | Non me lo dire!,,,
42,s:r28-01:a,translate,Traducí al italiano (verbos seguidos de infinitivo sin preposición).,Quiero ayudarlo porque no puede pagar el alquiler.,Voglio aiutarlo perché non può pagare l'affitto.,Lo voglio aiutare perché non può pagare l'affitto.,,,,
42,s:r28-01:b,translate,Traducí al italiano (verbos seguidos de infinitivo sin preposición).,Tengo que verlo porque es fundamental tomar una decisión. (prendere una decisione),Devo vederlo perché è essenziale prendere una decisione.,Lo devo vedere perché è essenziale prendere una decisione. | Devo vederlo perché è fondamentale prendere una decisione. | Lo devo vedere perché è fondamentale prendere una decisione. | Devo vederlo perché è indispensabile prendere una decisione.,,,,
42,s:r28-01:c,translate,Traducí al italiano (verbos seguidos de infinitivo sin preposición).,Mejor andate ya porque no les gusta esperar. (tu),Faresti meglio ad andare adesso perché non gli piace aspettare.,Faresti meglio ad andartene adesso perché non gli piace aspettare. | Faresti meglio ad andare ora perché non gli piace aspettare. | Faresti meglio ad andare adesso perché a loro non piace aspettare. | Faresti meglio ad andartene ora perché non gli piace aspettare. | Faresti meglio ad andare subito perché non gli piace aspettare. | Faresti meglio ad andartene subito perché non gli piace aspettare.,,,,
42,s:r28-01:d,translate,Traducí al italiano (verbos seguidos de infinitivo sin preposición).,Parece una lástima quedarse en casa pero Marco odia viajar.,Sembra un peccato stare a casa ma Marco odia viaggiare.,Sembra un peccato rimanere a casa ma Marco odia viaggiare. | Sembra un peccato restare a casa ma Marco odia viaggiare.,,,,
42,s:r28-01:e,translate,Traducí al italiano (verbos seguidos de infinitivo sin preposición).,Non posso parlare adesso: ___ (¿te molesta llamar más tarde?),ti dispiace chiamare più tardi?,ti dispiace richiamare più tardi? | ti dispiacerebbe chiamare più tardi? | ti dispiace telefonare più tardi?,,,,
42,s:r28-01:f,translate,Traducí al italiano (verbos seguidos de infinitivo sin preposición).,"Mi dispiace dirlo, ma ___. (…estoy obligado a pagar la multa)",sono obbligato a pagare la multa,sono obbligata a pagare la multa | sono costretto a pagare la multa | sono costretta a pagare la multa,,,,
42,s:r28-01:g,translate,Traducí al italiano (verbos seguidos de infinitivo sin preposición).,Parece necesario pedir consejo porque nadie sabe cómo hacerlo. (chiedere consiglio),Sembra necessario chiedere consiglio perché nessuno sa come farlo.,,,,,
42,s:r28-01:h,cloze,Traducí al italiano (verbos seguidos de infinitivo sin preposición).,"___, ma ___. (Creo que puedo venir, pero no me interesa visitar el museo.)",Credo di poter venire | non mi interessa visitare il museo,Credo di potere venire | non mi interessa visitare il museo,,,,
42,s:r28-01b:a,translate,"Completá con a + infinitivo (finalidad, sucesión o simultaneidad). En la oración b también podría ir per.","È venuto ___ una telefonata, dopodiché è andato via. (…a hacer / e hizo)",a fare,,,,,
42,s:r28-01b:b,translate,"Completá con a + infinitivo (finalidad, sucesión o simultaneidad). En la oración b también podría ir per.","Sono venuto qui ___ una telefonata, ma il telefono è guasto. (…para hacer)",a fare,per fare,,,,
42,s:r28-01b:c,translate,"Completá con a + infinitivo (finalidad, sucesión o simultaneidad). En la oración b también podría ir per.",Siamo rimasti ___ la partita. (…a ver / y vimos),a vedere,a guardare,,,,
42,s:r28-01b:d,translate,"Completá con a + infinitivo (finalidad, sucesión o simultaneidad). En la oración b también podría ir per.",Si annoiavano ___ sempre le stesse canzoni. (…escuchando),a sentire,ad ascoltare | a ascoltare,,,,
42,s:r28-01b:e,translate,"Completá con a + infinitivo (finalidad, sucesión o simultaneidad). En la oración b también podría ir per.",Stavano alla finestra ___ le stelle. (…mirando),a guardare,,,,,
42,s:r28-01c:a,cloze,"Verbos de empezar, terminar, intentar y decidir: completá con di o a.",Comincia ___ piovere.,a,,,,,
42,s:r28-01c:b,cloze,"Verbos de empezar, terminar, intentar y decidir: completá con di o a.",Si è messo ___ gridare.,a,,,,,
42,s:r28-01c:c,cloze,"Verbos de empezar, terminar, intentar y decidir: completá con di o a.",Abbiamo finito ___ mangiare.,di,,,,,
42,s:r28-01c:d,cloze,"Verbos de empezar, terminar, intentar y decidir: completá con di o a.",Ha smesso ___ piovere.,di,,,,,
42,s:r28-01c:e,cloze,"Verbos de empezar, terminar, intentar y decidir: completá con di o a.",Ho provato ___ giustificarmi.,a,,,,,
42,s:r28-01c:f,cloze,"Verbos de empezar, terminar, intentar y decidir: completá con di o a.",Ha cercato ___ aiutarli.,di,,,,,
42,s:r28-01c:g,cloze,"Verbos de empezar, terminar, intentar y decidir: completá con di o a.",Ho tentato ___ persuaderli.,di,,,,,
42,s:r28-01c:h,cloze,"Verbos de empezar, terminar, intentar y decidir: completá con di o a.",Mi sono sforzato ___ studiare.,di,,,,,
42,s:r28-01c:i,cloze,"Verbos de empezar, terminar, intentar y decidir: completá con di o a.",Mi sono decisa ___ lasciarlo.,a,,,,,
42,s:r28-01c:j,cloze,"Verbos de empezar, terminar, intentar y decidir: completá con di o a.",Ho deciso ___ partire.,di,,,,,
42,s:r28-01d:a,translate,¿Qué estás haciendo? Traducí al italiano (estos verbos no llevan preposición).,Estoy esperando el tren.,Aspetto il treno.,Sto aspettando il treno.,,,,
42,s:r28-01d:b,translate,¿Qué estás haciendo? Traducí al italiano (estos verbos no llevan preposición).,Estoy buscando mi iPad.,Cerco il mio iPad.,Sto cercando il mio iPad.,,,,
42,s:r28-01d:c,translate,¿Qué estás haciendo? Traducí al italiano (estos verbos no llevan preposición).,Estoy escuchando la radio.,Ascolto la radio.,Sto ascoltando la radio.,,,,
42,s:r28-01d:d,translate,¿Qué estás haciendo? Traducí al italiano (estos verbos no llevan preposición).,Estoy mirando las fotos.,Guardo le foto.,Sto guardando le foto.,,,,
42,s:r28-01e:a,cloze,Completá con la preposición correcta (a o di).,Perché non la inviti ___ venire?,a,,,,,
42,s:r28-01e:b,cloze,Completá con la preposición correcta (a o di).,Perché non le chiedi ___ venire?,di,,,,,
42,s:r28-01e:c,cloze,Completá con la preposición correcta (a o di).,Lo devi costringere ___ pagare.,a,,,,,
42,s:r28-01e:d,cloze,Completá con la preposición correcta (a o di).,Gli devi ordinare ___ pagare.,di,,,,,
42,s:r28-01f:a,translate,Traducí al italiano cuidando la preposición de cada verbo.,Estoy preocupado por la salud de mi papá.,Sono preoccupato per la salute di mio padre.,Sono preoccupata per la salute di mio padre. | Mi preoccupo per la salute di mio padre.,,,,
42,s:r28-01f:b,translate,Traducí al italiano cuidando la preposición de cada verbo.,Pedí informes sobre él.,Mi sono informato su di lui.,Mi sono informata su di lui.,,,,
42,s:r28-01f:c,translate,Traducí al italiano cuidando la preposición de cada verbo.,Les agradecí las flores.,Li ho ringraziati per i fiori.,Li ho ringraziati dei fiori. | Le ho ringraziate per i fiori.,,,,
42,s:r28-01f:d,translate,Traducí al italiano cuidando la preposición de cada verbo.,No te preocupes por los detalles.,Non preoccuparti dei dettagli.,Non ti preoccupare dei dettagli. | Non preoccuparti per i dettagli. | Non ti preoccupare per i dettagli.,,,,
42,s:r28-01f:e,translate,Traducí al italiano cuidando la preposición de cada verbo.,Terminó siendo presidente.,Ha finito per diventare presidente.,Ha finito col diventare presidente. | Finì per diventare presidente. | Ha finito con il diventare presidente.,,,,
42,s:r28-01f:f,translate,Traducí al italiano cuidando la preposición de cada verbo.,Tenés que pedirle disculpas a Lino por tu comportamiento. (comportamento),Devi scusarti con Lino per il tuo comportamento.,Devi chiedere scusa a Lino per il tuo comportamento.,,,,
42,s:r28-01f:g,translate,Traducí al italiano cuidando la preposición de cada verbo.,Gracias por todo. Me alegra poder contar con vos.,Grazie di tutto. Sono contento di poter contare su di te.,Grazie di tutto. Sono contenta di poter contare su di te. | Grazie per tutto. Sono contento di poter contare su di te. | Grazie per tutto. Sono contenta di poter contare su di te.,,,,
42,s:r28-01f:h,translate,Traducí al italiano cuidando la preposición de cada verbo.,Se pasa todo el día navegando por internet.,Passa tutta la giornata a navigare in Internet.,Passa tutto il giorno a navigare in Internet. | Passa tutta la giornata a navigare su Internet. | Passa tutto il giorno a navigare su Internet. | Passa tutta la giornata a navigare in rete.,,,,
42,s:r28-01g:a,cloze,Completá con pensare + a o di (con artículo si hace falta).,Che cosa pensi ___ proposta? (¿Qué opinás de la propuesta?),della,,,,,
42,s:r28-01g:b,cloze,Completá con pensare + a o di (con artículo si hace falta).,Che cosa pensi ___ Bruno? (¿Qué opinás de Bruno?),di,,,,,
42,s:r28-01g:c,cloze,Completá con pensare + a o di (con artículo si hace falta).,Pensi ___ domani? (¿Estás pensando en mañana?),a,,,,,
42,s:r28-01g:d,cloze,Completá con pensare + a o di (con artículo si hace falta).,Che cosa pensi ___ fare? (¿Qué pensás hacer?),di,,,,,
42,s:r28-01g:e,cloze,Completá con pensare + a o di (con artículo si hace falta).,Hai pensato ___ Bruno? (¿Pensaste en Bruno?),a,,,,,
42,s:r28-01g:f,cloze,Completá con pensare + a o di (con artículo si hace falta).,Hai pensato ___ prenotare? (¿Te acordaste de reservar?),a,di,,,,
42,s:r28-02:a,translate,Traducí al italiano usando un verbo distinto en cada oración.,Me puse a estudiar los verbos.,Mi sono messo a studiare i verbi.,Mi sono messa a studiare i verbi.,,,,
42,s:r28-02:b,translate,Traducí al italiano usando un verbo distinto en cada oración.,Empecé a entenderlos.,Ho cominciato a capirli.,Ho iniziato a capirli. | Li ho cominciati a capire. | Ho incominciato a capirli.,,,,
42,s:r28-02:c,translate,Traducí al italiano usando un verbo distinto en cada oración.,Seguí estudiando hasta la medianoche.,Ho continuato a studiare fino a mezzanotte.,Ho continuato a studiare fino alla mezzanotte.,,,,
42,s:r28-02:d,translate,Traducí al italiano usando un verbo distinto en cada oración.,No logro dormir.,Non riesco a dormire.,,,,,
42,s:r28-02:e,translate,Traducí al italiano usando un verbo distinto en cada oración.,No llego a pagar. / No me alcanza para pagar.,Non ce la faccio a pagare.,Non riesco a pagare.,,,,
42,s:r28-02b:a,translate,¿Quién le paga a quién? Traducí al italiano.,Voy a pagar las bebidas y después voy a pagar el hotel.,Pagherò le bevande e poi pagherò l'albergo.,Pago le bevande e poi pago l'albergo. | Pagherò le bibite e poi pagherò l'albergo. | Pagherò le consumazioni e poi pagherò l'albergo. | Pagherò da bere e poi pagherò l'albergo.,,,,
42,s:r28-02b:b,translate,¿Quién le paga a quién? Traducí al italiano.,¿Podés pagarle al electricista? (l'elettricista),Puoi pagare l'elettricista?,,,,,
42,s:r28-02b:c,translate,¿Quién le paga a quién? Traducí al italiano.,Pago yo por María.,Pago io per Maria.,Pago per Maria. | Sto pagando per Maria.,,,,
42,s:r28-02b:d,translate,¿Quién le paga a quién? Traducí al italiano.,Le pagué 200 euros a Luca.,Ho pagato 200 euro a Luca.,Ho pagato a Luca 200 euro. | Ho pagato duecento euro a Luca.,,,,
42,s:r28-02b:e,translate,¿Quién le paga a quién? Traducí al italiano.,Le pagué el viaje a Sandra. (il viaggio),Ho pagato il viaggio a Sandra.,Ho pagato il viaggio di Sandra.,,,,
42,s:r28-02c:a,cloze,Completá con el pronombre italiano correcto y la preposición adecuada.,Ieri ___ ho proibito ___ uscire. (a él),gli | di,,,,,
42,s:r28-02c:b,cloze,Completá con el pronombre italiano correcto y la preposición adecuada.,Domani ___ convincerò ___ uscire. (a él),lo | a,,,,,
42,s:r28-02c:c,cloze,Completá con el pronombre italiano correcto y la preposición adecuada.,Ieri ___ ho chiesto ___ rimanere. (a ella),le | di,,,,,
42,s:r28-02c:d,cloze,Completá con el pronombre italiano correcto y la preposición adecuada.,Domani ___ costringerò ___ rimanere. (a ella),la | a,,,,,
42,s:r28-02d:a,translate,Traducí al italiano (credere y parlare con distintas preposiciones).,Podés creer lo que quieras.,Puoi credere quello che vuoi.,Puoi credere ciò che vuoi. | Puoi credere quel che vuoi. | Puoi credere a quello che vuoi.,,,,
42,s:r28-02d:b,translate,Traducí al italiano (credere y parlare con distintas preposiciones).,¿Le creés a Marina? ¿Le creés?,Credi a Marina? Le credi?,,,,,
42,s:r28-02d:c,translate,Traducí al italiano (credere y parlare con distintas preposiciones).,¿Creés en Dios?,Credi in Dio?,,,,,
42,s:r28-02d:d,translate,Traducí al italiano (credere y parlare con distintas preposiciones).,¿Te puedo hablar de Gianni?,Posso parlarti di Gianni?,Ti posso parlare di Gianni?,,,,
42,s:r28-02d:e,translate,Traducí al italiano (credere y parlare con distintas preposiciones).,¿Puedo hablar con Gianni?,Posso parlare con Gianni?,Posso parlare a Gianni?,,,,
42,s:r28-02d:f,translate,Traducí al italiano (credere y parlare con distintas preposiciones).,Me habló de su trabajo.,Mi ha parlato del suo lavoro.,Mi parlò del suo lavoro.,,,,
42,s:r28-03:a,translate,Traducí al italiano con los verbos indicados + di o a.,Me harté de esperar. (stufarsi),Mi sono stufato di aspettare.,Mi sono stufata di aspettare.,,,,
42,s:r28-03:b,translate,Traducí al italiano con los verbos indicados + di o a.,Me canso estudiando de noche. (stancarsi),Mi stanco a studiare la sera.,Mi stanco a studiare di sera. | Mi stanco a studiare di notte. | Mi stanco a studiare la notte.,,,,
42,s:r28-03:c,translate,Traducí al italiano con los verbos indicados + di o a.,¿No te da vergüenza engañar a la gente? (imbrogliare),Non ti vergogni di imbrogliare la gente?,Non ti vergogni a imbrogliare la gente?,,,,
42,s:r28-03:d,translate,Traducí al italiano con los verbos indicados + di o a.,Me da vergüenza haber engañado a Carla.,Mi vergogno di aver imbrogliato Carla.,Mi vergogno di avere imbrogliato Carla.,,,,
42,s:r28-03b:a,translate,Traducí al italiano con el verbo indicado.,Tomar hace mal al hígado.,Bere fa male al fegato.,,,,,
42,s:r28-03b:b,translate,Traducí al italiano con el verbo indicado.,Quiero mucho a mis abuelos. (voler bene),Voglio bene ai nonni.,Voglio bene ai miei nonni. | Voglio molto bene ai nonni. | Voglio molto bene ai miei nonni.,,,,
42,s:r28-03b:c,translate,Traducí al italiano con el verbo indicado.,Participé en un congreso interesante.,Ho partecipato a un convegno interessante.,Ho partecipato ad un convegno interessante. | Ho partecipato a un congresso interessante. | Ho partecipato ad un congresso interessante.,,,,
42,s:r28-03b:d,translate,Traducí al italiano con el verbo indicado.,Renuncié a la idea de mudarme. (rinunciare),Ho rinunciato all'idea di cambiare casa.,Ho rinunciato all'idea di traslocare. | Ho rinunciato all'idea di trasferirmi.,,,,
42,s:r28-03c:a,translate,Traducí al italiano con el verbo indicado.,Le dije a Simona que viniera más tarde. (dire),Ho detto a Simona di venire più tardi.,,,,,
42,s:r28-03c:b,translate,Traducí al italiano con el verbo indicado.,Invité a Angelo a venir. (invitare),Ho invitato Angelo a venire.,,,,,
42,s:r28-03c:c,translate,Traducí al italiano con el verbo indicado.,Le pedí a Martina que se fuera. (chiedere),Ho chiesto a Martina di andarsene.,Ho chiesto a Martina di partire. | Ho chiesto a Martina di andare via.,,,,
42,s:r28-03c:d,translate,Traducí al italiano con el verbo indicado.,Le recordé a Susi que llamara. (ricordare),Ho ricordato a Susi di telefonare.,Ho ricordato a Susi di chiamare.,,,,
42,s:r28-03c:e,translate,Traducí al italiano con el verbo indicado.,Obligó a Susi a llamar. (costringere),Ha costretto Susi a telefonare.,Ha costretto Susi a chiamare.,,,,
42,s:r28-03c:f,translate,Traducí al italiano con el verbo indicado.,Le rogó a Fabrizio que escribiera. (pregare),Ha pregato Fabrizio di scrivere.,,,,,
43,c1-nonfin-04,choice,Elegí la forma correcta.,"Dopo ___ mangiato, siamo usciti.",aver,,aver | avere di | essere,,,
43,s:r23-01:a,translate,Completá la oración en italiano según lo indicado entre paréntesis.,Hanno finito di ___? (…trabajar),lavorare,,,,,
43,s:r23-01:b,translate,Completá la oración en italiano según lo indicado entre paréntesis.,Ieri ha cominciato a ___. (…llover),piovere,,,,,
43,s:r23-01:c,translate,Completá la oración en italiano según lo indicado entre paréntesis.,Non devi partire ___. (…sin pagar),senza pagare,,,,,
43,s:r23-01:d,translate,Completá la oración en italiano según lo indicado entre paréntesis.,Ti vedrò ___. (…antes de irme),prima di partire,prima di andarmene | prima di andare via,,,,
43,s:r23-01:e,translate,Completá la oración en italiano según lo indicado entre paréntesis.,Non so ___. (…cómo agradecerte),come ringraziarti,,,,,
43,s:r23-01:f,translate,Completá la oración en italiano según lo indicado entre paréntesis.,Bisogna ___. (…cambiar de tren en Milán),cambiare treno a Milano,,,,,
43,s:r23-01:g,cloze,Completá la oración en italiano según lo indicado entre paréntesis.,Che strano ___! (tu) / Che strano ___! (voi) (…verte acá / verlos acá),vederti qui | vedervi qui,vederti qua | vedervi qua,,,,
43,s:r23-01:h,translate,Completá la oración en italiano según lo indicado entre paréntesis.,Mio figlio mi ha detto ___. (…adónde ir),dove andare,,,,,
43,s:r23-01b:a,cloze,«Estoy contento de haber…»: completá con el infinitivo compuesto.,Sono contento di ___. (pagare i debiti),aver pagato i debiti,avere pagato i debiti,,,,
43,s:r23-01b:b,cloze,«Estoy contento de haber…»: completá con el infinitivo compuesto.,Sono contento di ___. (ricevere il pacco),aver ricevuto il pacco,avere ricevuto il pacco,,,,
43,s:r23-01b:c,cloze,«Estoy contento de haber…»: completá con el infinitivo compuesto.,Sono contento di ___. (uscire con te),essere uscito con te,essere uscita con te,,,,
43,s:r23-01b:d,cloze,«Estoy contento de haber…»: completá con el infinitivo compuesto.,Sono contento di ___. (divertirsi),essermi divertito,essermi divertita,,,,
43,s:r23-02:a,translate,Traducí al italiano.,Me gusta viajar en tren.,Mi piace viaggiare in treno.,,,,,
43,s:r23-02:b,translate,Traducí al italiano.,Estoy pensando en irme.,Penso di partire.,Sto pensando di partire. | Penso di andarmene. | Sto pensando di andarmene. | Penso di andare via. | Sto pensando di andare via.,,,,
43,s:r23-02:c,cloze,Traducí al italiano.,tu: ___ · Lei: ___ (Espero verte pronto / Espero verlo pronto),spero di vederti presto | spero di vederla presto,spero di vederti presto | spero di vederLa presto,,,,
43,s:r23-02:d,translate,Traducí al italiano.,Dudo poder venir.,Dubito di poter venire.,Dubito di potere venire.,,,,
43,s:r23-03:a,translate,Traducí al italiano (mismo sujeto: di + infinitivo).,Paolo cree que está enfermo.,Paolo crede di essere malato.,,,,,
43,s:r23-03:b,translate,Traducí al italiano (mismo sujeto: di + infinitivo).,Manuela no cree que pueda venir.,Manuela non crede di poter venire.,Manuela non crede di potere venire.,,,,
43,s:r23-03:c,translate,Traducí al italiano (mismo sujeto: di + infinitivo).,Qué lástima tener que irme.,Che peccato dover partire.,Peccato dover partire. | Che peccato dovermene andare. | Che peccato dover andare via.,,,,
43,s:r23-03:d,translate,Traducí al italiano (mismo sujeto: di + infinitivo).,Gigi está pensando en venir.,Gigi pensa di venire.,Gigi sta pensando di venire.,,,,
43,s:r23-04:a,translate,Completá en italiano con el infinitivo compuesto.,Che sollievo ___! (…haber encontrado las llaves),aver trovato le chiavi,avere trovato le chiavi,,,,
43,s:r23-04:b,translate,Completá en italiano con el infinitivo compuesto.,È un peccato ___. (…no haber ido),non esserci andato,non esserci andata | non esserci andati | non esserci andate | non essere andato | non essere andata | non essere andati | non essere andate,,,,
43,s:r23-04:c,translate,Completá en italiano con el infinitivo compuesto.,Dubito di ___. (…haber entendido),aver capito,avere capito,,,,
43,s:r23-04:d,translate,Completá en italiano con el infinitivo compuesto.,Mi dispiace ___. (…haber tenido que irme – dover partire),di aver dovuto partire,di avere dovuto partire | aver dovuto partire | di essere dovuto partire | di essere dovuta partire,,,,
43,s:r23-05:a,translate,¿Infinitivo simple o compuesto? Traducí al italiano.,Salí sin desayunar.,Sono uscito senza fare colazione.,Sono uscita senza fare colazione. | Sono uscito senza aver fatto colazione. | Sono uscita senza aver fatto colazione.,,,,
43,s:r23-05:b,translate,¿Infinitivo simple o compuesto? Traducí al italiano.,Se fueron sin haber pagado.,Sono partiti senza aver pagato.,Se ne sono andati senza aver pagato. | Sono andati via senza aver pagato. | Sono partiti senza pagare. | Se ne sono andati senza pagare. | Sono partite senza aver pagato.,,,,
43,s:r23-05:c,translate,¿Infinitivo simple o compuesto? Traducí al italiano.,Gracias por ayudarnos.,Grazie di averci aiutato.,Grazie per averci aiutato. | Grazie di averci aiutati. | Grazie per averci aiutati.,,,,
43,s:r23-05:d,translate,¿Infinitivo simple o compuesto? Traducí al italiano.,Voy a ir a verte después de hablar con él.,Verrò a trovarti dopo avergli parlato.,Ti verrò a trovare dopo avergli parlato. | Verrò a trovarti dopo aver parlato con lui. | Ti verrò a trovare dopo aver parlato con lui. | Verrò a vederti dopo avergli parlato. | Vengo a trovarti dopo avergli parlato. | Vengo a trovarti dopo aver parlato con lui. | Ti vengo a trovare dopo avergli parlato. | Ti vengo a trovare dopo aver parlato con lui.,,,,
43,s:r23-06:a,translate,Traducí al italiano con infinitivo simple o compuesto según corresponda.,Creo que me voy el lunes.,Credo di partire lunedì.,Penso di partire lunedì.,,,,
43,s:r23-06:b,translate,Traducí al italiano con infinitivo simple o compuesto según corresponda.,Creo que me fui el lunes pasado.,Credo di essere partito lunedì scorso.,Credo di essere partita lunedì scorso.,,,,
43,s:r23-06:c,translate,Traducí al italiano con infinitivo simple o compuesto según corresponda.,Estoy feliz de verlo mañana.,Sono felice di vederlo domani.,Sono contento di vederlo domani.,,,,
43,s:r23-06:d,translate,Traducí al italiano con infinitivo simple o compuesto según corresponda.,Estoy feliz de haberlo visto ayer.,Sono felice di averlo visto ieri.,,,,,
43,s:r23-06:e,translate,Traducí al italiano con infinitivo simple o compuesto según corresponda.,No me puedo casar antes de terminar los estudios.,Non posso sposarmi prima di finire gli studi.,Non mi posso sposare prima di finire gli studi.,,,,
43,s:r23-06:f,translate,Traducí al italiano con infinitivo simple o compuesto según corresponda.,No me puedo casar antes de haber terminado los estudios.,Non posso sposarmi prima di aver finito gli studi.,Non mi posso sposare prima di aver finito gli studi. | Non posso sposarmi prima di avere finito gli studi.,,,,
43,s:r23-07:a,translate,Traducí al italiano (mismo sujeto: di + infinitivo compuesto).,Dice que terminó.,Dice di aver finito.,Dice di avere finito.,,,,
43,s:r23-07:b,translate,Traducí al italiano (mismo sujeto: di + infinitivo compuesto).,Me acuerdo de que llamé temprano.,Mi ricordo di aver chiamato presto.,Ricordo di aver chiamato presto. | Mi ricordo di aver telefonato presto. | Ricordo di aver telefonato presto.,,,,
43,s:r23-07:c,translate,Traducí al italiano (mismo sujeto: di + infinitivo compuesto).,Creen que entendieron.,Credono di aver capito.,Pensano di aver capito. | Credono di avere capito.,,,,
43,s:r23-07:d,translate,Traducí al italiano (mismo sujeto: di + infinitivo compuesto).,Le dio pena no haber ayudado. (le è dispiaciuto),Le è dispiaciuto di non aver aiutato.,Le è dispiaciuto non aver aiutato. | Le è dispiaciuto di non avere aiutato.,,,,
43,s:r23-08:a,translate,Completá en italiano con a + infinitivo (no con gerundio).,Sta a letto tutta la giornata ___. (…leyendo novelas),a leggere romanzi,,,,,
43,s:r23-08:b,translate,Completá en italiano con a + infinitivo (no con gerundio).,Erano seduti intorno al tavolo ___. (…jugando al bridge),a giocare a bridge,,,,,
43,s:r23-08:c,translate,Completá en italiano con a + infinitivo (no con gerundio).,Hanno passato la giornata ___. (…arreglando el auto),a riparare la macchina,ad aggiustare la macchina | a riparare l'auto | ad aggiustare l'auto,,,,
43,s:r23-08:d,translate,Completá en italiano con a + infinitivo (no con gerundio).,Era distesa sul divano ___. (…comiendo bombones),a mangiare cioccolatini,,,,,
44,c1-nonfin-01,choice,Elegí la forma correcta.,"___ molto, ha imparato l'italiano in fretta.",Studiando,,Studiando | Studiare | Studiato,,,
44,c1-nonfin-02,choice,Elegí la forma correcta.,"Pur ___ stanco, ha continuato.",essendo,,essendo | essere | stato,,,
44,c1-nonfin-03,choice,Elegí la forma correcta.,"___ la lettera, uscì di casa.",Scritta,,Scritta | Scrivendo | Scrivere,,,
44,c1-nonfin-05,translate,Traducí al italiano.,Sigo estudiando italiano.,Continuo a studiare l'italiano,Continuo a studiare italiano | Sto continuando a studiare l'italiano,,,,
44,c1-nonfin-06,choice,Elegí la forma correcta (mientras esperaba).,"___ il treno, ho letto il giornale.",Aspettando,,Aspettando | Avendo aspettato | Aspettato,,,
44,c1-part-01,cloze,Completá la terminación del participio.,Le ragazze sono arriva___ tardi.,te,,,,,
44,c1-part-02,cloze,Completá la terminación del participio.,Ho visto le ragazze. → Le ho vist___.,e,,,,,
44,c1-part-03,choice,Elegí la forma correcta.,Ho ___ le ragazze.,visto,,visto | viste | vista,,,
44,c1-part-04,cloze,Completá la terminación.,Maria si è lava___ le mani.,ta,te,,,,
44,c1-part-05,choice,Elegí la forma más usual en el italiano actual.,Quella è la lettera che ho ___ ieri.,scritto,,scritto | scritta,,,
44,rf2-44-01,choice,Elegí la forma correcta.,"___ la strada, ho visto un incidente.",Attraversando,,Attraversando | Attraversato | Attraversare,,,
44,rf2-44-02,choice,Elegí la forma correcta.,"___ i compiti, siamo usciti.",Finiti,,Finiti | Finendo | Finire,,,
44,rf2-44-03,cloze,Completá con el gerundio.,"___ (fare) sport, si sta meglio.",Facendo,,,,,
44,rf2-44-04,choice,Elegí la forma correcta.,"Pur ___ molto, non è ingrassato.",mangiando,,mangiando | mangiato | mangiare,,,
44,rf2-44-05,choice,Elegí la forma correcta.,"___ tardi, non abbiamo trovato posto.",Essendo arrivati,,Essendo arrivati | Avendo arrivato | Arrivando stati,,,
44,rf2-44-06,cloze,Completá con el participio pasado.,"___ (dire) questo, se ne andò.",Detto,,,,,
44,rf2-44-07,translate,Traducí al italiano.,Estudiando se aprende.,Studiando si impara,Studiando s'impara,,,,
44,rf2-44-08,choice,Elegí la forma correcta.,"___ la lettera, la mise in tasca.",Letta,,Letta | Letto | Leggendo,,,
44,rf2-44-09,choice,Elegí la forma correcta.,"Avendo ___ tutto, se ne andò.",detto,,detto | dicendo | dire,,,
44,rf2-44-10,cloze,Completá con el gerundio.,Sto ___ (leggere) un bel libro.,leggendo,,,,,
44,rf2-44-11,translate,Traducí al italiano.,"Terminada la reunión, nos fuimos.","Finita la riunione, siamo andati via","Finita la riunione, ce ne siamo andati | Finita la riunione, siamo usciti | Terminata la riunione, siamo andati via | Terminata la riunione, ce ne siamo andati",,,,
44,rf2-44-12,choice,Elegí la forma correcta.,"Non ___ capito, ha chiesto di nuovo.",avendo,,avendo | essendo | avuto,,,
44,s:r23-01c:a,cloze,¿Cómo lo hacés? Respondé con el gerundio de los verbos indicados.,"Che bella casa. Come hai fatto a comprarla? – ___ come un matto e ___ la metà dello stipendio. (lavorare, risparmiare)",Lavorando | risparmiando,,,,,
44,s:r23-01c:b,cloze,¿Cómo lo hacés? Respondé con el gerundio de los verbos indicados.,"Studi tanto di notte, come fai a resistere? – ___ caffè e ___ come un turco! (bere, fumare)",Bevendo | fumando,,,,,
44,s:r23-01c:c,cloze,¿Cómo lo hacés? Respondé con el gerundio de los verbos indicados.,"Gli affari vanno benissimo, come ha fatto? – ___ il mercato e ___ un servizio sempre migliore. (studiare, offrire)",Studiando | offrendo,,,,,
44,s:r23-01d:a,translate,"Hacé la oración más concisa: reemplazá la subordinada temporal (una volta che…, appena…) por un participio pasado.","Una volta che aveva fatto la spesa Luisa è tornata a casa. → ___, Luisa è tornata a casa.",Fatta la spesa,,,,,
44,s:r23-01d:b,translate,"Hacé la oración más concisa: reemplazá la subordinada temporal (una volta che…, appena…) por un participio pasado.","Appena saranno finite le lezioni, andremo in centro. → ___, andremo in centro.",Finite le lezioni,,,,,
44,s:r23-01d:c,translate,"Hacé la oración más concisa: reemplazá la subordinada temporal (una volta che…, appena…) por un participio pasado.","Una volta che siete arrivati in albergo, mi dovete chiamare. → ___, mi dovete chiamare.",Arrivati in albergo,Arrivate in albergo,,,,
44,s:r23-01d:d,translate,"Hacé la oración más concisa: reemplazá la subordinada temporal (una volta che…, appena…) por un participio pasado.","Appena hai passato il ponte e la farmacia, troverai la strada a destra. → ___, troverai la strada a destra.",Passati il ponte e la farmacia,,,,,
44,s:r23-03b:a,translate,Completá en italiano con un participio absoluto.,"___, hanno potuto partire. (Una vez arreglado el auto…)",Riparata la macchina,Una volta riparata la macchina | Aggiustata la macchina | Riparata l'auto,,,,
44,s:r23-03b:b,translate,Completá en italiano con un participio absoluto.,"___, sono tutti tornati a casa. (Cuando zarpó el barco…)",Partita la barca,Partita la nave,,,,
44,s:r23-03b:c,translate,Completá en italiano con un participio absoluto.,"___, Marinella si ammalò. (Después de recibir la mala noticia…)",Ricevuta la brutta notizia,Ricevuta la cattiva notizia | Dopo aver ricevuto la brutta notizia | Dopo aver ricevuto la cattiva notizia,,,,
45,c1-ne-04,choice,Elegí la traducción correcta de «me voy de aquí».,___ vado.,Me ne,,Me ne | Mi ne | Ne mi,,,
45,c1-ne-05,translate,Traducí al italiano.,No puedo más. (usá «farcela»),Non ce la faccio più,,,,,
45,rf-46-01,choice,Elegí la forma correcta.,"Se la festa non ti piace, ___ pure.",vattene,,vattene | vatti | vanno,,,
45,rf-46-02,choice,Elegí el futuro de «farcela» (noi).,"Non preoccuparti, ce la ___.",faremo,,faremo | faremmo | facciamo,,,
45,rf-46-03,choice,Elegí la forma correcta.,Ce l'ha ___ me perché non l'ho invitato.,con,,con | a | per,,,
45,rf-46-04,choice,Elegí la forma correcta.,Non te la ___: era solo una battuta.,prendere,,prendere | prendi | prende,,,
45,rf-46-05,choice,Elegí la forma correcta.,All'esame di storia Giulia se l'è ___ bene.,cavata,,cavata | cavato | cavati,,,
45,rf-46-06,choice,Elegí la forma correcta.,Per fare un buon ragù ___ almeno tre ore.,ci vogliono,,ci vogliono | ci mettono | ci vuole,,,
45,rf-46-07,choice,"Elegí la forma correcta (vos, cuánto tardás).",Quanto tempo ___ per arrivare in ufficio?,ci metti,,ci metti | ci vuoi | ti vuole,,,
45,rf-46-08,choice,Elegí la forma correcta.,Stavo ___ uscire quando hai chiamato.,per,,per | a | di,,,
45,rf-46-09,choice,Elegí la forma correcta.,"Dopo tanto discutere, ___ per accettare.",ha finito,,ha finito | ha smesso | si è messo,,,
45,rf-46-10,choice,Elegí la forma correcta.,"Appena ha saputo la notizia, si è messo ___ piangere.",a,,a | di | per,,,
45,rf-46-11,cloze,Completá con el passato prossimo de «andarsene».,Luisa ___ senza salutare.,se n'è andata,se ne è andata,,,,
45,rf-46-12,cloze,Completá con el passato prossimo de «farcela» (noi).,Alla fine ___ a prendere l'ultimo treno.,ce l'abbiamo fatta,ce la abbiamo fatta,,,,
45,rf-46-13,cloze,Completá con el presente de «farcela» (io).,Non ___ più con questo caldo.,ce la faccio,,,,,
45,rf-46-14,cloze,Completá con el presente de «avercela» (tu).,Perché ___ con me?,ce l'hai,,,,,
45,rf-46-15,cloze,Completá con el presente de «volerci».,Con i bambini ci ___ tanta pazienza.,vuole,,,,,
45,rf-46-16,cloze,Completá con el presente de «metterci» (voi).,Quanto ___ ad arrivare a Mar del Plata?,ci mettete,,,,,
45,rf-46-17,choice,¿Qué significa «smettila»?,Smettila di fare lo scemo!,"cortala, basta",,"cortala, basta | sacátelo | ponételo",,,
45,rf-46-18,choice,¿Qué significa?,Delle sue critiche me ne infischio.,me importan un pepino,,me importan un pepino | me dan miedo | me voy enseguida,,,
45,rf-46-19,choice,Elegí la forma correcta.,Non stare lì ___ guardarmi: aiutami!,a,,a | per | di,,,
45,rf-46-20,choice,Elegí la forma correcta.,Non me la ___ di guidare di notte.,sento,,sento | sente | sentono,,,
45,rf-46-21,choice,Elegí la forma correcta.,Se la prende ___: arriva sempre in ritardo.,comoda,,comoda | comodo | comodamente,,,
45,rf-46-22,translate,Traducí al italiano.,"Me voy, se hizo tarde.","Me ne vado, si è fatto tardi","Me ne vado: si è fatto tardi | Me ne vado si è fatto tardi | Me ne vado, è tardi | Vado via, si è fatto tardi",,,,
45,rf-46-23,translate,Traducí al italiano.,No te enojes conmigo.,Non prendertela con me,Non te la prendere con me | Non arrabbiarti con me | Non ti arrabbiare con me,,,,
45,rf-46-24,translate,Traducí al italiano.,Estaba por llamarte.,Stavo per chiamarti,Stavo per telefonarti,,,,
45,rf-46-25,translate,Traducí al italiano.,Se necesitan dos horas para llegar.,Ci vogliono due ore per arrivare,Servono due ore per arrivare | Occorrono due ore per arrivare,,,,
45,s:r07-10b:e,translate,"Traducí al italiano usando andarsene, fregarsene, sentirsela, prendersela o cavarsela.",Me las arreglé en el examen. (all'esame),Me la sono cavata all'esame.,,,,,
45,s:r25-01:a,translate,Traducí al italiano: la mitad de las oraciones no son reflexivas.,Se lavó.,Si è lavato.,Si è lavata.,,,,
45,s:r25-01:b,translate,Traducí al italiano: la mitad de las oraciones no son reflexivas.,Lavó el auto.,Ha lavato la macchina.,Ha lavato l'auto. | Lavò la macchina.,,,,
45,s:r25-01:c,translate,Traducí al italiano: la mitad de las oraciones no son reflexivas.,Vestí a mi hija.,Ho vestito mia figlia.,,,,,
45,s:r25-01:d,translate,Traducí al italiano: la mitad de las oraciones no son reflexivas.,Me vestí.,Mi sono vestito.,Mi sono vestita.,,,,
45,s:r25-01:e,translate,Traducí al italiano: la mitad de las oraciones no son reflexivas.,Nos besamos.,Ci siamo baciati.,Ci siamo baciate.,,,,
45,s:r25-01:f,translate,Traducí al italiano: la mitad de las oraciones no son reflexivas.,Nos besaron.,Ci hanno baciato.,Ci hanno baciati. | Ci hanno baciate.,,,,
45,s:r25-01:g,translate,Traducí al italiano: la mitad de las oraciones no son reflexivas.,Me sentí mal.,Mi sono sentito male.,Mi sono sentita male. | Sono stato male. | Sono stata male.,,,,
45,s:r25-01:h,translate,Traducí al italiano: la mitad de las oraciones no son reflexivas.,Sentí un dolor.,Ho sentito un dolore.,,,,,
45,s:r25-01b:a,cloze,"Completá las preguntas con el verbo indicado y, si hace falta, el pronombre adecuado.","Fabrizio, ___ due fette di prosciutto? (bastare)",ti bastano,,,,,
45,s:r25-01b:b,cloze,"Completá las preguntas con el verbo indicado y, si hace falta, el pronombre adecuado.","Flavia, ___ altro? (servire)",ti serve,,,,,
45,s:r25-01b:c,cloze,"Completá las preguntas con el verbo indicado y, si hace falta, el pronombre adecuado.","Signor Mancini, ___ qualcosa? (mancare)",le manca,,,,,
45,s:r25-01b:d,cloze,"Completá las preguntas con el verbo indicado y, si hace falta, el pronombre adecuado.","Nino e Sandro, ___ andare in aereo? (convenire)",vi conviene,,,,,
45,s:r25-01b:e,cloze,"Completá las preguntas con el verbo indicado y, si hace falta, el pronombre adecuado.","Lidia, se non capisci ___ chiedere aiuto. (bastare)",basta,ti basta,,,,
45,s:r25-01b:f,cloze,"Completá las preguntas con el verbo indicado y, si hace falta, el pronombre adecuado.","Signori, ___ stare molto attenti. (bisognare)",bisogna,,,,,
45,s:r25-02:a,translate,Traducí al italiano: en cada caso las dos versiones en castellano se dicen igual en italiano.,¿A ella le gusta viajar? / ¿A usted le gusta viajar?,Le piace viaggiare?,,,,,
45,s:r25-02:b,translate,Traducí al italiano: en cada caso las dos versiones en castellano se dicen igual en italiano.,¿A él le gustan las películas japonesas? / ¿A ellos les gustan las películas japonesas?,Gli piacciono i film giapponesi?,,,,,
45,s:r25-03:a,translate,Respondé las preguntas traduciendo al italiano.,"Franco, ti piace il nuovo corso? – Sì, ___. (me gusta mucho)",mi piace molto,mi piace tanto | mi piace moltissimo,,,,
45,s:r25-03:b,translate,Respondé las preguntas traduciendo al italiano.,"Signora Marini, le piacciono i fiori? – Sì, ___. (me gustan mucho)",mi piacciono molto,mi piacciono tanto | mi piacciono moltissimo,,,,
45,s:r25-03:c,translate,Respondé las preguntas traduciendo al italiano.,"Antonio e Roberto, vi piace andare in palestra? – Sì, ___. (nos gusta mucho)",ci piace molto,ci piace tanto | ci piace moltissimo,,,,
46,b2-idio-08,choice,¿Qué expresa «-accio»?,Che tempaccio!,desprecio,,desprecio | cariño | tamaño grande,,,
46,d03-056,cloze,Escribí en italiano la palabra formada con el sufijo o prefijo indicado.,"Mariíta, con cariño (Maria + -uccia) → ___",Mariuccia,,,,,
46,d03-057,cloze,Escribí en italiano la palabra formada con el sufijo o prefijo indicado.,una media horita (mezz'ora + -etta) → ___,mezz’oretta,mezz'oretta,,,,
46,d03-058,cloze,Escribí en italiano la palabra formada con el sufijo o prefijo indicado.,"una calle grande, un avenidón (strada + -one) → ___",stradone,,,,,
46,d03-059,cloze,Escribí en italiano la palabra formada con el sufijo o prefijo indicado.,reacción (azione + prefijo re-) → ___,reazione,,,,,
46,d03-060,cloze,Escribí en italiano la palabra formada con el sufijo o prefijo indicado.,reserva (notazione + prefijo pre-) → ___,prenotazione,,,,,
46,rf-24-01,choice,¿Qué significa «casetta»?,casetta,casita,,casita | casona | casucha,,,
46,rf-24-02,choice,¿Qué es «un librone»?,un librone,un libro grande y gordo,,un libro grande y gordo | un libro viejo | un libro malo,,,
46,rf-24-03,choice,¿Qué significa «parolaccia»?,Non dire parolacce!,"mala palabra, insulto",,"mala palabra, insulto | palabra larga | palabrita",,,
46,rf-24-04,choice,Elegí el diminutivo afectuoso de «gatto».,Che carino quel ___!,gattino,,gattino | gattone | gattaccio,,,
46,rf-24-05,cloze,Formá el diminutivo con -ino.,Il mio ___ (fratello) ha tre anni.,fratellino,,,,,
46,rf-24-06,cloze,Formá el aumentativo con -one.,Cyrano de Bergerac aveva un ___ (naso).,nasone,,,,,
46,rf-24-07,cloze,Formá el despectivo con -accia.,Gli ha scritto una ___ (lettera) piena di insulti.,letteraccia,,,,,
46,rf-24-08,choice,¿Cuál NO es un diminutivo de otra palabra?,___,postino,,postino | gattino | ragazzino,,,
46,rf-24-09,choice,¿Qué es «un mattone»?,un mattone,un ladrillo,,un ladrillo | una mata grande | un loco,,,
46,rf-24-10,choice,¿Qué es «un tacchino»?,A Natale mangiamo il tacchino.,un pavo,,un pavo | un taquito | un tacón chico,,,
46,rf-24-11,choice,Elegí la forma correcta (fiebre muy alta).,Il bambino ha un ___.,febbrone,,febbrone | febbrona | febbretta,,,
46,rf-24-12,choice,¿Qué es «una stradina»?,Ci siamo persi in una stradina di Trastevere.,una callecita angosta,,una callecita angosta | una avenida ancha | una autopista,,,
46,rf-24-13,cloze,Formá el diminutivo con -etta.,Abitano in una ___ (casa) in campagna.,casetta,,,,,
46,rf-24-14,cloze,Formá el diminutivo con -etto.,Vorrei solo un ___ (pezzo) di torta.,pezzetto,,,,,
46,rf-24-15,cloze,Formá el despectivo con -accio.,Tuo zio ha proprio un ___ (carattere)!,caratteraccio,,,,,
46,rf-24-16,choice,¿Qué matiz tiene «poetastro»?,un poetastro,"poeta malo, de poca monta",,"poeta malo, de poca monta | poeta famoso | poeta joven",,,
46,rf-24-17,choice,¿Qué significa «giallastro»?,un colore giallastro,"amarillento, de un tono feo",,"amarillento, de un tono feo | amarillísimo | amarillo brillante",,,
46,rf-24-18,choice,¿Cómo se llama el texto que Da Ponte escribió para «Don Giovanni» de Mozart?,il ___ di Da Ponte,libretto,,libretto | librone | libraccio,,,
46,rf-24-19,choice,¿Qué son «gli scarponi»?,Per il trekking servono gli scarponi.,botas de montaña,,botas de montaña | zapatos rotos | zapatitos,,,
46,rf-24-20,choice,¿Qué es «l'ombrellone»?,Abbiamo affittato un ombrellone a Rimini.,la sombrilla de playa,,la sombrilla de playa | un paraguas roto | una sombra grande,,,
46,rf-24-21,cloze,Formá el diminutivo con -ina.,La mia ___ (nonna) prepara i biscotti ogni domenica.,nonnina,,,,,
46,rf-24-22,cloze,Formá el aumentativo con -one.,Hai visto quel ___ (gatto)? Pesa dieci chili!,gattone,,,,,
46,rf-24-23,translate,Traducí al italiano usando un diminutivo.,Esperá un ratito.,Aspetta un attimino,Aspetta un momentino | Aspetta un minutino | Aspetta un pochino,,,,
46,rf-24-24,translate,Traducí al italiano usando un diminutivo.,¡Qué lindo perrito!,Che bel cagnolino!,Che bel cagnetto | Che cagnolino carino | Che carino il cagnolino,,,,
46,rf-24-25,translate,Traducí al italiano usando un sufijo despectivo.,Tuvo un día horrible.,Ha avuto una giornataccia,Ha passato una giornataccia,,,,
46,s:r06-01:a,cloze,Reemplazá las palabras entre paréntesis por una sola palabra con sufijo.,Mio padre è alto e ___ (abbastanza grasso) ed è nato in un ___ (piccolo paese) di montagna.,grassottello | paesino,grassottello | paesello | grassoccio | paesino | grassoccio | paesello | grassotto | paesino | grassotto | paesello,,,,
46,s:r06-01:b,cloze,Reemplazá las palabras entre paréntesis por una sola palabra con sufijo.,Ho conosciuto Daniele ___ (circa un mese) fa. È ___ (una persona molto simpatica) che ci fa ridere tanto.,un mesetto | un simpaticone,,,,,
46,s:r06-01:c,cloze,Reemplazá las palabras entre paréntesis por una sola palabra con sufijo.,Mia figlia va male in francese. È veramente ___ (piuttosto debole).,debolina,deboluccia,,,,
46,s:r06-01:d,cloze,Reemplazá las palabras entre paréntesis por una sola palabra con sufijo.,Mirella si veste malissimo con quel ___ (brutto cappello) sformato e quelle ___ (brutte scarpe) sporche.,cappellaccio | scarpacce,,,,,
46,s:r06-01:e,cloze,Reemplazá las palabras entre paréntesis por una sola palabra con sufijo.,Carlo è noioso. Fa sempre dei ___ (lunghi discorsi) pieni di ___ (parole complicate) incomprensibili.,discorsoni | paroloni,,,,,
46,s:r06-01b:a,cloze,Reescribí lo que está entre paréntesis usando un adverbio con sufijo.,Non c'è posto qui. – Ti puoi spostare ___ (solo un po')?,un pochino,un pochettino | un tantino,,,,
46,s:r06-01b:b,cloze,Reescribí lo que está entre paréntesis usando un adverbio con sufijo.,"È andato bene ieri? – Sì, è andato ___ (abbastanza bene), credo.",benino,,,,,
46,s:r06-01b:c,cloze,Reescribí lo que está entre paréntesis usando un adverbio con sufijo.,"Aspettiamo mezz'ora, è ancora ___ (un po' presto) per partire.",prestino,,,,,
46,s:r06-01b:d,cloze,Reescribí lo que está entre paréntesis usando un adverbio con sufijo.,"Come stai adesso? – ___ (Non molto bene), purtroppo.",Maluccio,Malino,,,,
46,s:r06-05:a,choice,¿Verdadero o falso? Decidí si cada afirmación es correcta.,Un mattone è una persona molto matta.,Falso,,Vero | Falso,,,
46,s:r06-05:b,choice,¿Verdadero o falso? Decidí si cada afirmación es correcta.,Un postino è un piccolo posto.,Falso,,Vero | Falso,,,
46,s:r06-05:c,choice,¿Verdadero o falso? Decidí si cada afirmación es correcta.,Un posticino è un bel posto che ti piace.,Vero,,Vero | Falso,,,
46,s:r06-05:d,choice,¿Verdadero o falso? Decidí si cada afirmación es correcta.,Il mulino è un piccolo mulo.,Falso,,Vero | Falso,,,
46,s:r06-05:e,choice,¿Verdadero o falso? Decidí si cada afirmación es correcta.,Un bagnino è un piccolo bagno.,Falso,,Vero | Falso,,,
46,s:r06-05:f,choice,¿Verdadero o falso? Decidí si cada afirmación es correcta.,Un rubinetto è un piccolo rubino (rubí).,Falso,,Vero | Falso,,,
47,a2-num-01,choice,Elegí el ordinal correcto.,Abito al ___ piano (11º).,undicesimo,,undicesimo | undicimo | primoundici,,,
47,a2-num-02,choice,Elegí la forma correcta.,Siamo andati in ___ (unas diez personas).,una decina,,una decina | dieci | un decimo,,,
47,a2-num-03,choice,Elegí el partitivo correcto.,Vorrei ___ pane.,del,,del | di | un po',,,
47,a2-num-04,choice,Elegí la forma correcta.,___ studenti sono assenti.,Alcuni,,Alcuni | Qualche | Ogni,,,
47,a2-num-05,cloze,Escribí el número en palabras.,21 → ___,ventuno,,,,,
47,a2-num-06,choice,Elegí la forma correcta.,Il ___ per cento degli italiani.,20,,20 | venti per | ventesimo,,,
47,rf2-47-01,choice,Elegí el número.,due terzi,2/3,,2/3 | 3/2 | 23,,,
47,rf2-47-02,cloze,Completá (25 %).,Il venticinque ___ cento degli studenti è straniero.,per,,,,,
47,rf2-47-03,choice,Elegí la forma correcta.,Ho comprato ___ di uova.,una dozzina,,una dozzina | un dozzina | una dozzine,,,
47,rf2-47-04,choice,Elegí la forma correcta.,C'erano ___ di persone in piazza.,migliaia,,migliaia | migliai | mille,,,
47,rf2-47-05,cloze,"Completá (1,5 kg).","Un chilo e ___ di pane, per favore.",mezzo,,,,,
47,rf2-47-06,choice,¿Cuántos minutos son «tre quarti d'ora»?,tre quarti d'ora,quarantacinque,,quarantacinque | trentacinque | settantacinque,,,
47,rf2-47-07,choice,Elegí la forma correcta.,Mi serve un ___ di scarpe nuove.,paio,,paio | paia | pari,,,
47,rf2-47-08,translate,Traducí al italiano.,Unas cien personas.,Un centinaio di persone,Circa cento persone,,,,
47,rf2-47-09,choice,Elegí la forma correcta.,Il Novecento è il ___ secolo.,ventesimo,,ventesimo | diciannovesimo | novecentesimo,,,
47,rf2-47-10,choice,Elegí la forma correcta (unos diez días).,Resto una ___ di giorni.,decina,,decina | decima | diecina,,,
47,rf2-47-11,choice,Elegí la forma correcta.,È arrivato ___ (3.º).,terzo,,terzo | tre | terzino,,,
47,rf2-47-12,cloze,Completá (½).,Ho bevuto ___ bicchiere di vino.,mezzo,,,,,
47,s:r17-02c:a,translate,"Traducí al italiano usando los numerales aproximativos (un centinaio, una ventina…).",Había unos cien invitados.,C'era un centinaio di invitati.,C'erano un centinaio di invitati. | C'erano circa cento invitati.,,,,
47,s:r17-02c:b,translate,"Traducí al italiano usando los numerales aproximativos (un centinaio, una ventina…).",Había unos veinte estudiantes.,C'era una ventina di studenti.,C'erano una ventina di studenti. | C'erano circa venti studenti.,,,,
47,s:r17-02c:c,translate,"Traducí al italiano usando los numerales aproximativos (un centinaio, una ventina…).",Hay unos mil manifestantes. (manifestanti),Ci sono un migliaio di manifestanti.,C'è un migliaio di manifestanti. | Ci sono circa mille manifestanti.,,,,
47,s:r17-04:a,translate,"Hacé las cuentas en italiano, con los números en letras. Para ‘es igual a’ podés usar fa, è uguale a o uguale.",Doce por doce es igual a ciento cuarenta y cuatro.,Dodici per dodici fa centoquarantaquattro.,Dodici per dodici è uguale a centoquarantaquattro. | Dodici per dodici uguale centoquarantaquattro. | Dodici per dodici è centoquarantaquattro. | Dodici moltiplicato per dodici fa centoquarantaquattro.,,,,
47,s:r17-04:b,translate,"Hacé las cuentas en italiano, con los números en letras. Para ‘es igual a’ podés usar fa, è uguale a o uguale.",Dos mil menos mil quinientos es igual a quinientos.,Duemila meno millecinquecento fa cinquecento.,Duemila meno millecinquecento è uguale a cinquecento. | Duemila meno millecinquecento uguale cinquecento. | Duemila meno millecinquecento è cinquecento.,,,,
47,s:r17-04:c,translate,"Hacé las cuentas en italiano, con los números en letras. Para ‘es igual a’ podés usar fa, è uguale a o uguale.",Cuarenta y cinco dividido nueve y multiplicado por seis es igual a treinta.,Quarantacinque diviso nove e moltiplicato per sei fa trenta.,Quarantacinque diviso nove e moltiplicato per sei è uguale a trenta. | Quarantacinque diviso nove e moltiplicato per sei uguale trenta. | Quarantacinque diviso nove moltiplicato per sei fa trenta. | Quarantacinque diviso per nove e moltiplicato per sei fa trenta. | Quarantacinque diviso nove per sei fa trenta.,,,,
48,c1-ord-01,choice,Elegí la dislocación correcta.,Il pane ___ compro io.,lo,,lo | ne | —,,,
48,c1-ord-02,choice,Elegí la forma marcada (focalización).,___ che non capisco.,È questo,,È questo | Questo è | Ecco questo,,,
48,c1-ord-03,choice,Elegí la correcta.,A Roma ___ sono stato molte volte.,ci,,ci | vi ci | ne,,,
48,c1-ord-04,translate,Traducí al italiano con dislocación a la derecha.,"Ya lo sabía, eso.","Lo sapevo già, questo","Già lo sapevo, questo",,,,
48,rf-48-01,choice,Elegí el pronombre de retoma.,La pasta ___ cucino io stasera.,la,,la | lo | ne,,,
48,rf-48-02,choice,Elegí el pronombre de retoma.,"I compiti, ___ hai fatti?",li,,li | le | ne,,,
48,rf-48-03,choice,Elegí el pronombre de retoma.,Di questa storia non ___ voglio più sapere niente.,ne,,ne | ci | la,,,
48,rf-48-04,choice,Elegí el pronombre de retoma.,"Al mare, quest'anno, non ___ andiamo.",ci,,ci | ne | lo,,,
48,rf-48-05,choice,Elegí el pronombre de retoma.,"A tua madre, ___ hai detto la verità?",le,,le | la | lo,,,
48,rf-48-06,choice,Elegí la forma correcta.,"___ Leonardo che ha dipinto la Gioconda, non Raffaello.",È stato,,È stato | Ha stato | Era stata,,,
48,rf-48-07,choice,Elegí la forma correcta.,È per questo ___ non sono venuto.,che,,che | cui | il che,,,
48,rf-48-08,choice,Elegí el orden natural para dar una noticia.,___,È nato il figlio di Giulia,,È nato il figlio di Giulia | Il figlio di Giulia nato è | Nato è il figlio di Giulia,,,
48,rf-48-09,choice,Elegí la forma correcta.,C'è tuo fratello ___ ti cerca.,che,,che | il quale | cui,,,
48,rf-48-10,choice,Elegí el pronombre (dislocación a la derecha).,"Non ___ sopporto più, quel rumore.",lo,,lo | la | ne,,,
48,rf-48-11,choice,Elegí el pronombre de retoma.,"Le chiavi, dove ___ hai messe?",le,,le | li | ne,,,
48,rf-48-12,choice,Elegí el pronombre de retoma.,"Di soldi, non ___ ho.",ne,,ne | li | ci,,,
48,rf-48-13,cloze,Completá con el pronombre de retoma.,Il giornale ___ compra sempre mio padre.,lo,,,,,
48,rf-48-14,cloze,Completá con el pronombre de retoma.,Queste foto di Palermo ___ ha scattate Letizia Battaglia.,le,,,,,
48,rf-48-15,cloze,Completá con el pronombre de retoma.,"A Marco ___ piace il calcio, a me no.",gli,,,,,
48,rf-48-16,cloze,Completá con el pronombre de retoma.,Del viaggio in Patagonia ___ parliamo domani.,ne,,,,,
48,rf-48-17,cloze,Completá con el pronombre de retoma (elidido ante «ho»).,Quel film non ___ho mai visto.,l',,,,,
48,rf-48-18,cloze,Completá la frase escindida.,È a te ___ devo chiedere scusa.,che,,,,,
48,rf-48-19,cloze,Completá la frase escindida.,È nel 1861 ___ nasce il Regno d'Italia.,che,quando,,,,
48,rf-48-20,choice,Respuesta a «¿Quién guió a los Mil?»: elegí la que pone en foco a Garibaldi.,___,È stato Garibaldi a guidare i Mille,,"È stato Garibaldi a guidare i Mille | I Mille li ha guidati | Garibaldi, i Mille, li guidò",,,
48,rf-48-21,choice,Elegí la forma correcta.,Sono stati i Romani ___ costruire questa strada.,a,,a | di | per,,,
48,rf-48-22,translate,Traducí al italiano manteniendo el orden (objeto al principio).,Al vino lo trajo Luca.,Il vino l'ha portato Luca,Il vino lo ha portato Luca | Il vino lo portò Luca,,,,
48,rf-48-23,translate,Traducí al italiano manteniendo el orden (objeto al principio).,Esa película ya la vi.,Quel film l'ho già visto,"Quel film lo ho già visto | Quel film, l'ho già visto",,,,
48,rf-48-24,translate,Traducí al italiano.,Es Marta la que tiene razón.,È Marta che ha ragione,È Marta ad avere ragione,,,,
48,rf-48-25,translate,Traducí al italiano con el verbo delante.,Llegaron tus amigos.,Sono arrivati i tuoi amici,,,,,
49,s:r16-01d:c,cloze,Completá con un equivalente italiano adecuado. Puede haber más de una opción.,"___ perso la chiave, sono rimasto chiuso fuori. (Como había)",Avendo,Siccome avevo | Dato che avevo | Visto che avevo | Poiché avevo,,,,
49,s:r16-01g:e,cloze,Completá con un conector adecuado.,Appartengono a famiglie ___ forse più ricche delle nostre. (en general),tutto sommato,nel complesso | nell'insieme | in genere | in generale | generalmente,,,,
49,s:r16-04:d,cloze,Completá con conectores italianos adecuados.,"___ trovassi un appartamento, lo compreresti? (Supongamos que)",Mettiamo che,Supponiamo che | Poniamo che | E se | Ammettiamo che,,,,
49,s:r16-04:e,cloze,Completá con conectores italianos adecuados.,"___ tu non potessi venire, fammelo sapere subito. (Si / En caso de que)",Se,Qualora | Nel caso che | Nel caso in cui | Nel caso | Caso mai | Casomai | Semmai,,,,
50,b2-fa-01,choice,¿Qué significa «burro» en italiano?,Ho comprato il burro.,manteca,,manteca | burro (animal) | error,,,
50,b2-fa-02,choice,¿Qué significa «salire»?,Salgo le scale.,subir,,subir | salir | saltar,,,
50,b2-fa-03,choice,¿Qué significa «aceto»?,Metti un po' di aceto.,vinagre,,vinagre | aceite | aceituna,,,
50,b2-fa-04,choice,¿Qué significa «guardare»?,Guardo la televisione.,mirar,,mirar | guardar | cuidar,,,
50,b2-fa-05,choice,¿Qué significa «prima»?,Arrivo prima di te.,antes,,antes | prima (pariente) | primero,,,
50,b2-fa-06,choice,¿Qué significa «largo»?,Un fiume largo.,ancho,,ancho | largo | lejano,,,
50,b2-fa-07,choice,¿Qué significa «esito»?,L'esito dell'esame.,resultado,,resultado | éxito | examen,,,
50,b2-fa-08,choice,¿Qué significa «imbarazzata»?,Era imbarazzata.,avergonzada,,avergonzada | embarazada | enojada,,,
50,b2-fa-09,choice,¿Qué significa «pronto» al teléfono?,Pronto?,¿Hola?,,¿Hola? | ¿Pronto? | ¿Listo?,,,
50,b2-fa-10,choice,¿Qué significa «caldo»?,Fa caldo.,calor,,calor | caldo (sopa) | frío,,,
50,b2-idio-01,choice,¿Qué significa «magari»?,— Vieni con noi? — Magari!,¡Ojalá!,,¡Ojalá! | Quizás no | Nunca,,,
50,b2-idio-02,choice,¿Qué significa «mica»?,Non è mica facile.,No es nada fácil,,No es nada fácil | Es medio fácil | Es facilísimo,,,
50,b2-idio-03,choice,¿Qué significa «avercela con qualcuno»?,Ce l'ha con me.,Está enojado conmigo,,Está enojado conmigo | Me tiene aprecio | Me está esperando,,,
50,b2-idio-04,choice,Elegí la forma correcta.,___ freddo oggi.,Fa,,Fa | È | Ha,,,
50,b2-idio-05,translate,Traducí al italiano.,Tengo ganas de salir.,Ho voglia di uscire,,,,,
50,s:r11-06:c,choice,¿Qué decís? Elegí la exclamación adecuada para cada situación.,El helado está riquísimo.,Che buono!,Che gelato squisito! | Che squisito! | Com'è buono!,Che buona! | Che buono! | Com'è buona!,,,
50,s:r15-01b:b,choice,Elegí la forma correcta: con o sin di.,Marina andrà in vacanza ___.,dopo di me,,dopo me | dopo di me,,,
50,s:r15-01b:f,choice,Elegí la forma correcta: con o sin di.,Quando l'ha saputo era ___ dalla rabbia.,fuori di sé,,fuori sé | fuori di sé,,,
50,s:r15-01c:d,cloze,Describí a estas personas completando con la preposición adecuada.,"Diego è molto soddisfatto ___ suo lavoro, è responsabile ___ tutto il reparto.",del | di,,,,,
50,s:r15-02b:f,cloze,"Completá con di, con a (sola o con artículo) o solo con el artículo, según corresponda.","Oltre ___ libri, ci hanno dato delle videocassette.",ai,i,,,,
50,s:r15-02c:b,translate,Traducí al italiano. Ojo con la preposición que pide cada adjetivo.,Estoy conforme con los resultados.,Sono soddisfatto dei risultati.,Sono soddisfatta dei risultati. | Sono contento dei risultati. | Sono contenta dei risultati.,,,,
50,s:r15-02c:d,translate,Traducí al italiano. Ojo con la preposición que pide cada adjetivo.,Me encantaría ayudar.,Sarei felice di aiutare.,Sarei contento di aiutare. | Sarei contenta di aiutare. | Sarei lieto di aiutare. | Sarei lieta di aiutare. | Mi piacerebbe aiutare. | Mi piacerebbe molto aiutare.,,,,
50,s:r15-02c:f,translate,Traducí al italiano. Ojo con la preposición que pide cada adjetivo.,Está casada con un ingeniero.,È sposata con un ingegnere.,,,,,
50,s:r15-02c:g,translate,Traducí al italiano. Ojo con la preposición que pide cada adjetivo.,Está enamorada de Pino.,È innamorata di Pino.,,,,,
50,s:r15-02c:h,translate,Traducí al italiano. Ojo con la preposición que pide cada adjetivo.,Alfonso siempre se viste de negro.,Alfonso si veste sempre di nero.,Alfonso veste sempre di nero. | Alfonso è sempre vestito di nero.,,,,
50,s:r15-03:b,translate,Respondé las preguntas en italiano usando in o a.,"È difficile imparare a guidare? – No, se puede aprender en pocos meses.","No, si può imparare in pochi mesi.","No si può imparare in pochi mesi. | No, s'impara in pochi mesi. | No s'impara in pochi mesi. | No, si impara in pochi mesi. | No si impara in pochi mesi. | No, puoi imparare in pochi mesi. | No puoi imparare in pochi mesi.",,,,
50,s:r15-03:d,translate,Respondé las preguntas en italiano usando in o a.,"Quand'è che è nato Piero? – Nació en abril, a las 5, al amanecer.","È nato in aprile, alle 5, all'alba.","È nato in aprile alle 5 all'alba. | È nato ad aprile, alle 5, all'alba. | È nato ad aprile alle 5 all'alba. | È nato in aprile, alle cinque, all'alba. | È nato in aprile alle cinque all'alba. | È nato ad aprile, alle cinque, all'alba. | È nato ad aprile alle cinque all'alba.",,,,
50,s:r15-03b:a,cloze,"Le decís a un amigo dónde estacionaste. Usá una vez cada una: di fronte al, accanto alla, davanti a, nel, in fondo alla, dall'altra parte della.",Ho parcheggiato ___ cortile. (en el patio),nel,,,,,
50,s:r15-03b:c,cloze,"Le decís a un amigo dónde estacionaste. Usá una vez cada una: di fronte al, accanto alla, davanti a, nel, in fondo alla, dall'altra parte della.",Ho parcheggiato ___ cinema. (enfrente del cine),di fronte al,,,,,
50,s:r15-03b:d,cloze,"Le decís a un amigo dónde estacionaste. Usá una vez cada una: di fronte al, accanto alla, davanti a, nel, in fondo alla, dall'altra parte della.",Ho parcheggiato ___ strada. (del otro lado de la calle),dall'altra parte della,,,,,
50,s:r15-03b:e,cloze,"Le decís a un amigo dónde estacionaste. Usá una vez cada una: di fronte al, accanto alla, davanti a, nel, in fondo alla, dall'altra parte della.",Ho parcheggiato ___ strada. (al fondo de la calle),in fondo alla,,,,,
50,s:r15-03b:f,cloze,"Le decís a un amigo dónde estacionaste. Usá una vez cada una: di fronte al, accanto alla, davanti a, nel, in fondo alla, dall'altra parte della.",Ho parcheggiato ___ casa tua. (delante de tu casa),davanti a,,,,,
50,s:r15-03c:b,cloze,Completá con el adjetivo y la preposición adecuados.,È un piatto realizzato con polenta ___ funghi e formaggio. (rellena de),ripiena di,farcita di | farcita con,,,,
50,s:r15-04:a,cloze,"Completá con la preposición da (sola o articulada) y lo que sigue, según la traducción.",Sono partito ___ ieri. (Partí de Londres ayer.),da Londra,,,,,
50,s:r15-04:b,cloze,"Completá con la preposición da (sola o articulada) y lo que sigue, según la traducción.",Sono uscito ___ alle sette. (Salí de la oficina a las siete.),dall'ufficio,,,,,
50,s:r15-04:d,cloze,"Completá con la preposición da (sola o articulada) y lo que sigue, según la traducción.",Siamo entrati ___. (Entramos por la ventana.),dalla finestra,,,,,
50,s:r15-04:f,cloze,"Completá con la preposición da (sola o articulada) y lo que sigue, según la traducción.",___ mi piaceva viaggiare. (Cuando era estudiante me gustaba viajar.),Da studente,,,,,
50,s:r15-04b:b,cloze,Completá las oraciones con las preposiciones correctas.,Libera ___ ogni preoccupazione Simona era tutta pronta ___ uscire.,da | a,da | per,,,,
50,s:r15-04b:d,cloze,Completá las oraciones con las preposiciones correctas.,Nel salotto c'è un divano ricoperto ___ una stoffa indiana e un vecchio pianoforte coperto ___ polvere.,di | di,da | di,,,,
50,s:r15-04b:e,cloze,Completá las oraciones con las preposiciones correctas.,La zia ci ha preparato un meraviglioso pandoro ricoperto ___ cioccolato e zucchero.,di,,,,,
50,s:r15-04b:f,cloze,Completá las oraciones con las preposiciones correctas.,Dopo l'alluvione il pavimento era ricoperto ___ uno strato di fango puzzolente.,da,di,,,,
50,s:r15-08:a,translate,Traducí al italiano estas expresiones con di.,un cinturón de seguridad,una cintura di sicurezza,,,,,
50,s:r15-08:c,translate,Traducí al italiano estas expresiones con di.,una pintura de Leonardo,un dipinto di Leonardo,un quadro di Leonardo,,,,
50,s:r15-09:c,translate,Traducí al italiano.,una novela de Manzoni,un romanzo di Manzoni,,,,,
50,s:r15-10:b,cloze,Completá con la preposición correcta: di o da.,Mi ha regalato sei tazzine ___ caffè.,da,,,,,
50,s:r15-10:d,cloze,Completá con la preposición correcta: di o da.,Ha pagato una multa ___ 400 euro.,di,da,,,,
50,s:r15-10:f,cloze,Completá con la preposición correcta: di o da.,Gina è arrivata ___ Pisa.,da,,,,,
50,s:r15-15:a,cloze,Completá las oraciones con el equivalente italiano de lo que está entre paréntesis.,I tifosi giravano ___ la città. (por),per,,,,,
50,s:r15-15:b,cloze,Completá las oraciones con el equivalente italiano de lo que está entre paréntesis.,Erano seduti ___. (en el suelo),per terra,a terra,,,,
50,s:r15-15:c,cloze,Completá las oraciones con el equivalente italiano de lo que está entre paréntesis.,L'ho incontrato ___. (en la calle),per strada,per la strada | in strada,,,,
50,s:r15-20:b,cloze,"Reemplazá in o da por con, con los cambios necesarios.",Sono partito in treno. → Sono partito ___ treno.,con il,col,,,,
50,s:r15-21:a,cloze,"Completá con su (sola o articulada) y lo que sigue, según la traducción.",Ho lasciato i documenti ___. (Dejé los documentos sobre el escritorio.),sulla scrivania,,,,,
50,s:r15-21:b,cloze,"Completá con su (sola o articulada) y lo que sigue, según la traducción.",Il gatto è salito ___. (El gato se subió al techo.),sul tetto,,,,,
50,s:r15-21:e,cloze,"Completá con su (sola o articulada) y lo que sigue, según la traducción.",Siamo stati ___. (Estuvimos en el Mont Blanc.),sul Monte Bianco,,,,,
50,s:r15-21:g,cloze,"Completá con su (sola o articulada) y lo que sigue, según la traducción.",Ho letto la notizia ___. (Leí la noticia en el diario.),sul giornale,,,,,
50,s:r15-21:h,cloze,"Completá con su (sola o articulada) y lo que sigue, según la traducción.",Ho lasciato l'ombrello ___. (Me olvidé el paraguas en el colectivo.),sull'autobus,in autobus | nell'autobus,,,,
50,s:r15-22:c,cloze,"Completá con fra (o tra) y lo que sigue, según la traducción.",Mario è seduto ___ e il nonno. (Mario está sentado entre la prima y el abuelo.),fra la cugina,tra la cugina,,,,
51,s:r24-05c:b,cloze,"Reportá lo que dijeron estos analistas políticos, empezando con la frase dada. En c y d hay varias posibilidades.","«Non posso né confermare, né smentire che si stia procedendo alla preparazione di manovre militari.» → Dino aveva dichiarato che non ___ né confermare né smentire che si ___ alla preparazione di manovre militari.",poteva | stesse procedendo,poteva | procedesse,,,,
51,s:r24-06b:d,cloze,Completá con el subjuntivo adecuado; en todos los casos menos uno va el pluscuamperfecto.,Immaginavo che Anna ___ strada e che ___ di chiamarmi. (sbagliare; stare cercando),avesse sbagliato | stesse cercando,,,,,
52,d03-027,plural,Escribí el plural. Ojo: algunos sustantivos no cambian y otros tienen plural masculino y femenino.,fantasma → ___,fantasmi,,,,,
52,d04-015,cloze,"Escribí el número ordinal en letras, concordado con el sustantivo.",La ___ settimana (sexta),sesta,,,,,
52,d04-016,cloze,"Escribí el número ordinal en letras, concordado con el sustantivo.",L’___ volta (enésima),ennesima,,,,,
52,d04-018,cloze,"Escribí el número ordinal en letras, concordado con el sustantivo.",La ___ casa (milésima),millesima,,,,,
52,d09-019,conjugate,"Completá con el verbo en presente: reflexivo, recíproco (nos/se… uno al otro) o con «si» impersonal (se sirve, se vende). Después de un verbo como vorrei o dobbiamo, usá el infinitivo con el pronombre pegado (alzarmi).",Io vorrei ___ (alzarsi) tardi.,alzarmi,,,,,
52,d11-008,qa,"Convertí la afirmación en pregunta: pasá el sujeto al final, después de una coma, y agregá el signo de pregunta.",Giulia sarà a casa.,"Sarà a casa, Giulia?",Sarà a casa Giulia?,,,,
52,d11-012,choice,"Elegí la palabra interrogativa correcta: quanto/quanta/quanti/quante (cuánto…, concuerda con el sustantivo) o quale/quali (cuál, cuáles).",___ vino vorresti? (¿Cuánto vino querrías?),quanto,,quanto | quanta | quanti | quante,,,
52,d11-016,choice,"Elegí la palabra interrogativa correcta: quanto/quanta/quanti/quante (cuánto…, concuerda con el sustantivo) o quale/quali (cuál, cuáles).",___ ragazza è la più bella? (¿Cuál chica es la más linda?),quale,,quale | quali | quanta | quante,,,
52,d11-020,choice,"Elegí la palabra interrogativa correcta: quanto/quanta/quanti/quante (cuánto…, concuerda con el sustantivo) o quale/quali (cuál, cuáles).",___ scarpe dovrei comprare? (¿Qué zapatos debería comprar?),quali,,quale | quali | quanta | quante,,,
52,d11-030,cloze,"Completá con el pronombre interrogativo (che cosa, chi, quanto/a/i/e, quale…).",___ dovremmo ordinare? (¿Cuál deberíamos pedir?),quale,,,,,
52,d12-017,cloze,"Completá con da, sola o unida al artículo (dal, dallo, dalla…).","___ bambino, leggeva tanto.",da,,,,,
52,d12-033,translate,"Traducí al italiano la expresión (todas llevan una preposición: su, in, per, di, con…).","¡Suerte! (la frase idiomática, con el lobo)",in bocca al lupo,,,,,
52,d13-008,cloze,"Completá con la forma correcta de questo (este) o quello (ese, aquel), según la palabra que sigue.",Sono ___ (esas) le ragazze di cui mi hai parlato?,quelle,,,,,
52,d15-002,cloze,Formá el adverbio en -mente a partir del adjetivo.,triste → ___,tristemente,,,,,
52,d15-006,cloze,Formá el adverbio en -mente a partir del adjetivo.,intelligente → ___,intelligentemente,,,,,
52,d20-017,cloze,Completá con el congiuntivo (presente o passato) del verbo entre paréntesis.,Dubito che lei ___ già ___ (essere/arrivare).,sia | arrivata,,,,,
52,d20-024,cloze,"Completá con la forma correcta del verbo entre paréntesis: congiuntivo cuando haga falta; si no hay «che», probablemente va el infinitivo.",Dubito che si ___ (essere + parlati).,siano parlati,,,,,
52,d20-028,cloze,"Completá con la forma correcta del verbo entre paréntesis: congiuntivo cuando haga falta; si no hay «che», probablemente va el infinitivo.",Credo che voi ___ (essere + usciti).,siate usciti,,,,,
52,rf-16-20,cloze,Formá el adverbio en -mente.,Il professore parla ___ (breve) della vita di Petrarca.,brevemente,,,,,
52,s:r01-03:c,cloze,"Completá las terminaciones que faltan (-o/-a en singular, -i/-e en plural) y, donde hay un adjetivo entre paréntesis, escribilo concordado. Fijate con qué sustantivo concuerda cada uno.",Le vittime più ___ (tragico) sono stat___ i bambini. (Las víctimas más trágicas fueron los niños.),tragiche | e,tragiche | i,,,,
52,s:r07-05c:b,cloze,"Preguntá quién se lo dijo, usando el pronombre adecuado para el interlocutor y sin olvidar «lo».","Domani sono chiuso, signore, c'è sciopero. – Davvero? Chi ___ ha detto? (¿Quién se lo dijo? – usted)",gliel',glielo,,,,
52,s:r07-10b:b,translate,"Traducí al italiano usando andarsene, fregarsene, sentirsela, prendersela o cavarsela.",¡Pero a él no le importa nada!,Ma lui se ne frega!,Ma se ne frega!,,,,
52,s:r09-02:d,translate,"Comentá estas situaciones: escribí en italiano la respuesta (ojo, 'eso es…' no se traduce con quello).",Ho perso le chiavi di casa. – ¡Qué embole! ¿Tenés una llave de repuesto? (una chiave di riserva),Che seccatura! Hai una chiave di riserva?,Che scocciatura! Hai una chiave di riserva? | Che noia! Hai una chiave di riserva? | Che seccatura! Ce l'hai una chiave di riserva?,,,,
52,s:r10-14:a,translate,Preguntá en italiano usando quanto.,¿A qué distancia queda tu casa? (tu),Quanto dista casa tua?,Quanto è lontana casa tua? | Quant'è lontana casa tua? | Quanto dista la tua casa?,,,,
52,s:r11-01b:c,cloze,Completá con la interjección adecuada. Puede haber varias posibilidades.,"Come sto? – ___ (¡Guau! ¡Bárbaro!), sembri una diva con quel vestito!",Caspita,"Accidenti | Accipicchia | Wow | Mamma mia | Favoloso | Fantastico | Caspita, fantastica | Wow, fantastica | Accidenti, fantastica",,,,
52,s:r11-01b:e,cloze,Completá con la interjección adecuada. Puede haber varias posibilidades.,"Alberto è stato ricoverato in ospedale. – ___ (¡Ay, Dios!), che cos'ha?",Oddio,Oh Dio | Mamma mia | Oh no | Povero | Poveretto | Accidenti,,,,
52,s:r12-03c:a,translate,Traducí al italiano estas frases de avisos publicitarios.,Con el nuevo software podés encontrar un taxi en cualquier momento.,Con il nuovo software puoi trovare un tassì in ogni momento.,Con il nuovo software puoi trovare un taxi in ogni momento. | Con il nuovo software puoi trovare un tassì in qualsiasi momento. | Con il nuovo software puoi trovare un taxi in qualsiasi momento.,,,,
52,s:r12-03c:c,translate,Traducí al italiano estas frases de avisos publicitarios.,Se puede comer en cualquier momento del día si se tiene una alimentación sana.,Si può mangiare in qualsiasi momento della giornata se si ha un'alimentazione sana.,Si può mangiare in qualunque momento della giornata se si ha un'alimentazione sana. | Si può mangiare in ogni momento della giornata se si ha un'alimentazione sana.,,,,
52,s:r12-11:c,translate,Traducí al italiano con chiunque.,"Quienquiera que llame, decile que no estoy.","Chiunque chiami, digli che sono fuori.","Chiunque chiami, digli che non ci sono. | Chiunque telefoni, digli che sono fuori. | Chiunque telefoni, digli che non ci sono. | Chiunque chiami, digli che non sono in casa.",,,,
52,s:r13-01b:a,cloze,Uní las dos oraciones reemplazando la parte repetida por un relativo con preposición (cui o il quale).,Il professor Binni è un insegnante. Ho molto rispetto per il professor Binni. → ___.,Il professor Binni è un insegnante per cui ho molto rispetto,Il professor Binni è un insegnante per il quale ho molto rispetto,,,,
52,s:r15-01d:b,translate,Traducí al italiano. Ojo con la preposición que acompaña a cada sustantivo.,Mi hermana es experta en la Italia medieval.,Mia sorella è un'esperta dell'Italia medievale.,Mia sorella è un'esperta di Italia medievale. | Mia sorella è esperta di Italia medievale. | Mia sorella è esperta dell'Italia medievale. | Mia sorella è un'esperta dell'Italia medioevale.,,,,
52,s:r15-01d:d,translate,Traducí al italiano. Ojo con la preposición que acompaña a cada sustantivo.,Su aversión a los gatos era extraordinaria.,La sua avversione per i gatti era straordinaria.,La sua avversione ai gatti era straordinaria.,,,,
52,s:r15-02c:a,translate,Traducí al italiano. Ojo con la preposición que pide cada adjetivo.,Estoy harto de mi trabajo.,Sono stufo del mio lavoro.,Sono stufa del mio lavoro. | Sono stanco del mio lavoro. | Sono stanca del mio lavoro.,,,,
52,s:r15-03b:b,cloze,"Le decís a un amigo dónde estacionaste. Usá una vez cada una: di fronte al, accanto alla, davanti a, nel, in fondo alla, dall'altra parte della.",Ho parcheggiato ___ tua macchina. (al lado de tu auto),accanto alla,,,,,
52,s:r15-03c:a,cloze,Completá con el adjetivo y la preposición adecuados.,I piumini sono ___ fibre sintetiche. (rellenos de),imbottiti di,,,,,
52,s:r16-01g:c,cloze,Completá con un conector adecuado.,"È difficile definire l'identità iraniana: ___ è un misto di elementi persiani, islamici e occidentali, con tutti i paradossi che questo comporta. (a grandes rasgos)",a grandi linee,in linea di massima | grosso modo | in generale | generalmente,,,,
52,s:r16-04:c,cloze,Completá con conectores italianos adecuados.,"Non so se saranno d'accordo, ___ li chiamo domani. (en todo caso)",eventualmente,casomai | caso mai | semmai | nel caso | in ogni caso | comunque | in tutti i casi,,,,
52,s:r17-01:i,translate,Traducí al italiano. Escribí los números con letras.,cien libras,cento sterline,,,,,
52,s:r17-01:j,translate,Traducí al italiano. Escribí los números con letras.,doscientas libras,duecento sterline,,,,,
52,s:r17-01:m,translate,Traducí al italiano. Escribí los números con letras.,un millón de pesetas,un milione di pesete,un milione di pesetas,,,,
52,s:r17-01:n,translate,Traducí al italiano. Escribí los números con letras.,cinco millones de dólares,cinque milioni di dollari,,,,,
52,s:r17-01b:d,translate,"Traducí al italiano, con los números en letras.",la décima vez,la decima volta,,,,,
52,s:r17-02c:d,translate,"Traducí al italiano usando los numerales aproximativos (un centinaio, una ventina…).",Hay miles de manifestantes.,Ci sono migliaia di manifestanti.,,,,,
52,s:r20-01e:a,cloze,Completá con el passato remoto del verbo.,Dopo il loro matrimonio ___ una casa al mare. (comprare),comprarono,,,,,
52,s:r20-01e:c,cloze,Completá con el passato remoto del verbo.,"Finiti gli esami, Agnese ___ per ventiquattr'ore. (dormire)",dormì,,,,,
52,s:r20-01e:d,cloze,Completá con el passato remoto del verbo.,___ vicino alla finestra. (sedersi – loro),Si sedettero,Si sederono,,,,
52,s:r20-07:d,cloze,¿Podés contar lo que dijeron? Pasá a estilo indirecto (verbo introductorio en pasado).,‘Dovrei chiamare mia madre domani mattina perché sta male.’ → Paola mi ha spiegato che ___.,avrebbe dovuto chiamare sua madre la mattina dopo perché stava male,"avrebbe dovuto chiamare sua madre la mattina seguente perché stava male | doveva chiamare sua madre la mattina dopo perché stava male | avrebbe dovuto chiamare sua madre l'indomani mattina perché stava male | avrebbe dovuto chiamare sua madre la mattina dopo, perché stava male",,,,
52,s:r20-08b:a,cloze,¿Cómo protestarías? Completá con la forma correcta del verbo.,"Loro me lo ___ dire, almeno! (potere – podrían habérmelo dicho)",avrebbero potuto,potevano,,,,
52,s:r20-08b:b,cloze,¿Cómo protestarías? Completá con la forma correcta del verbo.,"Mio figlio me lo ___ dire, almeno! (dovere – debería habérmelo dicho)",avrebbe dovuto,doveva,,,,
52,s:r20-08b:c,cloze,¿Cómo protestarías? Completá con la forma correcta del verbo.,Qualcuno mi ___ avvertire almeno! (potere – podría haberme avisado),avrebbe potuto,poteva,,,,
52,s:r20-09b:a,cloze,"Si hubieras sabido, lo habrías ayudado. Completá con la forma correcta de los verbos.",Ho dovuto prendere un tassì. – Ma se lo ___ ti ___ a prendere. (sapere; venire),avessi saputo | sarei venuto,avessi saputo | sarei venuta | sapevo | venivo,,,,
52,s:r20-09b:b,cloze,"Si hubieras sabido, lo habrías ayudado. Completá con la forma correcta de los verbos.",Ho perso la mia carta di credito. – Ma se me lo ___ ti ___ dei soldi. (dire; prestare),avessi detto | avrei prestato,dicevi | prestavo,,,,
52,s:r20-09b:c,cloze,"Si hubieras sabido, lo habrías ayudado. Completá con la forma correcta de los verbos.",Giovanni non ha capito quello che bisogna fare. – Ma bastava chiamarmi e glielo ___ subito! (spiegare),avrei spiegato,spiegavo,,,,
52,s:r21-01b:a,cloze,Completá el condicional compuesto con el auxiliar correcto (essere o avere).,(io) ___ venuto/a prima.,sarei,,,,,
52,s:r21-01b:b,cloze,Completá el condicional compuesto con el auxiliar correcto (essere o avere).,(io) ___ telefonato ieri.,avrei,,,,,
52,s:r21-01b:c,cloze,Completá el condicional compuesto con el auxiliar correcto (essere o avere).,(loro) ___ partiti/e più tardi.,sarebbero,,,,,
52,s:r21-01b:d,cloze,Completá el condicional compuesto con el auxiliar correcto (essere o avere).,Mi ___ arrabbiato/a.,sarei,,,,,
52,s:r21-01b:f,cloze,Completá el condicional compuesto con el auxiliar correcto (essere o avere).,Ci ___ divertiti/e.,saremmo,,,,,
52,s:r21-02b:a,translate,¿Qué habrías hecho vos? Respondé en italiano con el condicional compuesto.,"Non hanno fatto la fila, sono passati davanti a noi. Voi cosa avreste fatto? – ___ (Habríamos protestado.)",Avremmo protestato,,,,,
52,s:r21-02b:b,translate,¿Qué habrías hecho vos? Respondé en italiano con el condicional compuesto.,Sono arrivati con tre ore di ritardo. Tu come avresti reagito? – ___ (Me habría enojado.),Mi sarei arrabbiato,Mi sarei arrabbiata | Sarei stato arrabbiato | Sarei stata arrabbiata,,,,
52,s:r21-02b:c,translate,¿Qué habrías hecho vos? Respondé en italiano con el condicional compuesto.,Mi hanno fatto pagare troppo. Tu cosa avresti fatto? – ___ (Me habría quejado. – lamentarsi),Mi sarei lamentato,Mi sarei lamentata,,,,
52,s:r21-03b:a,translate,Me gustaría… me habría gustado. Respondé en italiano con el condicional (simple y compuesto) del mismo verbo de la pregunta: piacere o volere.,"Ti sarebbe piaciuto andare? – Sì, ___ (Sí, me habría gustado ir. Me gustaría ir mañana.)",mi sarebbe piaciuto andare. Mi piacerebbe andare domani,mi sarebbe piaciuto andarci. Mi piacerebbe andarci domani,,,,
52,s:r21-03b:b,translate,Me gustaría… me habría gustado. Respondé en italiano con el condicional (simple y compuesto) del mismo verbo de la pregunta: piacere o volere.,"Avresti voluto parlargli? – Sì, ___ (Sí, me habría gustado hablarle. Me gustaría hablarle pronto.)",avrei voluto parlargli. Vorrei parlargli presto,gli avrei voluto parlare. Gli vorrei parlare presto | avrei voluto parlargli. Gli vorrei parlare presto | gli avrei voluto parlare. Vorrei parlargli presto,,,,
52,s:r21-03b:c,translate,Me gustaría… me habría gustado. Respondé en italiano con el condicional (simple y compuesto) del mismo verbo de la pregunta: piacere o volere.,"Gli sarebbe piaciuto venire? – Sì, ___ (Sí, le habría gustado venir. Le gustaría venir la semana que viene.)",gli sarebbe piaciuto venire. Gli piacerebbe venire la settimana prossima,,,,,
52,s:r21-03b:d,translate,Me gustaría… me habría gustado. Respondé en italiano con el condicional (simple y compuesto) del mismo verbo de la pregunta: piacere o volere.,"Avresti voluto finire il lavoro? – Sì, ___ (Sí, me habría gustado terminar el trabajo. Me gustaría terminarlo pronto.)",avrei voluto finire il lavoro. Vorrei finirlo presto,avrei voluto finire il lavoro. Lo vorrei finire presto,,,,
52,s:r21-03c:c,choice,¿Hecho posible o imposible? Decidí si lo que expresa el condicional compuesto pudo cumplirse. Una de las oraciones es ambigua.,Alla fine l'ufficio ci ha avvisato che avrebbe inviato il codice fiscale al più presto.,posible,,posible | imposible | ambigua,,,
52,s:r21-04b:a,translate,Demasiado tarde: ¿qué no deberían haber hecho? Traducí al italiano.,No tendría que haber comprado esos zapatos.,Non avrei dovuto comprare quelle scarpe.,,,,,
52,s:r21-04b:b,translate,Demasiado tarde: ¿qué no deberían haber hecho? Traducí al italiano.,No tendrías que haber pagado en efectivo. (tu – in contanti),Non avresti dovuto pagare in contanti.,,,,,
52,s:r21-04b:c,translate,Demasiado tarde: ¿qué no deberían haber hecho? Traducí al italiano.,No tendrían que haberla contratado. (voi – impiegare),Non avreste dovuto impiegarla.,Non l'avreste dovuta impiegare. | Non l'avreste dovuto impiegare. | Non la avreste dovuta impiegare.,,,,
52,s:r21-04b:d,translate,Demasiado tarde: ¿qué no deberían haber hecho? Traducí al italiano.,Ellos no tendrían que haber tomado ese vino.,Non avrebbero dovuto bere quel vino.,,,,,
52,s:r21-04c:a,translate,Traducí al italiano usando el condicional periodístico (información no confirmada).,"Al parecer, el ministro no estaría dispuesto a renunciar.",Il ministro non sarebbe disposto a dare le dimissioni.,"Il ministro non sarebbe disposto a dimettersi. | A quanto pare, il ministro non sarebbe disposto a dare le dimissioni. | A quanto pare, il ministro non sarebbe disposto a dimettersi.",,,,
52,s:r21-04c:c,translate,Traducí al italiano usando el condicional periodístico (información no confirmada).,"Según parece, el asaltante habría disparado dos veces.",Il rapinatore avrebbe sparato due volte.,"A quanto pare, il rapinatore avrebbe sparato due volte. | A quanto sembra, il rapinatore avrebbe sparato due volte.",,,,
52,s:r22-02:b,translate,Estas indicaciones se las diste a tus sobrinos en una salida. ¿Qué le habrías dicho a uno solo? Pasalas al imperativo de tu.,State attenti!,Sta' attento!,Stai attento! | Sta attento! | Sta' attenta! | Stai attenta! | Sta attenta!,,,,
52,s:r22-05:b,cloze,Traducí al italiano con el imperativo de tu y de Lei (en ese orden).,Decile que venga / Dígale que venga. (dire a) → tu: ___ · Lei: ___,dille di venire | le dica di venire,digli di venire | gli dica di venire,,,,
52,s:r24-02c:d,translate,Completá en italiano la parte indicada entre paréntesis.,Era evidente che ___. (…no estaban dispuestos a ayudar – essere disposto a),non erano disposti ad aiutare,non erano disposte ad aiutare,,,,
52,s:r24-02c:e,translate,Completá en italiano la parte indicada entre paréntesis.,___ era evidente. (Que no estuvieran dispuestos a ayudar…),Che non fossero disposti ad aiutare,Che non fossero disposte ad aiutare,,,,
52,s:r24-03:a,cloze,Formá el presente del subjuntivo singular (io/tu/lui) de estos verbos de presente irregular.,contenere → che io/tu/lui ___,contenga,,,,,
52,s:r24-03:b,cloze,Formá el presente del subjuntivo singular (io/tu/lui) de estos verbos de presente irregular.,intervenire → che io/tu/lui ___,intervenga,,,,,
52,s:r24-03:e,cloze,Formá el presente del subjuntivo singular (io/tu/lui) de estos verbos de presente irregular.,opporre → che io/tu/lui ___,opponga,,,,,
52,s:r24-04d:b,cloze,Reportá lo que se dijo empezando con la frase dada: completá los verbos.,Daremo un premio a chiunque risolverà il problema. → Dissero che ___ un premio a chiunque ___ il problema.,avrebbero dato | avesse risolto,avrebbero dato | risolvesse,,,,
52,s:r27-05b:d,translate,Traducí al italiano. Fijate en la diferencia entre acción completa (infinitivo) y acción en curso (che + imperfecto).,¿Anoche vieron a los espectadores silbar al tenor?,Ieri sera avete visto gli spettatori fischiare il tenore?,,,,,
52,s:r27-06b:b,translate,Consejos de tus amigos sobre tus hijos: completá en italiano. En e y f hay varias posibilidades.,___ studiare medicina. (Hacé que estudie…),Fagli,Fallo,,,,
52,s:r27-06b:d,translate,Consejos de tus amigos sobre tus hijos: completá en italiano. En e y f hay varias posibilidades.,___ consegnare i compiti. (Hacé que entreguen…),Fagli,Fa' loro,,,,
