Semana,Bloque,Título,Regla,Atención,Ejemplos,Tabla,OK (sí/no),Corrección,Comentario
1,1,Un alfabeto de 21 letras,"Sin *j, k, w, x, y* (salvo préstamos) ni *ñ*. La *h* no suena nunca. Las cinco vocales, limpias como en castellano.",,"il jazz, il weekend = préstamos: se escriben como en el original · ho / o = tengo / o: la h no suena · signore = señor: la ñ se escribe gn",,,,
1,2,c y g cambian según la vocal,"*c* y *g* son duras ante *a, o, u* y blandas ante *e, i*. La *h* las endurece; una *i* muda las ablanda.",,,"ca, co, cu / ka, ko, ku / casa, cosa, cubo · ce, ci / che, chi (como en «chico») / cena, cinema · che, chi / ke, ki / perché, chiave · cia, cio, ciu / cha, cho, chu / ciao, cioccolata · ga, go, gu / ga, go, gu / gatto, gonna · ge, gi / dy, como la j inglesa de «jeans» / gelato, giro · ghe, ghi / gue, gui / spaghetti, ghiaccio · gn / ñ / signore, bagno · gli / ll tradicional (no la rioplatense), casi «li» rápida / figlio, aglio · sce, sci / sh inglesa / pesce, sciare · z / ts o dz / grazie, zero",,,
1,3,Las dobles consonantes,Una consonante doble **dura más** y cambia la palabra: *nono* (noveno) no es *nonno* (abuelo).,"Es la falta más frecuente del hispanohablante: *bello*, *sorella*, *mamma*, *appartamento* se escriben con doble.",nono / nonno = noveno / abuelo · casa / cassa = casa / caja · pena / penna = pena / lapicera · sete / sette = sed / siete,,,,
1,4,El acento: dónde cae y cuándo se escribe,"La mayoría son llanas (*CA-sa*). La tilde solo se escribe si el acento cae en la última sílaba: *città*, *perché*, *caffè*.",,"città, caffè, però = tilde: acento al final · abitano, telefono, camera = esdrújulas sin tilde: Á-bitano, te-LÉ-fono · è / e = es / y",,,,
1,5,Detalles que se pegan rápido,"*qu* suena «cu». La *s* entre vocales suele ser sonora. La *r* simple es un toque; la *rr*, vibrante.",,"questo = «cuésto», nunca «késto» · rosa = s sonora, como una z inglesa · caro / carro = querido (r simple) / carro (rr vibrante)",,,,
1,6,"Siete vocales, no cinco","La *e* y la *o* acentuadas pueden ser **abiertas** (*è*, *ò*) o **cerradas** (*é*, *ó*). A veces cambian la palabra.","Ni *b* = *v* ni «e» delante de *s* + consonante: *vino* con v de labios y dientes, *scuola* y *studente*, nunca «escuola».",pèsca / pésca = durazno / pesca (de pescar) · è / e = es (abierta) / y · pòrta / sóle = puerta (o abierta) / sol (o cerrada),,,,
1,7,Tus dos primeros verbos: essere y avere,*essere* = ser y casi siempre «estar»; *avere* = tener. Son irregulares: se aprenden de memoria. El pronombre se suele omitir.,"*è* (es) lleva tilde; *e* (y), no. Y *ho, hai, ha, hanno* se leen «o, ai, a, anno».",Sono di Buenos Aires. = Soy de Buenos Aires. · Il caffè è caldo. = El café está caliente. · Ho vent'anni. = Tengo veinte años. · C'è un bar qui vicino? = ¿Hay un bar cerca de acá?,io / sono / ho · tu / sei / hai · lui / lei / è / ha · noi / siamo / abbiamo · voi / siete / avete · loro / sono / hanno,,,
2,1,El esquema básico,"*-o → -i* (masculino), *-a → -e* (femenino), *-e → -i* (**cualquiera de los dos**). El género de los en *-e* se aprende con la palabra.",,,-o / -i / masculino / libro → libri · -a / -e / femenino / casa → case · -e / -i / masc. o fem. / studente → studenti; chiave → chiavi,,,
2,2,"Plurales con h: -chi, -ghi","Para no ablandar *c* y *g*, muchos plurales agregan **h**: *amica → amiche*. Es ortografía: el sonido no cambia.","Excepciones llanas sin *h*: *amico → amici*, *greco → greci*, *nemico → nemici*.",,"-ca, -ga / -che, -ghe (siempre) / amica → amiche; riga → righe · -co, -go (llanas) / -chi, -ghi / banco → banchi; lago → laghi · -co, -go (esdrújulas) / -ci, -gi (salvo dialogo → dialoghi, carico → carichi) / medico → medici; biologo → biologi · -cia, -gia (vocal antes) / -cie, -gie / camicia → camicie; valigia → valigie · -cia, -gia (consonante antes) / -ce, -ge / arancia → arance; spiaggia → spiagge · -io (i átona) / -i / figlio → figli · -io (i tónica) / -ii / zio → zii",,,
2,3,Los que no cambian,"**Invariables**: terminados en consonante, en vocal con tilde, monosílabos y en *-i*. Solo cambia el artículo.",,il film → i film = consonante · la città → le città; il caffè → i caffè = vocal con tilde · il re → i re = monosílabo · la crisi → le crisi = en -i · Le città italiane sono belle. = Las ciudades italianas son lindas.,,,,
2,4,Irregulares de todos los días,"Pocos, pero frecuentes. Varias partes del cuerpo hacen el plural en **-a** y pasan a femenino: *il braccio → le braccia*.",,,l'uomo / gli uomini / el hombre · l'uovo (m.) / le uova (f.) / cambia de género · il braccio / le braccia / partes del cuerpo: plural en -a · il dito / le dita / íd. · il ginocchio / le ginocchia / íd. · la mano / le mani / femenino aunque termine en -o · il paio / le paia / el par · il dio / gli dei / el dios,,,
2,5,Géneros que no coinciden,"No confíes en el castellano: *il latte, il sale, il fiore, il miele* son masculinos; *la fine, l'origine, la domenica, l'arte* son femeninos.","*il sangue* (la sangre), *il costume* (la costumbre), *il carcere* (la cárcel), *l'analisi* (f., el análisis). Son las que más puntos hacen perder.",,,,,
2,6,Los de -ista,En singular sirven para los dos géneros (*il / la giornalista*); en plural se separan: *i giornalisti* / *le giornaliste*.,,il turista / la turista = el turista / la turista · i turisti / le turiste = los turistas / las turistas,,,,
3,1,Determinados: el sonido decide,"*il / i* ante consonante; *l' / gli* ante vocal; *lo / gli* ante **s + consonante, z, gn, ps, pn, x, y**. Femenino: *la / le*, *l'* ante vocal.",,,"masc. ante consonante común / il / i / il libro → i libri · masc. ante vocal / l' / gli / l'amico → gli amici · masc. ante s+consonante, z, gn, ps, pn, x, y / lo / gli / lo studente → gli studenti; lo zio → gli zii · fem. ante consonante / la / le / la casa → le case · fem. ante vocal / l' / le / l'amica → le amiche",,,
3,2,"Indeterminados: un, uno, una, un'",*un* ante consonante y vocal; *uno* donde iría *lo*; *una* femenino; *un'* femenino ante vocal.,"*un amico* sin apóstrofo, *un'amica* con apóstrofo. El apóstrofo marca el femenino: pregunta clásica de examen.","un libro, un amico = masculino: sin apóstrofo · uno studente, uno zaino = como lo · una casa = femenino · un'amica = femenino ante vocal: con apóstrofo",,,,
3,3,Preposiciones articuladas,"*di, a, da, in, su* + artículo determinado se **fusionan siempre**, con todos los artículos: *di + il = del*, *in + la = nella*.",,,di / del / dello / dell' / dei / degli / della / delle · a / al / allo / all' / ai / agli / alla / alle · da / dal / dallo / dall' / dai / dagli / dalla / dalle · in / nel / nello / nell' / nei / negli / nella / nelle · su / sul / sullo / sull' / sui / sugli / sulla / sulle,,,
3,4,"El partitivo: «algo de», «unos»","*di* + artículo expresa una cantidad indeterminada, donde el castellano no pone nada o pone «unos».",,Compro del pane. = Compro pan. · C'è dell'acqua in frigo. = Hay agua en la heladera. · Ho degli amici a Roma. = Tengo (unos) amigos en Roma.,,,,
3,5,Artículo donde el castellano no lo pone (y dónde no va),"Llevan artículo: **posesivos** (*il mio libro*), años (*nel 1999*), **países y regiones** (*l'Italia, la Toscana*), lenguas (*studio l'italiano*).","**Sin artículo**: ciudades (*Roma è bella, vado a Roma*) y parientes en singular sin adjetivo (*mio padre*; pero *i miei fratelli*). Con *in* el país lo pierde: *abito in Italia*.",La mia casa è grande. = Mi casa es grande. · L'Italia è bella. = Italia es linda. · Roma è bella. = Roma es linda. · il lunedì = los lunes (costumbre),,,,
4,1,Dos clases y nada más,"Los adjetivos en *-o* tienen **4 formas**; los en *-e*, **2**. Con géneros mezclados gana el masculino plural.",,Marco e Anna sono italiani. = Marco y Ana son italianos.,"en -o (4 formas) / -o / -a / -i / -e / alto, alta, alti, alte · en -e (2 formas) / -e / -e / -i / -i / grande, grande, grandi, grandi",,,
4,2,Delante o detrás: cambia el sentido,"Por defecto el adjetivo va **detrás**. Los frecuentes (*bello, buono, grande, vecchio, nuovo, povero*) suelen ir delante, y a veces cambian de sentido.",,un uomo grande / un grand'uomo = un hombre corpulento / un gran hombre · un amico vecchio / un vecchio amico = un amigo viejo / un viejo amigo · una casa nuova / una nuova casa = una casa nueva / otra casa · un uomo povero / un povero uomo = un hombre pobre / un pobre hombre,,,,
4,3,bello y quello copian al artículo,"Delante del sustantivo, *bello* y *quello* toman la forma de *il / lo / l' / i / gli*. Detrás del verbo, *bello* es normal.",,,"il / bel / quel / quel bel libro · lo / bello / quello / quello studente · l' / bell' / quell' / quell'albergo, un bell'albergo · i / bei / quei / quei bei quadri · gli / begli / quegli / quegli studenti, quei begli occhi · la / le / bella / belle / quella / quelle / quella bella casa",,,
4,4,"buono, grande, santo se acortan","*buono* delante copia a *un / uno / una / un'*. *grande* → *gran*, *grand'*. *santo* → *san*, *sant'*.",El castellano apocopa *buen* y *san* solo en masculino. El italiano también tiene *buon'amica* en femenino.,"un buon amico, un buono studente = como un / uno · una buona idea, una buon'amica = como una / un' · un gran successo, un grand'uomo = un gran éxito, un gran hombre · San Marco, Santo Stefano, Sant'Antonio = ante consonante, s impura, vocal",,,,
5,1,Las tres conjugaciones,"*tu* termina **siempre en -i** y *noi* **siempre en -iamo**, en las tres conjugaciones.","*loro* se acentúa en la raíz: *PAR-lano*, *VEN-dono*, *A-bitano*, *te-LE-fonano*. Decir «parLAno» te delata enseguida.",,io / parlo / vendo / dormo / finisco · tu / parli / vendi / dormi / finisci · lui/lei / parla / vende / dorme / finisce · noi / parliamo / vendiamo / dormiamo / finiamo · voi / parlate / vendete / dormite / finite · loro / parlano / vendono / dormono / finiscono,,,
5,2,Los verbos en -isc-,Muchos verbos en *-ire* meten **-isc-** en todas las personas menos *noi* y *voi*. No hay regla: se aprenden con la palabra.,,Non capisco. = No entiendo. · Capiamo tutto. = Entendemos todo. · Preferisco il tè. = Prefiero el té.,,,,
5,3,Grafías que cambian la raíz,La escritura sigue al **sonido**: *cercare → cerchi* (conserva la k); *mangiare → mangi* (la *i* sobra).,,,"cercare, pagare / se agrega h para mantener el sonido duro / cerchi, paghi / cerchiamo, paghiamo · cominciare, mangiare / se pierde la i de la raíz / cominci, mangi / cominciamo, mangiamo · studiare (i átona) / se funden las dos i / studi / studiamo · sciare (i tónica) / se conservan las dos / scii / sciamo",,,
5,4,El sujeto se omite; Lei para usted,"La terminación ya dice quién habla: *io, tu, lui* solo para enfatizar. El trato formal es **Lei** + tercera persona singular.",,"Io lavoro, tu no. = Yo trabajo, vos no. · Lei parla italiano? = ¿Usted habla italiano?",,,,
6,1,Los cuatro pilares,"*essere, avere, andare, stare*: de memoria. La *h* de *ho, hai, ha, hanno* **no suena**; solo distingue en la escritura.",,,io / sono / ho / vado / sto · tu / sei / hai / vai / stai · lui/lei / è / ha / va / sta · noi / siamo / abbiamo / andiamo / stiamo · voi / siete / avete / andate / state · loro / sono / hanno / vanno / stanno,,,
6,2,"Modales, sapere y fare","*potere, volere, dovere* van seguidos de **infinitivo**: *posso venire*. *sapere* = saber; *fare* = hacer.",,Devo lavorare. = Tengo que trabajar. · Vuoi un caffè? = ¿Querés un café?,io / posso / voglio / devo / so / faccio · tu / puoi / vuoi / devi / sai / fai · lui/lei / può / vuole / deve / sa / fa · noi / possiamo / vogliamo / dobbiamo / sappiamo / facciamo · voi / potete / volete / dovete / sapete / fate · loro / possono / vogliono / devono / sanno / fanno,,,
6,3,Seis irregulares más,"*venire, uscire, dire, bere, dare, rimanere*. Varios meten una **g** solo en *io* y *loro*: *rimango / rimangono*.",,,io / vengo / esco / dico / bevo / do / rimango · tu / vieni / esci / dici / bevi / dai / rimani · lui/lei / viene / esce / dice / beve / dà / rimane · noi / veniamo / usciamo / diciamo / beviamo / diamo / rimaniamo · voi / venite / uscite / dite / bevete / date / rimanete · loro / vengono / escono / dicono / bevono / danno / rimangono,,,
6,4,El italiano no diptonga,"Donde el castellano rompe la vocal (*puedo, duermo, pienso*), el italiano **la deja entera**: *posso, dormo, penso*.","Excepciones pocas: *vieni, vuole, può*. En *gioco* la *i* es solo gráfica. Si tu instinto quiere diptongar, frenalo.",Non posso venire. = No puedo venir. · Dormo poco. = Duermo poco. · Penso di sì. = Pienso que sí. · Quanto costa? = ¿Cuánto cuesta?,,,,
6,5,essere o stare,"*stare* = «estar» **de salud** y «quedarse». Estados, cualidades y ubicación van con *essere*.",,Come stai? = ¿Cómo estás? · Stasera sto a casa. = Esta noche me quedo en casa. · Sono stanco. = Estoy cansado. · Sono a Roma. = Estoy en Roma. · La porta è aperta. = La puerta está abierta.,,,,
6,6,stare + gerundio,"*stare* + gerundio = acción **en curso ahora mismo**. Gerundio: *-are → -ando*, *-ere / -ire → -endo*.","Se usa mucho menos que en castellano. Costumbres y planes van en presente: *lavoro a Milano* (estoy trabajando en Milán), *stasera esco*.",Sto leggendo un libro. = Estoy leyendo un libro. · Cosa stai facendo? = ¿Qué estás haciendo? · Stiamo cenando. = Estamos cenando.,,,,
7,1,Cardinales: una sola palabra,"Se escriben **pegados**: *ventidue, centoventitré*. *-uno* y *-otto* comen la vocal de la decena: *ventuno, ventotto*. Desde *venti*, *tre* lleva tilde.",*cento* no cambia (*trecento*); *mille* → *mila* pegado (*duemila*). *milione* y *miliardo* son sustantivos: *due milioni di persone*.,,1 uno / 11 undici / 21 ventuno / 100 cento · 2 due / 12 dodici / 22 ventidue / 200 duecento · 3 tre / 13 tredici / 23 ventitré / 1.000 mille · 4 quattro / 14 quattordici / 30 trenta / 2.000 duemila · 5 cinque / 15 quindici / 40 quaranta / 10.000 diecimila · 6 sei / 16 sedici / 50 cinquanta / 1.000.000 un milione · 7 sette / 17 diciassette / 60 sessanta /  · 8 otto / 18 diciotto / 70 settanta /  · 9 nove / 19 diciannove / 80 ottanta /  · 10 dieci / 20 venti / 90 novanta / ,,,
7,2,Ordinales,"Del 1 al 10, forma propia. Desde el 11: cardinal sin vocal final + **-esimo**: *undicesimo, ventesimo*. Concuerdan como adjetivos en *-o*.",,"primo, secondo, terzo, quarto, quinto = 1.º a 5.º · sesto, settimo, ottavo, nono, decimo = 6.º a 10.º · ventitreesimo = 23.º: la e de tre se conserva · la prima volta = la primera vez",,,,
7,3,Fechas,"*il* + número + mes, **sin «de»**. Cardinal para todos los días salvo el 1, que es *primo*.",,Oggi è il 5 maggio. = Hoy es el 5 de mayo. · Il primo gennaio. = El primero de enero. · Nel 2003. = En 2003.,,,,
7,4,La hora,"*Che ora è?* o *Che ore sono?* Se responde en **plural** con *le*: *Sono le tre*. En singular solo *l'una*, *mezzogiorno*, *mezzanotte*.","«A las…» es *alle tre*, pero *all'una*, *a mezzogiorno*, *a mezzanotte*.",Sono le tre. / È l'una. = Son las tres. / Es la una. · Sono le due e un quarto. = Son las dos y cuarto. · Sono le otto e mezza. = Son las ocho y media. · Sono le cinque meno un quarto. = Son las cinco menos cuarto. · Il treno parte alle 14:30. = El tren sale a las 14:30.,,,,
8,1,Sí o no: solo entonación,"La pregunta es la afirmación con **entonación** de pregunta. Se escribe solo el signo de cierre, al final; el de apertura no se usa.",,Parli italiano. → Parli italiano? = Hablás italiano. → ¿Hablás italiano? · Vieni con noi? = ¿Venís con nosotros? · Hai fame? = ¿Tenés hambre? · Non sei d'accordo? = ¿No estás de acuerdo?,,,,
8,2,Los interrogativos,Van al principio. *quanto* concuerda (*quanti anni*); *perché* sirve para «por qué» **y** «porque».,,Perché non vieni? — Perché sono stanco. = ¿Por qué no venís? — Porque estoy cansado.,chi / quién / Chi è? · che / che cosa / cosa / qué / Cosa fai? · quale / quali / cuál(es) / Quale preferisci? · quanto/a/i/e / cuánto / Quanti anni hai? · come / cómo / Come stai? · dove / dónde / Dove abiti? · quando / cuándo / Quando parti? · perché / por qué / porque / Perché non vieni? · come mai / cómo es que / Come mai sei qui?,,,
8,3,La preposición va adelante,"La preposición **abre** la pregunta, nunca queda al final ni se omite.",,Di chi è questa borsa? = ¿De quién es esta cartera? · Con chi esci stasera? = ¿Con quién salís esta noche? · A che ora comincia? = ¿A qué hora empieza? · Da dove vieni? = ¿De dónde venís? · Di che cosa parlate? = ¿De qué hablan?,,,,
8,4,che o quale; qual è,*che* pregunta qué tipo de cosa; *quale* pide **elegir** entre opciones conocidas.,"*Qual è* va **sin apóstrofo**: es un truncamiento, no una elisión. «Qual'è» es de las faltas más marcadas por los correctores.","Che libro leggi? = ¿Qué (tipo de) libro leés? · Quale libro preferisci, questo o quello? = ¿Cuál preferís, este o aquel? · Qual è il problema? = ¿Cuál es el problema?",,,,
8,5,El sujeto va al final,"Si la pregunta tiene sujeto explícito, va **después del verbo**, al final.",,Dove abita Marco? = ¿Dónde vive Marco? · Che cosa dice il professore? = ¿Qué dice el profesor? · Quanto costano queste scarpe? = ¿Cuánto cuestan estos zapatos?,,,,
9,1,Las ocho preposiciones simples,"*di, a, da, in, con, su, per, tra / fra*. Cada una tiene varios valores: aprendelas **con su ejemplo**, no con una traducción.",,,"di / posesión, materia, origen, cantidad / il libro di Marco; sono di Roma · a / destino a ciudad, hora, complemento indirecto / vado a Roma; alle otto; scrivo a Luca · da / origen, casa de alguien, agente, finalidad, duración / vengo da Milano; vado da Anna · in / lugar cerrado, países, medios de transporte / in Italia; in banca; in treno · con / compañía, instrumento / esco con Anna · su / sobre, acerca de / sul tavolo; un libro su Dante · per / finalidad, destino, duración / parto per Roma; per due ore · tra / fra / entre; dentro de (tiempo) / tra amici; torno tra un'ora",,,
9,2,a o in,"**a** con ciudades; **in** con países, regiones y continentes. Para los lugares comunes, memorizá el par.",,"Vivo a Bologna, in Italia. = Vivo en Bolonia, en Italia. · Vado in Francia in macchina. = Voy a Francia en auto. · Sono in ufficio fino alle sei. = Estoy en la oficina hasta las seis.",,,,
9,3,"da, la que no tiene equivalente",*da* no tiene traducción única. Estos cinco usos aparecen **todo el tiempo**.,,,procedencia / Vengo da Napoli. / Vengo de Nápoles. · casa / negocio de alguien / Vado dal medico. / Voy al médico. · finalidad del objeto / occhiali da sole / anteojos de sol · agente de la pasiva / scritto da Calvino / escrito por Calvino · duración que sigue abierta / Studio italiano da due anni. / Estudio italiano desde hace dos años.,,,
9,4,Presente + da: lo que sigue pasando,Para algo que empezó antes y **sigue**: **presente + da** + tiempo. Nunca pasado.,"El castellano dice «hace… que». El italiano no usa *fa* ni pasado acá: *studio da due anni*, no «studio fa due anni».",Abito qui da cinque anni. = Vivo acá desde hace cinco años. · Ti aspetto da un'ora! = ¡Hace una hora que te espero!,,,,
9,5,Verbos con su preposición,"Muchos verbos llevan una preposición fija, distinta del castellano. Aprendé **verbo + preposición** juntos.","*cerco un libro*, *ascolto la musica*, *aspetto Marco*: **sin** preposición. Con persona el castellano pone «a» (espero a Marco); el italiano no.","pensare a, credere a / in = pensar en, creer en · sognare di + infinitivo; sognare qualcuno (sin preposición); innamorarsi di = soñar con hacer algo; soñar con alguien; enamorarse de · entrare in, salire su = entrar en / a, subir a · dipendere da, sposarsi con = depender de, casarse con · cominciare a, finire di = empezar a, terminar de",,,,
10,1,El cuadro entero,"Los **átonos** van delante del verbo: *ti vedo*. Los **tónicos**, después de preposición o para enfatizar: *con me*, *per te*.",,"Lo dico a te, non a lui. = Te lo digo a vos, no a él.",io / mi / mi / me · tu / ti / ti / te · lui / lo / gli / lui · lei / la / le / lei · Lei (formal) / La / Le / Lei · noi / ci / ci / noi · voi / vi / vi / voi · loro / li / le / gli (loro) / loro,,,
10,2,Directo o indirecto,Directo: sin preposición (*vedo Marco → lo vedo*). Indirecto: con *a* (*telefono a Marco → gli telefono*). Solo cambia en tercera persona.,,"Vedo Marco → Lo vedo. = Veo a Marco → Lo veo. · Telefono a Marco → Gli telefono. = Llamo a Marco → Lo llamo (en it., indirecto). · Vedo Anna → La vedo. = Veo a Ana → La veo. · Scrivo ad Anna → Le scrivo. = Le escribo a Ana. · Conosco i tuoi amici → Li conosco. = Conozco a tus amigos.",,,,
10,3,Sin leísmo y sin «a» personal,*le* singular es **siempre indirecto** femenino. Y el objeto directo de persona va **sin *a***: *vedo Marco*.,«Le vedo» por «lo veo» es error grave: *le vedo* solo significa «las veo». Y nunca «vedo a Marco».,,,,,
10,4,Dónde se coloca el pronombre,Delante del verbo conjugado (*ti chiamo*); **pegado** al infinitivo (*voglio chiamarti*). Con modales valen las dos: *ti voglio vedere* = *voglio vederti*.,,,,,,
11,1,La forma,"Presente de *avere* o *essere* + participio. Participios regulares: *-are → -ato*, *-ere → -uto*, *-ire → -ito*.",,Ieri ho mangiato la pizza. = Ayer comí pizza. · Ho venduto la macchina. = Vendí el auto. · Abbiamo dormito bene. = Dormimos bien.,ho parlato / abbiamo parlato / sono andato/a / siamo andati/e · hai parlato / avete parlato / sei andato/a / siete andati/e · ha parlato / hanno parlato / è andato/a / sono andati/e,,,
11,2,Cuál auxiliar,"*avere* con los verbos que pueden llevar objeto directo. *essere* con movimiento, permanencia, cambio de estado, reflexivos e impersonales, y la familia de *piacere*.","No todo movimiento va con *essere*: *camminare, viaggiare, nuotare* van con *avere*. Y *essere* usa *essere* (*sono stato*); *avere* usa *avere* (*ho avuto*).",Ho letto il libro. = Leí el libro. · Sono andato a Roma. = Fui a Roma. · Ti è piaciuto il film? = ¿Te gustó la película?,"movimiento / andare, venire, arrivare, partire, uscire, entrare, tornare, salire, scendere, cadere · permanencia / restare, rimanere, stare · cambio de estado / nascere, morire, diventare, crescere, guarire, dimagrire · existencia / essere, esserci · gustar y afines / piacere, mancare, sembrare, costare, servire, bastare, succedere · todos los reflexivos / alzarsi, lavarsi, divertirsi...",,,
11,3,"Con essere, el participio concuerda","Con *essere*, el participio **concuerda con el sujeto** en género y número: *-o, -a, -i, -e*.",,Marco è partito. / Anna è partita. = Marco se fue. / Ana se fue. · Siamo arrivati tardi. = Llegamos tarde. · Le ragazze sono uscite. = Las chicas salieron.,,,,
11,4,Verbos con los dos auxiliares,"Algunos aceptan los dos, con sentido distinto: **con objeto directo, *avere***; sin objeto, *essere*.",,Ho cambiato idea. / Sono cambiato molto. = Cambié de idea. / Cambié mucho (yo). · Ho finito il lavoro. / Il film è finito. = Terminé el trabajo. / La película terminó. · Ho passato tre giorni lì. / Sono passato da casa tua. = Pasé tres días ahí. / Pasé por tu casa. · Ho salito le scale. / Sono salito sul treno. = Subí las escaleras. / Me subí al tren.,,,,
11,5,Modales: manda el infinitivo,"Con *potere, volere, dovere*, el auxiliar lo elige el infinitivo que sigue: *ho dovuto studiare*, pero *sono dovuto andare*.",,Ho voluto vedere il film. = Quise ver la película. · Sono dovuta partire presto. = Tuve que irme temprano.,,,,
11,6,Participios irregulares imprescindibles,"Muchos verbos frecuentes, sobre todo en *-ere*, tienen participio irregular. Aprendelos de memoria junto con el infinitivo.",,,essere / stato / fare / fatto · prendere / preso / dire / detto · mettere / messo / scrivere / scritto · leggere / letto / vedere / visto · chiedere / chiesto / rispondere / risposto · aprire / aperto / offrire / offerto · venire / venuto / rimanere / rimasto · scegliere / scelto / vivere / vissuto · bere / bevuto / perdere / perso · chiudere / chiuso / decidere / deciso · nascere / nato / morire / morto · succedere / successo / correre / corso,,,
11,7,"già, mai, ancora: en el medio","Los adverbios cortos (*già, mai, ancora, sempre, appena*) van **entre** el auxiliar y el participio.",,Ho già mangiato. = Ya comí. · Non ho ancora finito. = Todavía no terminé. · Non ci sono mai stato. = Nunca estuve ahí. · Ha sempre lavorato qui. = Siempre trabajó acá. · Ho appena parlato con lui. = Recién hablé con él.,,,,
11,8,Pronombre directo: el participio concuerda,"Con *lo, la, li, le* delante, el participio **concuerda** aunque el auxiliar sea *avere*. Con *mi, ti, ci, vi*, es opcional.","*lo* y *la* se apostrofan ante *ho*: *l'ho visto*, *l'ho vista*. *li* y *le*, nunca: *li ho visti*.",Ho visto Anna → L'ho vista. = La vi. · Ho comprato i libri → Li ho comprati. = Los compré. · Ho letto le lettere → Le ho lette. = Las leí.,,,,
12,1,Los reflexivos,"Pronombre *mi, ti, si, ci, vi, si* delante del verbo. El infinitivo se cita con *-si* pegado: *alzarsi, lavarsi, chiamarsi*.",,Mi chiamo Luca. = Me llamo Luca. · A che ora ti svegli? = ¿A qué hora te despertás?,io / mi alzo / noi / ci alziamo · tu / ti alzi / voi / vi alzate · lui/lei / si alza / loro / si alzano,,,
12,2,Reflexivos que no coinciden,"Algunos son reflexivos en italiano y no en castellano, o llevan otra preposición. Aprendelos con su **di** o **con**.",,"ricordarsi di / dimenticarsi di = acordarse de / olvidarse de · accorgersi di = darse cuenta de · sbagliarsi, trasferirsi = equivocarse, mudarse · laurearsi = recibirse · sposarsi con qualcuno = casarse con alguien (no «sposare a»)",,,,
12,3,El imperativo informal,"Igual que el presente, salvo *tu* de los verbos en **-are**, que termina en *-a*: *tu parli* → *Parla!*",,Chiamami! = ¡Llamame! · Alzati! = ¡Levantate!,tu / parla! / prendi! / dormi! / finisci! · noi / parliamo! / prendiamo! / dormiamo! / finiamo! · voi / parlate! / prendete! / dormite! / finite!,,,
12,4,El negativo de tu,*tu* negativo = **non + infinitivo**. En *noi* y *voi* alcanza con anteponer *non*.,,Non parlare! = ¡No hables! · Non andare! = ¡No vayas! · Non ti preoccupare! = ¡No te preocupes! · Non parlate! = ¡No hablen!,,,,
12,5,Adelanto: el formal es un subjuntivo,"Para *Lei* se usa el congiuntivo presente (semana 24). Por ahora, **reconocelo**: el pronombre va **delante**, no pegado.",,Scusi! / Senta! = ¡Disculpe! / ¡Oiga! · Venga! / Prenda! = ¡Venga! / ¡Tome! · Mi dica! = ¡Dígame! · Si accomodi! = ¡Siéntese! · Faccia pure! = ¡Hágalo nomás!,,,,
12,6,Formas cortas: consonante doble,"*va', da', fa', sta', di'* + pronombre **duplican** la consonante del pronombre: *da'* + *mi* → *dammi*.","Única excepción: *gli* no se duplica. *Dagli il libro*, nunca «daggli».",Dammi la mano! = ¡Dame la mano! · Dimmi tutto. = Decime todo. · Fallo subito! = ¡Hacelo ya! · Vacci tu! = ¡Andá vos! · Stammi bene. = Cuidate.,,,,
13,1,"Artículos, de un vistazo",Mirá **género** y **primer sonido** de la palabra siguiente.,,,masc. sing. / il / l' / lo · masc. pl. / i / gli / gli · fem. sing. / la / l' / la · fem. pl. / le / le / le · indet. masc. / un / un / uno · indet. fem. / una / un' / una,,,
13,2,Presente: las terminaciones,*tu* en **-i** y *noi* en **-iamo** siempre. *-isc-* en todas menos *noi* y *voi*.,,,io / -o / -o / -o / -isco · tu / -i / -i / -i / -isci · lui / -a / -e / -e / -isce · noi / -iamo / -iamo / -iamo / -iamo · voi / -ate / -ete / -ite / -ite · loro / -ano / -ono / -ono / -iscono,,,
13,3,Irregulares: essere a fare,Los que más aparecen en el examen. **Sin diptongo** y con el acento de *loro* en la raíz.,,,io / sono / ho / vado / faccio / vengo · tu / sei / hai / vai / fai / vieni · lui/lei / è / ha / va / fa / viene · noi / siamo / abbiamo / andiamo / facciamo / veniamo · voi / siete / avete / andate / fate / venite · loro / sono / hanno / vanno / fanno / vengono,,,
13,4,"Irregulares: modales, dire, uscire","*potere, volere, dovere* + **infinitivo**. *dire* y *uscire* cambian la raíz: *dico*, *esco*.",,,io / posso / voglio / devo / dico / esco · tu / puoi / vuoi / devi / dici / esci · lui/lei / può / vuole / deve / dice / esce · noi / possiamo / vogliamo / dobbiamo / diciamo / usciamo · voi / potete / volete / dovete / dite / uscite · loro / possono / vogliono / devono / dicono / escono,,,
13,5,Pronombres,Átonos **delante** del verbo conjugado; tónicos **después** de preposición.,,,"mi, ti, lo, la / mi, ti, gli, le / mi, ti, si / me, te, lui, lei · ci, vi, li, le / ci, vi, gli / ci, vi, si / noi, voi, loro",,,
13,6,Passato prossimo: auxiliar y participio,"*avere* con objeto directo; *essere* con movimiento, cambio de estado y reflexivos, y entonces el participio **concuerda**.","Irregulares de memoria: *fatto, detto, visto, preso, messo, scritto, letto, venuto, stato*.",,io / ho mangiato / sono andato/a · lei / ha visto / è partita · noi / abbiamo fatto / siamo arrivati/e · loro / hanno detto / sono usciti/e,,,
13,7,Reflexivos e imperativo,"Pronombre reflexivo **delante** del verbo: *mi alzo*. En el imperativo de *tu*, **pegado**: *alzati!*; en negativo, *non* + infinitivo.",,Mi alzo alle sette. = Me levanto a las siete. · Parla più piano! = ¡Hablá más despacio! · Non parlare! = ¡No hables! · Dimmi! = ¡Decime!,,,,
13,8,Las cinco trampas del hispanohablante,Repasalas antes del examen: son las que más puntos cuestan.,,"posso, dormo, penso = 1. No diptongar. · PAR-lano, A-bitano = 2. loro: acento en la raíz. · il mio libro = 3. Artículo con el posesivo. · Vedo Marco. = 4. Sin «a» ante el objeto directo. · Studio da due anni. = 5. Presente + da para lo que sigue.",,,,
14,1,El mecanismo,"El sujeto es **lo que gusta**; la persona va en indirecto. *piace* con singular o infinitivo, *piacciono* con plural.","Con nombre o sustantivo va **a**: *a Marco piace*, *ai bambini piacciono*. Sin *a*, la frase queda dicha al revés.",Mi piace il caffè. = Me gusta el café. · Mi piacciono i film italiani. = Me gustan las películas italianas. · Mi piace leggere. = Me gusta leer. · A Marco piace la musica. = A Marco le gusta la música.,,,,
14,2,Negar y enfatizar,"*non* va antes del pronombre. Para contrastar, pronombre **tónico** con *a*: *a me*, *a lui*.",,"Non mi piace per niente. = No me gusta para nada. · A me piace, a lui no. = A mí me gusta, a él no. · A noi piacciono le montagne. = A nosotros nos gustan las montañas. · Mi piace un sacco. = Me gusta muchísimo. (coloquial) · Ti va di uscire? = ¿Tenés ganas de salir?",,,,
14,3,En pasado va con essere,"En passato prossimo *piacere* va con **essere**, y el participio concuerda con **lo que gustó**, no con la persona.",,Mi è piaciuto il film. = Me gustó la película. · Mi è piaciuta la cena. = Me gustó la cena. · Mi sono piaciuti i quadri. = Me gustaron los cuadros. · Mi sono piaciute le foto. = Me gustaron las fotos.,,,,
14,4,La familia de piacere,Estos verbos funcionan **igual**: la cosa es el sujeto y la persona va en indirecto.,"*Mi manchi* = «te extraño», no «me extrañás». El sujeto es el ausente: *mi manca mio fratello* = extraño a mi hermano.",,mancare / faltar / extrañar / Mi manchi. (Te extraño.) · servire / hacer falta / Mi serve una penna. · bastare / alcanzar / Mi bastano dieci euro. · sembrare / parere / parecer / Mi sembra giusto. · interessare / interesar / Non mi interessa. · dispiacere / lamentar / molestar / Mi dispiace. · occorrere / ser necesario / Ci occorre tempo. · succedere / suceder / Che ti succede? · restare / rimanere / quedar / Mi restano due giorni.,,,
15,1,La forma del imperfetto,"Raíz + *-a-*, *-e-* o *-i-* según la conjugación, y las mismas terminaciones para las tres: *parlavo, vendevo, dormivo*.",,,io / parlavo / vendevo / dormivo / ero · tu / parlavi / vendevi / dormivi / eri · lui/lei / parlava / vendeva / dormiva / era · noi / parlavamo / vendevamo / dormivamo / eravamo · voi / parlavate / vendevate / dormivate / eravate · loro / parlavano / vendevano / dormivano / erano,,,
15,2,Los pocos irregulares,"Recuperan la raíz latina: *fare → facevo*, *dire → dicevo*, *bere → bevevo*. *essere* es propio: *ero, eri, era*.",,Da bambino facevo sport. = De chico hacía deporte. · Che cosa dicevi? = ¿Qué decías? · Era tardi. = Era tarde.,,,,
15,3,La pregunta correcta,"Preguntate: **¿cuento qué pasó o describo cómo estaban las cosas?** El passato prossimo avanza la historia; el imperfetto pinta fondo, costumbre y estado.","«¿Duró mucho?» no sirve: *ho abitato a Roma per dieci anni* dura diez años y va en passato prossimo, porque es un período cerrado.","Mentre dormivo, è suonato il telefono. = Mientras dormía, sonó el teléfono. · Da bambino andavo al mare ogni estate. = De chico iba al mar todos los veranos. · Ieri sono andato al mare. = Ayer fui al mar. · Faceva freddo e non c'era nessuno. = Hacía frío y no había nadie.","descripción del fondo / hecho que avanza el relato · costumbre repetida / hecho ocurrido un número de veces · estado físico o mental / cambio de estado · edad, hora, clima / acontecimiento fechado · acción en curso interrumpida / la interrupción",,,
15,4,"El mismo verbo, dos lecturas","Con *sapere, conoscere* y los modales, el imperfetto deja el resultado abierto; el passato prossimo lo cierra. Como «podía» y «pude».",,Sapevo la verità. / Ho saputo la verità. = Sabía la verdad. / Me enteré de la verdad. · Conoscevo Marco. / Ho conosciuto Marco. = Conocía a Marco. / Conocí a Marco. · Potevo farlo. / Ho potuto farlo. = Podía hacerlo. / Pude (y lo hice). · Volevo uscire. / Ho voluto uscire. = Quería salir. / Quise salir (y salí). · Doveva partire. / È dovuto partire. = Tenía que irse. / Tuvo que irse (y se fue).,,,,
15,5,Imperfetto de cortesía,Para pedir con suavidad: *Volevo un caffè* (quería un café) es más amable que *voglio*.,,"Volevo un caffè, per favore. = Quería un café, por favor. · Cercavo il signor Rossi. = Buscaba al señor Rossi.",,,,
15,6,Adelanto: imperfetto en la hipótesis,"Al hablar, el imperfetto reemplaza las formas cultas de la hipótesis irreal: *Se lo sapevo, non venivo*. Reconocelo; en el examen, escribí la forma culta.",,"Se lo sapevo, non venivo. = Si lo sabía, no venía (coloquial). · Se l'avessi saputo, non sarei venuto. = Si lo hubiera sabido, no habría venido (forma culta).",,,,
16,1,Todos con essere. Todos.,"Reflexivos y pronominales van **siempre con *essere***, aunque sin pronombre el verbo lleve *avere*. El participio concuerda con el sujeto.","Castellano: «me he lavado», con HABER. Italiano: *mi sono lavato*, con SER. «mi ho lavato» es el error más penalizado del B1.",,io / mi sono lavato / lavata · tu / ti sei lavato / lavata · lui / lei / si è lavato / lavata · noi / ci siamo lavati / lavate · voi / vi siete lavati / lavate · loro / si sono lavati / lavate,,,
16,2,El mismo verbo con y sin pronombre,"Sin pronombre, el verbo sigue su regla: *ho lavato la macchina*. Con pronombre reflexivo, pasa a *essere*: *mi sono lavato*.",,Ho lavato la macchina. / Mi sono lavato le mani. = Lavé el auto. / Me lavé las manos. · Ho svegliato i bambini. / Mi sono svegliato tardi. = Desperté a los chicos. / Me desperté tarde. · Ho fermato il taxi. / Mi sono fermato al semaforo. = Paré el taxi. / Me detuve en el semáforo.,,,,
16,3,Recíprocos y pronominales,"Los recíprocos (el uno al otro) y los pronominales idiomáticos también van con *essere*: *ci siamo visti*, *si è accorto*, *ci siamo divertiti*.",,Ci siamo conosciuti a Milano. = Nos conocimos en Milán. · Si sono salutati alla stazione. = Se despidieron en la estación. · Mi sono dimenticata le chiavi. = Me olvidé las llaves. · Si è accorto dell'errore. = Se dio cuenta del error.,,,,
16,4,"Con modales, dos opciones",Pronombre delante → *essere*. Pronombre pegado al infinitivo → *avere*. Las dos son correctas y significan lo mismo.,,Mi sono dovuto alzare presto. = Tuve que levantarme temprano. · Ho dovuto alzarmi presto. = Tuve que levantarme temprano.,,,,
17,1,Demostrativos: solo dos grados,"Dos grados, no tres: *questo* (cerca de quien habla) y *quello* (todo lo demás). *quello* ante sustantivo cambia como el artículo: *quel*, *quello*, *quell'*.",,Questo caffè è buono. = Este café está rico. · Quel ragazzo è Marco. = Ese chico es Marco. · Quali libri? Quelli. = ¿Qué libros? Esos.,questo / questo / questa / questi / queste · quello (ante sust.) / quel / quello / quell' / quella / quell' / quei / quegli / quelle · quello (pronombre) / quello / quella / quelli / quelle,,,
17,2,Posesivos: siempre con artículo,"El posesivo lleva **artículo** y concuerda con la cosa poseída, no con el dueño: *Marco e la sua macchina*. *loro* no cambia, pero lleva artículo igual.",,Anna e il suo cane. = Ana y su perro. · Marco e la sua macchina. = Marco y su auto. · È la loro casa. = Es la casa de ellos.,mio / il mio / la mia / i miei / le mie · tuo / il tuo / la tua / i tuoi / le tue · suo / il suo / la sua / i suoi / le sue · nostro / il nostro / la nostra / i nostri / le nostre · vostro / il vostro / la vostra / i vostri / le vostre · loro / il loro / la loro / i loro / le loro,,,
17,3,Familia: sin artículo,"Parentesco en **singular y sin adjetivo**: el posesivo va sin artículo. *mio padre*, *tua sorella*, *suo figlio*.",«il mio padre» es error de principiante. Y con *loro* el artículo no se cae nunca.,"mio padre, tua sorella = singular: sin artículo · i miei fratelli = plural: con artículo · il mio caro fratello = con adjetivo: con artículo · la mia mamma = forma afectiva: con artículo · il loro padre = con loro: siempre con artículo",,,,
17,4,Indefinidos que hay que saber,"Casi todos funcionan como en castellano. Fijá tres: *qualche* + **singular**, *ogni* invariable, y *nessuno / niente* detrás del verbo con *non*.","*qualche amico* = algunos amigos: «qualche amici» es error seguro. Y *ogni giorno*, nunca «ogni giorni».",,"qualche + singular / algunos / ¡siempre singular! qualche libro · alcuni / alcune + plural / algunos / alcuni libri · ogni + singular / cada / todos los / invariable: ogni giorno · tutto/a/i/e + artículo / todo / tutti i giorni, tutta la notte · qualcuno / qualcosa / alguien / algo / invariables · nessuno / niente / nadie / nada / detrás del verbo piden non · altro/a/i/e / otro / un altro libro (con «un», a diferencia de «otro libro») · poco, molto, troppo, tanto / poco, mucho... / concuerdan como adjetivos",,,
17,5,molto: adjetivo o adverbio,"Con sustantivo **concuerda** (*molti libri*, *molta gente*). Con adjetivo, adverbio o verbo **no cambia** (*molto stanchi*). Igual *poco, tanto, troppo*.",,Ho molti amici. = Tengo muchos amigos. · Sono molto contenta. = Estoy muy contenta. · Lavorano troppo. = Trabajan demasiado.,,,,
18,1,El esquema non ... X,Palabra negativa **después** del verbo → *non* delante. Palabra negativa **antes** del verbo → sin *non*. Igual que en castellano.,,Non ho visto nessuno. = No vi a nadie. · Nessuno mi ha visto. = Nadie me vio. · Non vado mai al cinema. = Nunca voy al cine. · Non lavoro più qui. = Ya no trabajo acá. · Non ho né tempo né voglia. = No tengo ni tiempo ni ganas.,,,,
18,2,El inventario,"Cada negación se arma con *non* + otra palabra, y casi todas calcan el castellano. La excepción es *non... che*, que significa «solo».","*Non ho che dieci euro* = «solo tengo diez euros», no «no tengo diez euros». Trampa clásica de comprensión lectora.",Non c'è niente da fare. = No hay nada que hacer. · Non mi piace neanche un po'. = No me gusta ni un poco.,"non... niente / nulla / nada · non... nessuno / nadie / ningún · non... mai / nunca · non... più / ya no · non... ancora / todavía no · non... né... né / ni... ni · non... affatto / mica / en absoluto / para nada · non... neanche / nemmeno / neppure / ni siquiera, tampoco · non... che / solo (¡no es negación!)",,,
18,3,"mica, la negación coloquial",*mica* refuerza la negación al hablar: *Non è mica facile!* = ¡no es nada fácil! Se dice mucho y se escribe poco.,,"Non è mica facile! = ¡No es nada fácil! · Non hai mica una penna? = ¿No tenés una lapicera, por casualidad?",,,,
18,4,"Exclamaciones con che, come, quanto","*Che* + sustantivo o adjetivo, **sin artículo**: *Che bello!* *Come* o *quanto* + verbo: *Come sei elegante!*","Nunca «che una bella giornata»: igual que «¡qué lindo día!», sin artículo.",Che peccato! = ¡Qué lástima! · Che bella giornata! = ¡Qué lindo día! · Come sei elegante! = ¡Qué elegante estás! · Quanto mi manchi! = ¡Cuánto te extraño!,,,,
18,5,Cinco exclamaciones de todos los días,"Se oyen a cada rato y no se traducen palabra por palabra: aprendelas enteras, con su sentido.",,"Magari! = ¡Ojalá! · Figurati! = ¡Para nada, no es molestia! · Dai! = ¡Dale! · Boh! = Ni idea. · Beato te! = ¡Qué suerte la tuya!",,,,
19,1,Futuro semplice,"Infinitivo sin la *-e* final + *-ò, -ai, -à, -emo, -ete, -anno*. En *-are*, la *a* pasa a *e*: *parlare → parlerò*.",,,io / parlerò / venderò / dormirò · tu / parlerai / venderai / dormirai · lui/lei / parlerà / venderà / dormirà · noi / parleremo / venderemo / dormiremo · voi / parlerete / venderete / dormirete · loro / parleranno / venderanno / dormiranno,,,
19,2,Raíces irregulares,Pocos verbos cambian la raíz; las terminaciones son las de siempre. La misma raíz sirve después para el condicional: la aprendés dos veces.,,Domani andrò al mare. = Mañana voy a ir al mar. · Sarò a casa alle otto. = Voy a estar en casa a las ocho.,essere / sar- / avere / avr- · andare / andr- / dovere / dovr- · potere / potr- / sapere / sapr- · vedere / vedr- / vivere / vivr- · venire / verr- / volere / vorr- · rimanere / rimarr- / tenere / terr- · bere / berr- / fare / far- · dare / dar- / stare / star-,,,
19,3,Futuro anteriore,*avrò / sarò* + participio: lo que ya estará terminado antes de otro momento futuro. También sirve para suponer sobre el pasado.,,"Quando avrò finito, ti chiamerò. = Cuando haya terminado, te llamo. · Saranno già partiti. = Ya se habrán ido.",,,,
19,4,Futuro para suponer,"El futuro sirve para **suponer sobre el presente**: *Sarà a casa* = estará en casa. El castellano también lo hace, pero el italiano mucho más.",,"Che ora è? — Saranno le tre. = ¿Qué hora es? — Serán las tres. · Quanti anni ha? — Avrà quarant'anni. = Tendrá unos cuarenta. · Dov'è Marco? — Sarà a casa. = Estará en casa. · Sarà anche vero, ma non ci credo. = Puede que sea cierto, pero no lo creo.",,,,
19,5,"Después de quando, futuro","Si el sentido es futuro, detrás de *quando* y *appena* va **futuro**: *Quando arriverai, ti darò le chiavi*.","El castellano pone subjuntivo («cuando llegues»): no lo calques. Al hablar se oye *quando arrivi*; en el examen, escribí el futuro.","Quando arriverai, ti darò le chiavi. = Cuando llegues, te doy las llaves. · Appena potrò, ti chiamerò. = Apenas pueda, te llamo.",,,,
20,1,Las formas,"Raíz de futuro + *-ei, -esti, -ebbe, -emmo, -este, -ebbero*. Las raíces irregulares son las mismas: *sarei, avrei, vorrei*.","*noi* lleva **dos emes**: *parleremmo* (hablaríamos). Con una sola, *parleremo*, es futuro (hablaremos).",,io / parlerei / sarei / avrei / vorrei · tu / parleresti / saresti / avresti / vorresti · lui/lei / parlerebbe / sarebbe / avrebbe / vorrebbe · noi / parleremmo / saremmo / avremmo / vorremmo · voi / parlereste / sareste / avreste / vorreste · loro / parlerebbero / sarebbero / avrebbero / vorrebbero,,,
20,2,"Cortesía, deseo y consejo","Para pedir, desear o aconsejar sin imponer: *vorrei*, *potresti*, *mi piacerebbe*, *dovresti*.",,"Vorrei un caffè, per favore. = Quisiera un café, por favor. · Potresti aiutarmi? = ¿Podrías ayudarme? · Mi piacerebbe andare in Italia. = Me gustaría ir a Italia. · Dovresti riposare. = Deberías descansar. · Saprebbe dirmi dov'è la stazione? = ¿Sabría decirme dónde está la estación?",,,,
20,3,La noticia no confirmada,"Diarios y noticieros usan el condicional para datos **no verificados**. El castellano también, pero el italiano lo hace casi siempre.",,"Secondo fonti vicine al governo, il ministro si dimetterebbe. = Según fuentes cercanas al gobierno, el ministro renunciaría. · Ci sarebbero venti feriti. = Habría veinte heridos.",,,,
20,4,Adelanto: nunca condicional tras se,"Detrás de *se* hipotético **nunca** va condicional: *Se avessi tempo, verrei*, jamás «se avrei tempo». La estructura completa llega en la semana 33.",En el italiano hablado regional se oye «se avrei»: no lo imites. En castellano correcto tampoco se dice «si tendría».,"Se avessi tempo, verrei. = Si tuviera tiempo, vendría.",,,,
21,1,NE: una cantidad,*ne* reemplaza **una cantidad** de algo ya mencionado. En castellano no se dice nada; en italiano es **obligatorio**.,"*Ho tre* sin *ne* es agramatical. Cada vez que respondas con una cantidad, *ne* tiene que estar.","Quanti libri hai? — Ne ho tre. = ¿Cuántos libros tenés? — Tengo tres. · Vuoi del pane? — Sì, ne prendo un po'. = ¿Querés pan? — Sí, agarro un poco. · Hai sigarette? — No, non ne ho. = ¿Tenés cigarrillos? — No, no tengo.",,,,
21,2,NE: di + algo,*ne* también reemplaza **di + algo**: *parlare del progetto → parlarne*; *sono contento del risultato → ne sono contento*.,,Ne parliamo domani. = Hablamos de eso mañana. · Ne sono contento. = Estoy contento con eso. · Che ne pensi? = ¿Qué te parece? / ¿Qué pensás de eso? · Ne ho sentito parlare. = Oí hablar de eso.,,,,
21,3,CI: un lugar,"*ci* reemplaza **un lugar** ya mencionado: «ahí, allá». En castellano muchas veces no se dice; en italiano, sí.",,"Vai a Roma? — Sì, ci vado domani. = ¿Vas a Roma? — Sí, voy mañana. · Sei mai stato in Grecia? — No, non ci sono mai stato. = ¿Estuviste alguna vez en Grecia? — No, nunca. · Abiti ancora a Roma? — Sì, ci abito da dieci anni. = ¿Seguís viviendo en Roma? — Sí, vivo ahí hace diez años.",,,,
21,4,CI: a + algo,*ci* también reemplaza **a / in / su + algo**: *pensare al lavoro → ci penso*; *credere ai fantasmi → non ci credo*.,,"Pensi al lavoro? — Sì, ci penso sempre. = Sí, pienso en eso siempre. · Credi ai fantasmi? — No, non ci credo. = No, no creo en eso. · Ci riesco! = ¡Lo logro! · Non ci capisco niente. = No entiendo nada de esto.",,,,
21,5,Expresiones fijas,Algunos verbos llevan *ci* o *ne* **fijos** y cambian de sentido. Se aprenden como palabras nuevas.,*ci metto due ore* = yo tardo dos horas (personal). *ci vogliono due ore* = se necesitan dos horas (impersonal). No los mezcles.,,"ci vuole / ci vogliono / hace falta / hacen falta · c'è / ci sono / hay · farcela / arreglárselas, lograrlo (ce la faccio) · andarsene / irse (me ne vado) · averne abbastanza / estar harto (ne ho abbastanza) · non poterne più / no aguantar más (non ne posso più) · metterci / tardar (ci metto due ore) · volerci / hacer falta (ci vogliono due ore)",,,
22,1,La transformación,"El indirecto va **primero** y su *-i* se vuelve **-e**: *mi + lo → me lo*. *gli* y *le* se funden en **glie-**, pegado.","La sorpresa no es el orden sino la vocal: «mi lo» no existe, siempre *me lo*, *te la*, *ce ne*. La *i* pasa a *e* sin excepción.",,mi / me lo / me la / me li / me le / me ne · ti / te lo / te la / te li / te le / te ne · gli / le / Le / glielo / gliela / glieli / gliele / gliene · ci / ce lo / ce la / ce li / ce le / ce ne · vi / ve lo / ve la / ve li / ve le / ve ne · si / se lo / se la / se li / se le / se ne,,,
22,2,"glielo: una palabra, muchos sentidos","*glielo* se escribe **junto** y es «se lo» a él, a ella y a usted; en el italiano actual, también a ellos.",,"Glielo dico io. = Se lo digo yo. · Signora, glielo porto subito. = Señora, se lo traigo enseguida.",,,,
22,3,En frases de todos los días,"Los combinados van **delante del verbo conjugado**, en el orden del castellano: indirecto + directo, o indirecto + *ne*.",,Me lo dai? = ¿Me lo das? · Te la spiego dopo. = Te la explico después. · Ce ne ha parlato ieri. = Nos habló de eso ayer. · Se ne sono andati. = Se fueron.,,,,
22,4,En los tiempos compuestos,"El participio **concuerda** con el pronombre directo, como siempre: *me l'ha data* (la carta), *gliele ho dette* (las cosas).",,Il libro? Me l'ha prestato Marco. = ¿El libro? Me lo prestó Marco. · Le chiavi? Gliele ho date ieri. = ¿Las llaves? Se las di ayer. · Ce li hanno portati. = Nos los trajeron.,,,,
22,5,"Con infinitivo e imperativo, pegados","Con infinitivo e imperativo van **pegados al final**, como en castellano: *dirtelo*, *dammelo*. Con el gerundio también (semana 44).",,Voglio dirtelo. = Quiero decírtelo. · Puoi portarmelo? = ¿Me lo podés traer? · Dammelo! = ¡Dámelo! · Diglielo subito! = ¡Decíselo ya! · Non dirmelo! = ¡No me lo digas!,,,,
23,1,di o che,"*di* ante sustantivo, pronombre o número. *che* entre dos adjetivos, dos verbos, dos sustantivos con el mismo verbo, o ante preposición.",,Anna è più giovane di me. = Ana es más joven que yo. · Studiare è meno noioso che lavorare. = Estudiar es menos aburrido que trabajar.,di / ante sustantivo o pronombre solo / Marco è più alto di Luca. · di / ante número / Ho più di venti libri. · che / entre dos adjetivos / È più simpatico che bello. · che / entre dos verbos / È più facile dire che fare. · che / ante preposición / Vado più a Roma che a Milano. · che / entre dos sustantivos con el mismo verbo / Bevo più caffè che tè.,,,
23,2,Igualdad,"*come* o *quanto*: *Marco è alto come Luca*. El *così* o *tanto* de delante suele omitirse. Con sustantivos, *tanto... quanto* concuerda.",,Marco è alto come Luca. = Marco es tan alto como Luca. · Marco è tanto alto quanto Luca. = Marco es tan alto como Luca. · Ho tanti libri quanti quaderni. = Tengo tantos libros como cuadernos.,,,,
23,3,Superlativo relativo,"Artículo + *più / meno* + adjetivo + *di*: *il ragazzo più alto della classe*. Si el artículo ya está ante el sustantivo, **no se repite**.","Nada de «la città la più bella»: un solo artículo, igual que en castellano.",È la città più bella d'Italia. = Es la ciudad más linda de Italia. · È il ragazzo più alto della classe. = Es el chico más alto de la clase.,,,,
23,4,Superlativo absoluto,"*-issimo* o *molto* + adjetivo: *bellissimo* = *molto bello*. Concuerda como cualquier adjetivo: *bellissima, bellissimi, bellissime*.",,Sono stanchissimo. = Estoy cansadísimo. · È bravissima. = Es buenísima (en lo que hace). · Le case sono molto belle. = Las casas son muy lindas.,,,,
23,5,Las formas irregulares,"*buono, cattivo, grande, piccolo* tienen comparativo propio: *migliore, peggiore, maggiore, minore*. Los adverbios *bene* y *male* dan *meglio* y *peggio*.",*migliore* es adjetivo (*un libro migliore*); *meglio* es adverbio (*canta meglio*). Confundirlos es como decir «canta mejor libro».,È il mio migliore amico. = Es mi mejor amigo. · Canta meglio di me. = Canta mejor que yo.,buono / migliore / il migliore / ottimo · cattivo / peggiore / il peggiore / pessimo · grande / maggiore / il maggiore / massimo · piccolo / minore / il minore / minimo · bene (adv.) / meglio / — / benissimo · male (adv.) / peggio / — / malissimo,,,
24,1,Cómo se arma,"Tomá el *io* del presente, sacale la *-o* y agregá las terminaciones. Los irregulares del presente arrastran su irregularidad: *vengo → venga*, *faccio → faccia*.",,,io / parli / prenda / dorma / finisca · tu / parli / prenda / dorma / finisca · lui/lei / parli / prenda / dorma / finisca · noi / parliamo / prendiamo / dormiamo / finiamo · voi / parliate / prendiate / dormiate / finiate · loro / parlino / prendano / dormano / finiscano,,,
24,2,Singular idéntico: poné el pronombre,"*io*, *tu* y *lui/lei* tienen **la misma forma**. Si el contexto no aclara quién es el sujeto, el italiano **pone el pronombre**.","En castellano la terminación ya dice quién («que vengas»), así que el pronombre se te va a olvidar. *che venga* puede ser yo, vos o él.",Credo che tu abbia ragione. = Creo que tenés razón. · Penso che lui venga. = Pienso que él viene.,,,,
24,3,La vocal que confunde,"Al revés que en castellano: *-are* hace **-i** (*che parli*) y *-ere/-ire* hacen **-a** (*che prenda*, *che dorma*).","Como el indicativo es *parla*, el instinto produce «che parla», que es indicativo. Esta confusión explica buena parte de los errores de congiuntivo del hispanohablante.",Credo che lui parli bene. = Creo que él habla bien. · Credo che lui prenda il treno. = Creo que toma el tren. · Spero che tu dorma bene. = Espero que duermas bien.,,,,
24,4,Los irregulares de memoria,"Estos se aprenden de memoria. Varios salen del *io* del presente (*vengo → venga*); *sia*, *abbia*, *sappia*, *dia*, *stia* no.",,,essere / sia / siamo / siate / siano · avere / abbia / abbiamo / abbiate / abbiano · andare / vada / andiamo / andiate / vadano · fare / faccia / facciamo / facciate / facciano · dare / dia / diamo / diate / diano · stare / stia / stiamo / stiate / stiano · potere / possa / possiamo / possiate / possano · volere / voglia / vogliamo / vogliate / vogliano · dovere / debba / dobbiamo / dobbiate / debbano · sapere / sappia / sappiamo / sappiate / sappiano · venire / venga / veniamo / veniate / vengano · uscire / esca / usciamo / usciate / escano · dire / dica / diciamo / diciate / dicano · bere / beva / beviamo / beviate / bevano · scegliere / scelga / scegliamo / scegliate / scelgano · rimanere / rimanga / rimaniamo / rimaniate / rimangano,,,
24,5,Ya lo venías usando,"El imperativo formal de la semana 12 **es congiuntivo**: *Scusi!*, *Senta!*, *Venga!*, *Mi dica!*. Si eso te sale solo, media forma ya está aprendida.",,Prenda pure! = ¡Tome nomás! (usted) · Si accomodi! = ¡Póngase cómodo!,,,,
25,1,La regla madre,"Congiuntivo después de *che* cuando el principal expresa **algo no constatado**: opinión, duda, deseo, emoción, espera. Y con **sujetos distintos**.",,,"opinión / credere, pensare, ritenere, immaginare, supporre / Credo che sia tardi. · duda / dubitare, non sapere se / Dubito che venga. · deseo/voluntad / volere, desiderare, preferire, sperare / Voglio che tu venga. · emoción / essere contento, temere, avere paura, dispiacere / Sono contento che tu stia bene. · espera / aspettare che, aspettarsi che / Aspetto che finisca. · impersonales / è necessario, è possibile, bisogna, sembra, pare / È possibile che piova.",,,
25,2,«Creo que es»: congiuntivo,"*credere*, *pensare*, *sembrare* afirmativos piden **congiuntivo**, aunque en castellano van con indicativo: *Credo che sia tardi* = «creo que es tarde».",Es el error que más rápido delata a un hispanohablante. La buena noticia: la regla es muy estable y se corrige rápido.,Credo che abbia ragione. = Creo que tiene razón. · Penso che sia una buona idea. = Pienso que es una buena idea. · Mi sembra che sia in ritardo. = Me parece que llega tarde. · Immagino che tu sia stanco. = Imagino que estás cansado.,,,,
25,3,Cuándo NO va congiuntivo,"Con verbos que presentan **un hecho** (*so che*, *è vero che*, *è certo che*, *dico che*, *vedo che*, *è chiaro che*) y con *secondo me*: indicativo.",,"So che è tardi. = Sé que es tarde. · È vero che ha ragione. = Es verdad que tiene razón. · Secondo me, è una buona idea. = Para mí, es una buena idea.",,,,
25,4,Mismo sujeto: infinitivo,"Si el que cree y el que hace son **la misma persona**, nada de *che*: *di* + infinitivo. Como en castellano: «creo tener razón».","*volere*, *potere*, *dovere*, *preferire*, *desiderare* van con infinitivo **sin** *di*: *voglio partire*. *sperare*, *credere*, *pensare* piden *di*: *spero di partire*.",Credo di avere ragione. = Creo tener razón. · Spero di arrivare in tempo. = Espero llegar a tiempo. · Voglio partire domani. = Quiero salir mañana. (sin di) · Voglio che tu parta domani. = Quiero que te vayas mañana.,,,,
26,1,El mapa de los tiempos,"Dos mecanismos: terminación sobre la raíz (presente, imperfetto, futuro, condizionale) o auxiliar + participio (los tiempos compuestos).",,,"presente / raíz + terminación / ahora, habitual, futuro cercano · passato prossimo / avere/essere + participio / hecho pasado y terminado · imperfetto / raíz + -avo/-evo/-ivo / fondo, costumbre, descripción · trapassato prossimo / avevo/ero + participio / pasado anterior a otro pasado · futuro semplice / raíz de futuro + -ò, -ai, -à / porvenir y suposición · futuro anteriore / avrò/sarò + participio / terminado antes de un futuro · condizionale / raíz de futuro + -ei, -esti, -ebbe / cortesía, deseo, noticia no confirmada",,,
26,2,El trapassato prossimo,Imperfetto de *avere* o *essere* + participio: lo que pasó **antes** de otro hecho pasado. El auxiliar se elige como en el passato prossimo.,,"Avevo già mangiato. = Ya había comido. · Non avevo mai visto Roma. = Nunca había visto Roma. · Quando sono arrivato, il film era già cominciato. = Cuando llegué, la película ya había empezado.",,,,
26,3,Auxiliar: la decisión de cada frase,"*essere* con desplazamiento, cambio de estado, reflexivos, pronominales, impersonales y familia de *piacere*: el participio concuerda con el sujeto. *avere* con todo lo demás.","Con *avere*, el participio concuerda con *lo, la, li, le, ne* delante (*le ho viste, ne ho comprate due*); con *mi, ti, ci, vi* es opcional. *Camminare, viaggiare*: con *avere*.",,,,,
26,4,Raíces de futuro y condicional,"Una raíz, dos tiempos: la raíz irregular del futuro es la misma del condicional. *sarò / sarei*, *vorrò / vorrei*.",,,essere / sar- / avere / avr- · andare / andr- / potere / potr- · volere / vorr- / venire / verr- · dovere / dovr- / sapere / sapr- · vedere / vedr- / rimanere / rimarr- · tenere / terr- / bere / berr- · fare / far- /  / ,,,
26,5,"Pronombres combinados, ne y ci","Indirecto primero, con *-i* → **-e**: *me lo, ce ne*. *gli / le* + *lo* → **glielo**. *ne* = de eso o cantidad; *ci* = ahí.",,"Me lo dai? = ¿Me lo das? · Glielo dico io. = Se lo digo yo. · Quanti libri hai? Ne ho tre. = ¿Cuántos libros tenés? Tengo tres. · Vai a Roma? Sì, ci vado domani. = ¿Vas a Roma? Sí, voy mañana.",,,,
26,6,Congiuntivo presente,"Después de *penso che, credo che, voglio che, è importante che*: **congiuntivo**. Con *so che* y *è vero che*, indicativo.","*Credo che sia tardi*, nunca «credo che è tardi». Y con el mismo sujeto, *di* + infinitivo: *credo di avere ragione*.",,io/tu/lui / parli / prenda / sia / abbia · noi / parliamo / prendiamo / siamo / abbiamo · voi / parliate / prendiate / siate / abbiate · loro / parlino / prendano / siano / abbiano,,,
26,7,Repaso: trampas de los verbos,"1. *mi sono lavato*, jamás «mi ho lavato». 2. *parleremo* (futuro) ≠ *parleremmo* (condicional). 3. Detrás de *se* hipotético, nunca condicional.",,,,,,
26,8,Repaso: trampas de la frase,"4. *migliore* adjetivo, *meglio* adverbio. 5. *più alto di Luca*, pero *più simpatico che bello*. 6. *qualche* + singular. 7. *dopo aver mangiato*, no «dopo mangiare».",,,,,,
27,1,Formación en -mente,Femenino singular del adjetivo + *-mente*: *lento → lentamente*. Los terminados en *-e* lo agregan directo: *veloce → velocemente*.,"Tras vocal, *-le* y *-re* pierden la *e*: *facile → facilmente*, *normale → normalmente*, *regolare → regolarmente*. «facilemente» es falta segura.",vero → veramente = verdaderamente · raro → raramente = raramente · semplice → semplicemente = simplemente,,,,
27,2,Los que no llevan -mente,"Los más usados son formas propias: *bene, male, presto, tardi, spesso, sempre, subito, insieme, volentieri*.",,Arrivo subito. = Llego enseguida. · Vengo volentieri. = Voy con gusto. · Parla piano! = ¡Hablá despacio!,,,,
27,3,Adjetivo o adverbio,"El adjetivo acompaña al sustantivo (*un buon libro*); el adverbio, al verbo (*scrive bene*). Se dice *sto bene*, nunca «sto buono».","El castellano distingue igual «bueno / bien», pero hablando rápido se mezcla. En italiano el error se nota enseguida.",È un buon libro. = Es un buen libro. · Scrive bene. = Escribe bien. · È cattivo. / Canta male. = Es malo. / Canta mal.,,,,
27,4,Dónde se coloca,"Después del verbo: *parla lentamente*. Con negación, *mai*, *più* y *ancora* cierran el *non* que va delante del verbo.",,Parla lentamente. = Habla despacio. · Mangio sempre qui. = Siempre como acá. · Non mangio mai carne. = Nunca como carne. · Non sono ancora pronto. = Todavía no estoy listo.,,,,
27,5,Adverbios con dos sentidos,"Cuidado con *ancora* (todavía / otra vez), *mai* (nunca / alguna vez) y *più* (más / ya no). El contexto y el *non* deciden.",,,ancora / todavía / otra vez / non ancora = todavía no · già / ya / en preguntas: ¿ya? · mai / nunca / alguna vez / Vai mai a teatro? = ¿vas alguna vez? · più / más / ya no / non... più = ya no · qui / qua / acá / prácticamente iguales · lì / là / allá / íd. · magari / ojalá / quizás / no tiene traducción única · addirittura / incluso / nada menos que / muy frecuente,,,
28,1,"Sumar, oponer, corregir","*e* suma, *ma* opone, *invece* contrasta dos sujetos. Ante vocal, sobre todo ante *e*, *e* se vuelve *ed*: *Anna ed Elena*.","*anzi* corrige hacia arriba lo que acabás de decir: *Non mi dispiace, anzi mi piace molto.* No tiene calco castellano; usado bien, suena nativo.",,"e / ed / y (ed ante vocal, sobre todo ante e) / Anna ed Elena · anche / también / Viene anche lui. · inoltre / además / Inoltre, costa poco. · ma / pero / Mi piace, ma costa troppo. · però / sin embargo / Non posso, però ci provo. · invece / en cambio / Io resto, lui invece parte. · anzi / es más / al contrario / Non è brutto, anzi! · mentre / mientras / en cambio / Mentre tu dormi, io lavoro. · tuttavia / no obstante / registro formal",,,
28,2,Causa y consecuencia,"*perché* = porque. *siccome* (como) va **siempre al principio**. *quindi, dunque, perciò* = por lo tanto.",,"Siccome piove, restiamo a casa. = Como llueve, nos quedamos en casa. · Non viene, quindi cominciamo senza di lui. = No viene, así que empezamos sin él.","perché / porque / el más común · poiché / siccome / como / puesto que / siccome va siempre al principio · dato che / visto che / dado que / coloquial y frecuente · quindi / dunque / perciò / por lo tanto /  · allora / entonces / también muletilla oral · così / así que / Piove, così resto a casa.",,,
28,3,"Antes, después, apenas","*prima di* + infinitivo, *dopo* + infinitivo **compuesto**, *appena* (apenas), *finché* (hasta que), *poi* (después), *alla fine* (al final).","*dopo* pide infinitivo compuesto: *dopo aver mangiato*, *dopo essere arrivati*. «dopo mangiare» está mal.","Prima di uscire, chiudi la finestra. = Antes de salir, cerrá la ventana. · Dopo aver mangiato, esco. = Después de comer, salgo. · Appena arrivo, ti chiamo. = Apenas llegue, te llamo.",,,,
28,4,Ordenar un argumento,"Para ordenar ideas: *innanzitutto* (ante todo), *in primo luogo*, *poi*, *d'altra parte* (por otro lado), *intanto* (mientras tanto), *infine*, *in conclusione*.",,"Innanzitutto, grazie a tutti. = Ante todo, gracias a todos. · D'altra parte, costa poco. = Por otro lado, cuesta poco.",,,,
28,5,Los que piden congiuntivo,"Estos conectores van **siempre** con congiuntivo: *benché, sebbene* (aunque), *affinché* (para que), *purché* (con tal de que), *prima che* (antes de que).",,"Benché sia stanco, esco lo stesso. = Aunque estoy cansado, salgo igual. · Te lo dico perché tu capisca. = Te lo digo para que entiendas.",,,,
29,1,La forma,"*abbia* o *sia* + participio. Valen las reglas del passato prossimo: el mismo auxiliar y, con *essere*, participio concordado.",,,io / abbia parlato / sia andato/a · tu / abbia parlato / sia andato/a · lui/lei / abbia parlato / sia andato/a · noi / abbiamo parlato / siamo andati/e · voi / abbiate parlato / siate andati/e · loro / abbiano parlato / siano andati/e,,,
29,2,Cuándo se usa,Principal en presente o futuro y subordinada que **pasó antes**. En castellano suele ser «haya + participio» o un pretérito.,,Credo che sia già partito. = Creo que ya salió. · Mi dispiace che tu non sia venuto. = Lamento que no hayas venido. · Non penso che abbiano capito. = No creo que hayan entendido. · È strano che non abbia chiamato. = Es raro que no haya llamado. · Spero che vi siate divertiti. = Espero que se hayan divertido.,,,,
29,3,Presente o passato,Mismo momento o después → **congiuntivo presente**. Antes → **congiuntivo passato**. Nada más.,,,Credo che venga. / ahora o después · Credo che sia venuto. / antes · Spero che stia bene. / ahora · Spero che sia stato bene. / en aquel momento,,,
29,4,Con concesivas y superlativos,"*benché*, *sebbene*, *nonostante* y los superlativos (*il più... che*) piden congiuntivo; si la acción es anterior, **passato**.","*dopo che* no es concesiva: va con **indicativo**. *Dopo che è partito...*, nunca «dopo che sia partito».","Benché abbia studiato, non si sente pronto. = Aunque estudió, no se siente listo. · Sebbene abbia dormito dieci ore, è ancora stanco. = Aunque durmió diez horas, sigue cansado. · È la cosa più bella che io abbia mai visto. = Es lo más lindo que vi en mi vida.",,,,
30,1,Imperfetto: la forma,"Raíz del infinitivo + *-assi*, *-essi*, *-issi*. El único irregular de verdad es *essere → fossi*.","*noi* termina en *-ssimo* (*parlassimo*), parecido al superlativo. Y *io* y *tu* son iguales: otra vez, poné el pronombre.",,io / parlassi / vendessi / dormissi / fossi · tu / parlassi / vendessi / dormissi / fossi · lui/lei / parlasse / vendesse / dormisse / fosse · noi / parlassimo / vendessimo / dormissimo / fossimo · voi / parlaste / vendeste / dormiste / foste · loro / parlassero / vendessero / dormissero / fossero,,,
30,2,Los pocos irregulares,"*fare*, *dire*, *bere*, *porre*, *tradurre* usan la raíz del imperfetto de indicativo (*facevo → facessi*). *dare* y *stare* cambian la vocal: *dessi*, *stessi*.",,,fare / facessi / facesse / facessero · dire / dicessi / dicesse / dicessero · bere / bevessi / bevesse / bevessero · porre / ponessi / ponesse / ponessero · tradurre / traducessi / traducesse / traducessero · dare / dessi / desse / dessero · stare / stessi / stesse / stessero,,,
30,3,Trapassato del congiuntivo,*avessi* o *fossi* + participio. Es el trapassato prossimo pasado a congiuntivo: una acción **anterior** a un verbo en pasado.,,Credevo che fosse partito. = Creía que había salido. · Pensavo che aveste già mangiato. = Pensaba que ya habían comido. · Magari l'avessi saputo prima! = ¡Ojalá lo hubiera sabido antes!,,,,
30,4,Cuándo aparecen,"Si el principal está **en pasado o en condicional**, nada de congiuntivo presente: **imperfetto** si es simultáneo, **trapassato** si es anterior.",,,presente / congiuntivo presente / Credo che venga. · presente / congiuntivo passato / Credo che sia venuto. · pasado / congiuntivo imperfetto / Credevo che venisse. · pasado / congiuntivo trapassato / Credevo che fosse venuto. · condicional / congiuntivo imperfetto / Vorrei che venisse.,,,
30,5,"Ojalá, como si","*Magari*, *se solo* y *come se* piden congiuntivo imperfetto (o trapassato), aunque no haya verbo principal.","*come se* va **siempre** con imperfetto o trapassato: *come se fosse*, *come se non fosse successo niente*. Nunca «come se è».","Magari fosse vero! = ¡Ojalá fuera cierto! · Se solo avessi più tempo... = Si tuviera más tiempo... · Parla come se fosse un esperto. = Habla como si fuera un experto. · Fosse anche l'ultima volta, non ci vado. = Aunque fuera la última vez, no voy.",,,,
31,1,La forma,"*avrei* o *sarei* + participio, con las reglas de auxiliar y concordancia de siempre: *avrei parlato*, *sarei andato/a*, *mi sarei alzato/a*.",,,io / avrei fatto / sarei andato/a · tu / avresti fatto / saresti andato/a · lui/lei / avrebbe fatto / sarebbe andato/a · noi / avremmo fatto / saremmo andati/e · voi / avreste fatto / sareste andati/e · loro / avrebbero fatto / sarebbero andati/e,,,
31,2,Uso 1: lo que no pasó,"Expresa lo que **habría pasado y no pasó**: deseos frustrados, reproches, consejos tardíos.",,"Avrei voluto aiutarti. = Habría querido ayudarte. · Sarei venuto, ma non ho potuto. = Habría ido, pero no pude. · Al posto tuo, avrei detto di no. = En tu lugar, habría dicho que no. · Avresti dovuto avvisarmi. = Deberías haberme avisado.",,,,
31,3,Uso 2: el futuro en el pasado,"«Dijo que vendría» = *ha detto che sarebbe venuto*. Si el punto de referencia está en el pasado, condicional **compuesto**, nunca simple.","*ha detto che verrebbe* es el calco del castellano y está mal. El castellano usa el condicional simple; el italiano, el compuesto.",Mi ha promesso che sarebbe tornato. = Me prometió que volvería. · Non sapevo che avrebbe portato gli amici. = No sabía que traería a los amigos. · Era sicuro che avremmo vinto. = Estaba seguro de que ganaríamos. · Pensavo che ti sarebbe piaciuto. = Pensaba que te iba a gustar.,,,,
31,4,Uso 3: la noticia sin confirmar,"En la prensa, el condizionale passato presenta un hecho pasado **no confirmado**, como el «habría» periodístico del castellano.",,"Il ladro sarebbe fuggito in auto. = El ladrón habría huido en auto. · Secondo il giornale, avrebbero già firmato. = Según el diario, ya habrían firmado.",,,,
32,1,El cuadro con congiuntivo,"Elegí la forma según **el principal** (presente o pasado) y **el momento** de la subordinada (antes, a la vez, después).",,Credo che sia partito / parta / parta domani. = Creo que salió / sale / sale mañana. · Credevo che fosse partito / partisse / sarebbe partito. = Creía que había salido / salía / saldría.,presente / futuro / congiuntivo passato / congiuntivo presente / congiuntivo presente · pasado / congiuntivo trapassato / congiuntivo imperfetto / condizionale passato,,,
32,2,Lo posterior en el pasado,"«Creía que vendría» va con condicional **compuesto**: *Credevo che sarebbe venuto*. Vale para todo futuro visto desde el pasado, con congiuntivo o sin él.","El castellano usa el condicional simple («vendría»), así que la traducción literal falla: «credevo che verrebbe» está mal.",Ha detto che sarebbe arrivato alle otto. = Dijo que llegaría a las ocho. · Sapevo che avresti capito. = Sabía que ibas a entender. · Pensavo che sarebbe stato più facile. = Pensaba que sería más fácil.,,,,
32,3,"Con indicativo, la misma lógica","Sin congiuntivo también hay concordancia. Principal en presente: passato prossimo, presente, futuro. En pasado: trapassato, imperfetto, condizionale passato.",,So che è partito / parte / partirà. = Sé que salió / sale / saldrá. · Sapevo che era partito / partiva / sarebbe partito. = Sabía que había salido / salía / saldría.,presente / passato prossimo / presente / futuro · pasado / trapassato prossimo / imperfetto / condizionale passato,,,
32,4,Cómo entrenarlo,"Antes de escribir el verbo de la subordinada, preguntate: ¿el principal es presente o pasado? ¿Esto pasa antes, durante o después?",,,,,,
33,1,Los tres tipos,"**I** real: indicativo. **II** posible o irreal: congiuntivo imperfetto + condicional. **III** imposible, pasado: congiuntivo trapassato + condizionale passato.",,,"I — real / indicativo presente/futuro / indicativo o imperativo / Se ho tempo, ti chiamo. · II — posible / irreal presente / congiuntivo imperfetto / condizionale presente / Se avessi tempo, ti chiamerei. · III — imposible (pasado) / congiuntivo trapassato / condizionale passato / Se avessi avuto tempo, ti avrei chiamato.",,,
33,2,Nunca condicional después de se,"Detrás de *se* **nunca** va condicional: ni «se avrei», ni «se sarei», ni «se vorrei». Congiuntivo con el *se*, condicional en la otra parte.","Es igual al castellano correcto («si tuviera... llamaría»), pero como en el habla rioplatense se oye «si tendría», el error se traslada.","Se fossi ricco, comprerei una casa al mare. = Si fuera rico, me compraría una casa en la playa. · Se fosse venuto, l'avremmo visto. = Si hubiera venido, lo habríamos visto. · Se potessi, verrei subito. = Si pudiera, iría enseguida.",,,,
33,3,"Los mixtos, los más reales","Se puede cruzar un pasado imposible con una consecuencia presente, o al revés. Son frecuentísimos en la conversación.",,"Se avessi studiato, ora saresti laureato. = Si hubieras estudiado, ahora estarías recibido. · Se fossi più ordinato, non avresti perso le chiavi. = Si fueras más ordenado, no habrías perdido las llaves.",,,,
33,4,Otras formas de hipótesis,"Piden congiuntivo: *a meno che non*, *purché*, *a patto che*, *nel caso in cui*, *qualora* (formal). Y *magari* + imperfetto para desear.",,"Vengo, a meno che non piova. = Voy, a menos que llueva. · Ti presto la macchina purché tu guidi piano. = Te presto el auto con tal de que manejes despacio. · Qualora fosse necessario, mi chiami. = En caso de que fuera necesario, llámeme. · Magari piovesse! = ¡Ojalá lloviera!",,,,
33,5,El doble imperfetto coloquial,"En el habla se oye *Se lo sapevo, non venivo*, con dos imperfetti de indicativo. Vale en lo oral; por escrito y en exámenes, la forma completa.",,"Se lo sapevo, non venivo. = Si lo sabía, no venía. (oral) · Se l'avessi saputo, non sarei venuto. = Si lo hubiera sabido, no habría venido.",,,,
34,1,che: sin preposición,"*che* es invariable: personas y cosas, sujeto u objeto directo. **Nunca** lleva preposición delante.","El relativo **no se omite nunca**, igual que en castellano: *il libro che ho letto*, nunca «il libro ho letto».",Il libro che ho letto è bellissimo. = El libro que leí es hermoso. · La ragazza che parla è mia sorella. = La chica que habla es mi hermana.,,,,
34,2,cui: con preposición,"Detrás de una preposición va **cui**, también invariable: *in cui*, *con cui*, *per cui*, *a cui*, *di cui*.",,La città in cui vivo. = La ciudad en la que vivo. · L'amico con cui studio. = El amigo con el que estudio. · Il motivo per cui sono venuto. = El motivo por el que vine. · La persona a cui ho scritto. = La persona a la que escribí. · Il libro di cui ti parlavo. = El libro del que te hablaba.,,,,
34,3,il cui: «cuyo»,"*il / la / i / le cui* = «cuyo». El artículo concuerda con **lo poseído**, no con el poseedor.",,Lo scrittore il cui libro ho letto. = El escritor cuyo libro leí. · Una città le cui strade sono strette. = Una ciudad cuyas calles son angostas.,,,,
34,4,il quale: el relativo formal,"*il quale / la quale / i quali / le quali* reemplazan a *che* y a *cui*. Concuerdan, así que **deshacen ambigüedades**, y suben el registro.",,"Ho parlato con la sorella di Marco, la quale è medico. = Hablé con la hermana de Marco, que es médica. · Il progetto al quale lavoro. = El proyecto en el que trabajo.",,,,
34,5,chi: sin antecedente,"*chi* = «quien, el que», solo para personas y **sin antecedente**. El verbo va en singular.",,Chi dorme non piglia pesci. = Camarón que se duerme se lo lleva la corriente. · Chi ha finito può uscire. = El que terminó puede salir.,,,,
34,6,"«Lo que»: quello che, il che","«Lo que» = *quello che*, *ciò che*, *quel che*; «todo lo que» = *tutto ciò che*. *il che* retoma **una frase entera**.",,"Non capisco quello che dici. = No entiendo lo que decís. · È arrivato tardi, il che mi ha infastidito. = Llegó tarde, lo que me molestó.",,,,
35,1,essere: la pasiva neutra,"*essere* + participio concordado con el sujeto; el agente va con *da*. Sirve en **cualquier tiempo**, porque *essere* se conjuga.",,Il libro è stato scritto da Calvino. = El libro fue escrito por Calvino. · Le lettere sono state spedite ieri. = Las cartas fueron enviadas ayer. · La casa sarà venduta. = La casa será vendida.,,,,
35,2,venire: la pasiva de acción,"*venire* reemplaza a *essere* **solo en tiempos simples** y subraya el proceso, no el estado. Típico de la prensa y de la administración.",*La porta è chiusa* puede ser estado («está cerrada»); *La porta viene chiusa* solo es acción («se cierra»). Y nunca «è venuta chiusa».,La porta viene chiusa alle otto. = La puerta se cierra a las ocho. · I documenti vengono controllati ogni giorno. = Los documentos se revisan todos los días.,,,,
35,3,andare: la pasiva de obligación,"*andare* + participio = **debe ser** hecho. Muy usado en instrucciones, recetas y normas.",,Il modulo va compilato in stampatello. = El formulario debe llenarse en imprenta. · La pasta va scolata al dente. = La pasta hay que colarla al dente. · Questi errori andrebbero corretti. = Estos errores deberían corregirse.,,,,
35,4,Cuándo conviene evitarla,"Si el agente no importa, lo natural suele ser el *si passivante* (semana 36) o la tercera plural impersonal: *dicono che...* (dicen que...).",,,,,,
36,1,Si passivante: concuerda,"Con un objeto expresado, el verbo **concuerda con ese objeto**, singular o plural. Igual que en castellano: «se venden libros».","«Si vende libri» está mal: *si vendono libri*, *si affittano camere*, *si cercano collaboratori*. Los carteles reales se equivocan seguido; el examen no perdona.",Qui si parla italiano. = Acá se habla italiano. · Si vendono libri usati. = Se venden libros usados. · In questo ristorante si mangiano ottimi piatti. = En este restaurante se comen platos excelentes.,,,,
36,2,Si impersonale: siempre singular,"Sin objeto, o con verbo intransitivo, *si* = «uno, la gente», y el verbo va en **tercera singular**.",,In Italia si mangia bene. = En Italia se come bien. · Si dice che sia partito. = Se dice que se fue. · Non si può fumare qui. = No se puede fumar acá. · Come si dice in italiano? = ¿Cómo se dice en italiano?,,,,
36,3,"El adjetivo, en masculino plural","Con el *si* impersonal, el adjetivo o participio referido al sujeto va en **masculino plural**, aunque el verbo esté en singular.","No tiene paralelo en castellano («uno está cansado», en singular) y aparece en todos los exámenes B2.","Quando si è stanchi, si dorme male. = Cuando uno está cansado, duerme mal. · Si è sempre giovani dentro. = Uno siempre es joven por dentro.",,,,
36,4,Con verbos reflexivos: ci si,"No se pueden juntar dos *si*: el impersonal de un verbo reflexivo se dice **ci si**: *ci si diverte*, *ci si abitua a tutto*.",,D'estate ci si sveglia presto. = En verano uno se despierta temprano. · Con lui non ci si annoia mai. = Con él uno no se aburre nunca.,,,,
36,5,El si toscano por noi,"En el italiano central y coloquial, *si* + tercera singular reemplaza a *noi*: *Stasera si va al cinema* = *andiamo al cinema*.",,Stasera si va al cinema. = Esta noche vamos al cine. · Domani si parte. = Mañana salimos.,,,,
37,1,Las formas regulares,"Terminaciones propias para cada conjugación. En *-ere* hay **dos series** en tres personas; las dos valen, la de *-etti* es más común.",,,io / parlai / vendei / vendetti / dormii · tu / parlasti / vendesti / dormisti · lui/lei / parlò / vendé / vendette / dormì · noi / parlammo / vendemmo / dormimmo · voi / parlaste / vendeste / dormiste · loro / parlarono / venderono / vendettero / dormirono,,,
37,2,El patrón 1-3-6 de los irregulares,"Los irregulares lo son **solo en *io*, *lui/lei* y *loro***, sobre la misma raíz: *-i, -e, -ero*. Las otras tres personas son regulares.",,,prendere / presi / prendesti / prese / prendemmo / prendeste / presero · scrivere / scrissi / scrivesti / scrisse / scrivemmo / scriveste / scrissero · vedere / vidi / vedesti / vide / vedemmo / vedeste / videro · dire / dissi / dicesti / disse / dicemmo / diceste / dissero · fare / feci / facesti / fece / facemmo / faceste / fecero · venire / venni / venisti / venne / venimmo / veniste / vennero · avere / ebbi / avesti / ebbe / avemmo / aveste / ebbero,,,
37,3,Cuándo se usa,Para hechos **concluidos y sin relación con el presente**: narración histórica y literaria. El passato prossimo mantiene el vínculo con el ahora.,"El norte usa el passato prossimo para todo; Sicilia y Nápoles, el remoto hasta para lo de esta mañana. En la escritura formal, la distinción se respeta.",Dante nacque a Firenze nel 1265. = Dante nació en Florencia en 1265. · La guerra finì nel 1945. = La guerra terminó en 1945. · Un giorno arrivò uno straniero. = Un día llegó un forastero. · Stamattina ho preso il treno. = Esta mañana tomé el tren.,,,,
37,4,Trapassato remoto,"*ebbi* / *fui* + participio, solo detrás de *quando, dopo che, appena* con la principal en passato remoto. Es literario: **alcanza con reconocerlo**.",,"Appena ebbe finito, uscì. = Apenas hubo terminado, salió. · Dopo che fu partito, tutti tacquero. = Después de que se fue, todos callaron.",,,,
38,1,Los desplazamientos de tiempo,"Si el verbo de decir está **en pasado**, todo baja un escalón.",,«Sono stanco» → Disse che era stanco. = Dijo que estaba cansado. · «Ho finito» → Disse che aveva finito. = Dijo que había terminado. · «Verrò» → Disse che sarebbe venuto. = Dijo que vendría. · «Vieni!» → Mi disse di venire. = Me dijo que fuera.,presente / imperfetto · passato prossimo / remoto / trapassato prossimo · imperfetto / imperfetto (no cambia) · futuro / condizionale passato · condizionale presente / condizionale passato · imperativo / di + infinito (o che + congiuntivo imperfetto) · congiuntivo presente / congiuntivo imperfetto,,,
38,2,"Personas, lugares y tiempos","También se desplazan **personas, demostrativos, lugar y tiempo**: el punto de vista ya no es el del que habla.",,«Vengo qui domani» → Disse che sarebbe andato lì il giorno dopo. = Dijo que iría allá al día siguiente.,"io, tu / lui, lei (según el caso) · questo / quello · qui, qua / lì, là · ora, adesso / allora, in quel momento · oggi / quel giorno · ieri / il giorno prima · domani / il giorno dopo · fa (due giorni fa) / prima (due giorni prima) · venire / andare",,,
38,3,Preguntas indirectas,"Van con *se* (si) o con la palabra interrogativa. El italiano culto suele poner **congiuntivo**, sobre todo con *chiedere* y verbos de duda.",Este *se* no es el hipotético: es «si» de pregunta y admite condicional. *Mi chiedo se sarebbe d'accordo* es perfectamente correcto.,«Dove abiti?» → Mi chiese dove abitassi. = Me preguntó dónde vivía. · «Vieni?» → Mi chiese se venissi. = Me preguntó si iba. · Non so se sia vero. = No sé si es cierto.,,,,
38,4,Los verbos para reportar,**No repitas *dire***: el C1 se nota en la variedad del verbo que introduce lo dicho.,"Varios piden congiuntivo: *nega che sia vero*, *ammette che sia difficile*.",,"afirmar / affermare, sostenere, dichiarare · agregar o insistir / aggiungere, precisare, ribadire · reconocer o negar / ammettere, negare · proponer / suggerire, proporre · comprometer o amenazar / promettere, minacciare · quejarse o señalar / lamentarsi, far notare",,,
39,1,Los cuatro congiuntivos,Elegí por **el tiempo del principal** y **el momento de la acción**. Lo posterior a un pasado va en condizionale passato.,,,"presente / che io parli / prenda / principal en presente, acción simultánea o posterior · passato / che io abbia parlato / sia andato / principal en presente, acción anterior · imperfetto / che io parlassi / prendessi / principal en pasado o condicional, simultánea · trapassato / che io avessi parlato / fossi andato / principal en pasado, acción anterior",,,
39,2,El período hipotético,"Tres tipos: real, posible, imposible. **Nunca** condicional después de *se*.",,"Se ho tempo, ti chiamo. = Si tengo tiempo, te llamo. · Se avessi tempo, ti chiamerei. = Si tuviera tiempo, te llamaría. · Se avessi avuto tempo, ti avrei chiamato. = Si hubiera tenido tiempo, te habría llamado.",,,,
39,3,Pasiva y si,"Tres auxiliares para la pasiva, dos *si* para lo impersonal. Repasá qué aporta cada uno.",,,"essere + participio / Il libro è stato scritto da Calvino. / cualquier tiempo · venire + participio / La porta viene chiusa alle otto. / acción; solo tiempos simples · andare + participio / Il modulo va compilato. / = debe ser · si passivante / Si vendono libri. / concuerda con el objeto · si impersonale / Quando si è stanchi... / verbo singular, adjetivo masc. plural",,,
39,4,Passato remoto y discurso indirecto,"El **passato remoto** narra el pasado cerrado de libros y noticias: *fu, ebbe, fece, disse*. Al reportar, los tiempos **retroceden** un paso.",,,«Vengo» / disse che veniva · «Sono venuto» / disse che era venuto · «Verrò» / disse che sarebbe venuto · «Vieni!» / gli disse di venire,,,
39,5,Las trampas de la estación,Las faltas que más delatan al hispanohablante. Tapá la columna de la derecha y corregí vos.,,,credo che è tardi / credo che sia tardi · che lui parla (-are) / che lui parli · ha detto che verrebbe / ha detto che sarebbe venuto · se avrei tempo / se avessi tempo · come se è / come se fosse · si vende libri / si vendono libri · quando si è stanco / quando si è stanchi · mi lo dai? / me lo dai? · ho tre / ne ho tre · la città che vivo / la città in cui vivo,,,
40,1,fare + infinito,"*fare* conjugado + infinitivo, **sin nada en el medio**: los dos verbos funcionan como una unidad.",,Ho fatto riparare la macchina. = Mandé a arreglar el auto. · Mi fai ridere. = Me hacés reír. · Il professore ci fa studiare molto. = El profesor nos hace estudiar mucho. · Fammi sapere. = Avisame. (literalmente: hacé que yo sepa),,,,
40,2,farsi + infinito: para uno mismo,*farsi* + infinitivo = hacerse hacer algo. Es la forma normal de decir «me corté el pelo» o «me hice un traje».,,Si è fatto tagliare i capelli. = Se cortó el pelo (en la peluquería). · Mi sono fatto fare un vestito. = Me hice hacer un traje. · Si è fatta operare. = Se operó.,,,,
40,3,Quién hace qué,"Si el infinitivo no tiene objeto propio, el que ejecuta es objeto **directo**. Si ya lleva objeto directo, el que ejecuta pasa a **indirecto**, con *a*.",,Faccio lavorare Marco. → Lo faccio lavorare. = Hago trabajar a Marco. → Lo hago trabajar. · Faccio leggere il libro a Marco. → Glielo faccio leggere. = Le hago leer el libro a Marco. → Se lo hago leer.,,,,
40,4,Los pronombres van delante de fare,"Los pronombres van **delante de *fare***, no del infinitivo: *lo faccio venire*, jamás «faccio venirlo».","Solo se pegan a *fare* cuando *fare* está en imperativo informal, infinitivo o gerundio: *fallo entrare*, *devo farlo venire*.",Lo faccio venire. = Lo hago venir. · Fallo entrare. = Hacelo entrar. · Devo farlo venire. = Tengo que hacerlo venir.,,,,
40,5,lasciare: permitir en vez de obligar,*lasciare* + infinitivo funciona igual que *fare* pero significa «dejar que». También admite *lasciare che* + congiuntivo.,,Lascia parlare tuo fratello. = Dejá hablar a tu hermano. · Non mi lasciano uscire. = No me dejan salir. · Lascialo stare. = Dejalo en paz. · Lascia che ti spieghi. = Dejá que te explique.,,,,
40,6,Expresiones fijas con fare,Estas combinaciones se usan todo el tiempo: aprendelas enteras.,,,"far vedere / mostrar · far sapere / avisar · far notare / señalar, hacer notar · far presente / advertir, poner en conocimiento · farsi capire / hacerse entender · farsi vivo / dar señales de vida · far finta di / hacer de cuenta que · dare da fare / dar trabajo · farcela / lograrlo",,,
41,1,Las tres opciones,"*vedere, sentire, guardare, ascoltare, osservare, notare* + otro verbo: tres construcciones. En el habla, la más frecuente es la del **infinitivo**.",,,"+ infinitivo / el hecho completo / Ho visto Maria uscire. · + che + indicativo / la circunstancia, con más detalle / Ho visto che Maria usciva. · + che (relativa) / la acción en curso, sorprendida / Ho visto Maria che usciva.",,,
41,2,Dónde va el objeto,El sustantivo puede ir antes o después del infinitivo. El pronombre va **delante del verbo de percepción**.,"El participio concuerda con el pronombre directo, como siempre: *l'ho vista uscire*, *li ho sentiti parlare*. Los correctores lo buscan.",Ho sentito cantare Maria. = Oí cantar a María. · Ho sentito Maria cantare. = Oí a María cantar. · L'ho sentita cantare. = La oí cantar. · Li ho visti entrare. = Los vi entrar.,,,,
41,3,La pasiva de percepción,Si el sujeto recibe la acción: verbo de percepción **reflexivo** + infinitivo.,,Si è sentito chiamare. = Oyó que lo llamaban. · Si è visto rifiutare la richiesta. = Vio cómo le rechazaban el pedido.,,,,
41,4,"sentire, un verbo que abarca mucho","*sentire* cubre oír, sentir, probar y enterarse. Con pronombres forma *sentirsi* y *sentirsela*.",,,oír / Non ti sento. / No te escucho. · sentir físicamente / Sento freddo. / Tengo frío. · probar / oler / Senti che buono! / ¡Probá qué rico! · saber por alguien / Ho sentito che parti. / Me enteré de que te vas. · sentirsi / Come ti senti? / ¿Cómo te sentís? · sentirsela / Non me la sento. / No me animo.,,,
42,1,Verbos con a + infinitivo,"Empezar, seguir, lograr, aprender, ayudar y empujar a otro llevan **a** (*ad* ante vocal).",,Ho cominciato a studiare italiano. = Empecé a estudiar italiano. · Non riesco a capire. = No logro entender. · Mi sono messo a ridere. = Me puse a reír.,"empezar / seguir / cominciare a, iniziare a, continuare a, mettersi a · lograr / intentar / riuscire a, provare a · aprender / enseñar / ayudar / imparare a, insegnare a, aiutare a · empujar a otro / invitare a, convincere a, costringere a · actitud / abituarsi a, rinunciare a, decidersi a, sbrigarsi a",,,
42,2,Verbos con di + infinitivo,"Terminar, dejar, tratar, decidir, pensar, recordar, prometer y las expresiones con *avere* o *essere* llevan **di**.",,Ho smesso di fumare. = Dejé de fumar. · Cerca di capire. = Tratá de entender. · Ho voglia di uscire. = Tengo ganas de salir.,"terminar / dejar / finire di, smettere di · intentar / decidir / cercare di, decidere di · pensar / creer / esperar / pensare di, credere di, sperare di · memoria / dimenticare di, ricordarsi di · compromiso / promettere di, accettare di, rifiutare di · expresiones / avere bisogno di, avere voglia di, avere paura di, essere contento di",,,
42,3,Verbos sin preposición,"**Sin preposición**: modales (*volere, potere, dovere, sapere*), *preferire, desiderare, osare, fare, lasciare, vedere, sentire, piacere, bisognare* y *è meglio, basta, conviene*.",,Preferisco restare a casa. = Prefiero quedarme en casa. · So nuotare. = Sé nadar. · Conviene partire presto. = Conviene salir temprano.,,,,
42,4,Los que cambian respecto del castellano,Estos verbos rigen **distinto** que en castellano: con otra preposición o sin ninguna.,"*Sposare* y *aspettare* van sin *a*: *ho sposato Laura*, *aspetto Marco*. Y *telefonare* pide indirecto: *le telefono*, nunca «la telefono».",,"pensare a qualcosa / pensare di fare / pensar en algo / pensar hacer · sognare qualcuno / soñar con alguien · entrare in casa / entrar a / en casa · salire su un treno / subir a un tren · innamorarsi di / enamorarse de · sposare qualcuno / casarse con alguien · telefonare a qualcuno / llamar a alguien (indirecto: gli telefono) · cercare qualcosa / aspettare qualcuno / buscar algo / esperar a alguien · chiedere a qualcuno di fare / pedirle a alguien que haga · dipendere da, fidarsi di, accorgersi di / depender de, fiarse de, darse cuenta de · occuparsi di, servire a, credere in / a / ocuparse de, servir para, creer en",,,
42,5,Cómo estudiar esto,"No memorices listas: memorizá **la frase entera**, con la preposición pegada al verbo.",,Non riesco a capire. = No logro entender. · Mi sono abituato ad alzarmi presto. = Me acostumbré a levantarme temprano.,,,,
43,1,El infinitivo sustantivado,"Con artículo, el infinitivo es un **sustantivo masculino**: *il mangiare*, *un continuo andare e venire*, *il dolce far niente*.",,Il camminare fa bene alla salute. = Caminar hace bien a la salud. · Con l'andare del tempo. = Con el paso del tiempo. · Sul far del giorno. = Al despuntar el día.,,,,
43,2,El infinitivo compuesto,*avere* o *essere* + participio. **Obligatorio después de *dopo*** y frecuente con verbos de opinión sobre el pasado.,*Dopo* + infinitivo simple es un error: siempre *dopo aver...* o *dopo essere...*. En cambio *prima di* pide infinitivo simple: *prima di uscire*.,"Dopo aver mangiato, siamo usciti. = Después de comer, salimos. · Dopo essere arrivati, ci siamo riposati. = Después de llegar, descansamos. · Credo di aver capito. = Creo haber entendido. · Mi dispiace di essere arrivato tardi. = Lamento haber llegado tarde.",,,,
43,3,El infinitivo como orden impersonal,"Instrucciones, recetas, carteles y prospectos dan la orden **en infinitivo**, a nadie en particular.",,Non fumare. = No fumar. · Spingere / Tirare. = Empujar / Tirar. · Cuocere per dieci minuti. = Cocinar diez minutos. · Agitare prima dell'uso. = Agitar antes de usar.,,,,
43,4,En lugar de una subordinada,"Con **el mismo sujeto** en los dos verbos, preferí el infinitivo a la subordinada con *che*. Es marca de buen estilo.",,Penso di partire domani. = Pienso salir mañana. · Sono uscito senza salutare. = Salí sin saludar. · È troppo tardi per telefonare. = Es muy tarde para llamar. · Ho abbastanza tempo per finire. = Tengo tiempo suficiente para terminar.,,,,
44,1,El gerundio simple,"*-ando* para *-are*, *-endo* para *-ere* e *-ire*. Irregulares por la raíz latina: *facendo, dicendo, bevendo, traducendo, ponendo*.",,"Studiando, si impara. = Estudiando, se aprende. · Sbagliando s'impara. = Equivocándose se aprende. · Essendo stanco, sono rimasto a casa. = Como estaba cansado, me quedé en casa. · Pur sapendolo, non ha detto niente. = Aun sabiéndolo, no dijo nada.",,,,
44,2,El gerundio exige el mismo sujeto,El sujeto del gerundio tiene que ser **el mismo** que el de la frase principal.,"«Uscendo di casa, ha cominciato a piovere» está mal: la lluvia no salió de casa. Decí *mentre uscivo di casa, ha cominciato a piovere*.","Uscendo di casa, ho incontrato Marco. = Al salir de casa, me encontré con Marco.",,,,
44,3,El gerundio compuesto,*avendo* o *essendo* + participio: expresa **anterioridad**. Registro escrito y elegante.,,"Avendo finito il lavoro, sono uscito. = Como había terminado el trabajo, salí. · Essendo arrivati tardi, abbiamo perso il treno. = Como llegamos tarde, perdimos el tren.",,,,
44,4,stare + gerundio: el progresivo,*stare* + gerundio = acción **en desarrollo ahora**. No sirve para el futuro cercano ni para lo habitual.,«Estoy estudiando italiano este año» se dice normalmente *studio italiano quest'anno*.,Sto mangiando. = Estoy comiendo. · Stavo dormendo quando hai chiamato. = Estaba durmiendo cuando llamaste. · In questo periodo sto studiando molto. = En este período estoy estudiando mucho.,,,,
44,5,El participio pasado absoluto,"Un participio solo al principio, con valor temporal o causal. Concuerda con su sustantivo; en los transitivos, **con el objeto**: *letta la lettera*.",,"Finito il lavoro, siamo usciti. = Terminado el trabajo, salimos. · Arrivata la primavera, tutto cambia. = Llegada la primavera, todo cambia. · Letta la lettera, si è messa a piangere. = Leída la carta, se puso a llorar. · Una volta capito il meccanismo, è facile. = Una vez entendido el mecanismo, es fácil.",,,,
44,6,El participio presente,"*-ante* / *-ente*. Casi siempre ya es **adjetivo o sustantivo**: *interessante, seguente, cantante, insegnante, dirigente, proveniente*.",,i cittadini residenti all'estero = los ciudadanos residentes en el exterior,,,,
45,1,Los imprescindibles,"Verbo + *ci*, *ne*, *la* o dos partículas: **significan otra cosa** que el verbo solo. Se aprenden como palabras nuevas.",,,"andarsene / irse / Me ne vado, ciao. · farcela / lograrlo, poder con algo / Non ce la faccio più. · avercela con / estar enojado con / Ce l'hai con me? · prendersela / ofenderse / Non te la prendere. · cavarsela / arreglárselas / Me la cavo con l'inglese. · sentirsela / animarse a / Non me la sento di dirglielo. · smetterla / dejar de / Smettila! · piantarla / cortarla / Piantala! · metterci / tardar / Ci metto un'ora. · volerci / hacer falta / Ci vuole pazienza. · entrarci / tener que ver / Non c'entra niente. · starci / estar de acuerdo, caber / Ci sto!",,,
45,2,Cómo se conjugan,"El reflexivo cambia con la persona; *la*, *ne* o *ci* **quedan fijos**. Con reflexivo, tiempos compuestos con *essere*; *farcela, avercela, metterci* conservan *avere*.",,Me ne sono andato / Ce ne siamo andati. = Me fui / Nos fuimos. · Ce l'ho fatta! = ¡Lo logré! · Se l'è presa. = Se ofendió. · Non me la sono sentita. = No me animé. · Ci ho messo un'ora. = Tardé una hora.,,,,
45,3,El participio en -a,"Con las formas en *la*, el participio **termina en -a**: concuerda con esa *la* que no se refiere a nada concreto.",«Ce l'ho fatto» es la falta típica. Es un automatismo: fijalo repitiendo *ce l'ho fatta* hasta que salga solo.,Ce l'ho fatta. = Lo logré. · Se l'è cavata. = Se las arregló. · Se l'è presa. = Se ofendió.,,,,
45,4,averci: el ci de apoyo,"En el habla, *avere* delante de *lo, la, li, le, ne* lleva casi siempre un *ci* sin significado: *ce l'ho*, *ce n'hai?*","Sin el *ce*, «l'ho» suena antinatural. *Ci ho fame* también se oye, pero es regional: no lo escribas.","Hai una penna? — Sì, ce l'ho. = ¿Tenés una lapicera? — Sí, tengo. · Ce n'hai ancora? = ¿Te queda?",,,,
45,5,Otras construcciones fijas de nivel,"Perífrasis frecuentes que conviene tener listas: **aspecto** (a punto de, empezar, seguir) y **matiz** (terminar por, no hacer más que).",,,stare per + infinito / estar a punto de · finire per + infinito / terminar por · essere sul punto di / estar por · mettersi a / ponerse a · continuare a / seguir + gerundio · non fare che + infinito / no hacer más que · avere un bel + infinito / por más que (hai un bel dire) · fare a meno di / prescindir de,,,
46,1,Los sufijos alterativos,"*-ino, -etto, -ello* achican o dan cariño; *-one* agranda; *-accio* desprecia; *-uccio* es cariñoso.","*-one* suele volver masculino un sustantivo femenino: *la porta → il portone*, *la donna → il donnone*.",,"-ino / -ina / pequeño, afectuoso / gattino, sorellina, un pochino · -etto / -etta / pequeño, simpático / casetta, libretto, poveretto · -ello / -ella / pequeño, a veces despectivo / alberello, cattivello · -one / -ona / grande, aumentativo / librone, portone, pigrone · -accio / -accia / feo, malo, despectivo / tempaccio, parolaccia, ragazzaccio · -uccio / -uccia / cariñoso, un poco menor / caruccio, boccuccia",,,
46,2,Los falsos alterados,"No todo lo que termina en *-ino* u *-one* es alterado: *il tacchino* (el pavo) no es un *tacco* chico, ni *il mattone* (el ladrillo) un *matto* grande.",,il bottone = el botón · il burrone = el barranco · il montone = el carnero · il postino = el cartero · la focaccia = la focaccia (un pan),,,,
46,3,Se aplica a casi todo,"Los sufijos van con sustantivos, con adjetivos (*carino, piccolino*) y hasta con adverbios (*benino, pianino, prestino*).",,un caffettino = un cafecito · fra un attimino = en un segundito · che freddino! = ¡qué fresquito! · ha una macchinona = tiene un autazo · che giornataccia! = ¡qué día de porquería!,,,,
46,4,Prefijos que multiplican el vocabulario,"*ri-* repite; *s-*, *in-* y *dis-* niegan; *stra-*, *super-* e *iper-* exageran; *mal-* = mal.",,,"ri- / de nuevo / rifare, rivedere, ripetere · s- / negación o intensificación / scontento, sfortuna, sbagliare · in- / im- / dis- / negación / incapace, impossibile, disonesto · stra- / super- / iper- / exceso / strapieno, superaffollato · mal- / mal / maleducato, malinteso",,,
47,1,Cantidades aproximadas,"*una decina, una ventina, un centinaio, un migliaio, un paio* + **di** + sustantivo: *una ventina di persone*.","No te olvides el *di*: *una decina di amici*. Y el plural es femenino en *-a*: *le centinaia*, *le migliaia*.",,"una decina, una ventina / unos diez, unos veinte / una ventina di persone · un centinaio / centinaia / un centenar / centenares / centinaia di libri · un migliaio / migliaia / un millar / miles / migliaia di euro · un paio / un par / un paio di scarpe · circa / all'incirca / aproximadamente / circa dieci · più o meno / más o menos / ",,,
47,2,Fracciones,"*la metà* (la mitad), *un terzo*, *un quarto*, *tre quarti*, *due terzi*. Y *il doppio*, *il triplo*.",,Ho letto metà del libro. = Leí la mitad del libro. · Un quarto d'ora. = Un cuarto de hora. · Costa il doppio. = Cuesta el doble.,,,,
47,3,Porcentajes,Llevan **artículo masculino**: *il 20% degli italiani*. El verbo puede ir en singular (con *il 20%*) o en plural (con el sustantivo que sigue): las dos formas se aceptan.,,Il 30% degli studenti sono stranieri. = El 30% de los estudiantes son extranjeros. · Il 20% degli italiani vive qui. = El 20% de los italianos vive acá.,,,,
47,4,"Pesos, medidas y compra","En el mostrador se pide por *etto* (100 g): *due etti*. El precio por unidad va con *a* + artículo: *al chilo*, *al litro*.",,"Un chilo di mele, per favore. = Un kilo de manzanas. · Due etti di prosciutto. = Doscientos gramos de jamón. · Mezzo litro di latte. = Medio litro de leche. · Quanto viene? / Quant'è? = ¿Cuánto es? · Costa dieci euro al chilo. = Cuesta diez euros el kilo.",,,,
47,5,Operaciones y números escritos,"*più* (+), *meno* (−), *per* (×), *diviso* (÷), *fa* o *uguale* (=). Decimales con **coma**, miles con **punto**.",,"Due più due fa quattro. = Dos más dos son cuatro. · 3,5 = tre virgola cinque = tres coma cinco · 1.000 euro = mil euros",,,,
48,1,Dislocación a la izquierda,El objeto va **al principio** y se retoma con un pronombre. Es la estructura más frecuente del italiano hablado.,,Il pane lo compro io. = El pan lo compro yo. · A Marco non gli ho detto niente. = A Marco no le dije nada. · Di soldi non ne ho. = Plata no tengo. · Questo film l'ho già visto. = Esta película ya la vi.,,,,
48,2,Dislocación a la derecha,"El pronombre va primero y el elemento se agrega **al final**, como aclaración. Marca oralidad e intimidad.",,"Non ci credo, a queste storie. = No me las creo, esas historias. · L'ho vista ieri, Maria. = La vi ayer, a María. · Ce l'hai, il biglietto? = ¿Lo tenés, el boleto?",,,,
48,3,Frase escindida: è... che,"*è* + elemento + *che* pone un elemento en **foco exclusivo**, como «es X el que...».",,È Marco che ha telefonato. = Fue Marco el que llamó. · È per questo che sono venuto. = Es por esto que vine. · Sono io che ho sbagliato. = Soy yo el que se equivocó.,,,,
48,4,Sujeto después del verbo,"Con intransitivos y verbos de acontecimiento, el sujeto nuevo va **detrás del verbo**. Con *c'è / ci sono* es obligatorio.",,È arrivato Marco. = Llegó Marco. · Mi ha telefonato tua sorella. = Me llamó tu hermana. · C'è un problema. = Hay un problema. · Manca il sale. = Falta la sal.,,,,
48,5,Anteponer para enfatizar,Un adjetivo o un complemento adelantado **enfatiza**: lo que va primero es lo que importa.,"Son órdenes marcados: usalos para enfatizar, no por defecto. Un texto entero invertido suena artificial.","Bello, questo quadro! = ¡Lindo, este cuadro! · Stanco sono, non malato. = Cansado estoy, no enfermo. · Di lavorare non ha nessuna voglia. = Ganas de trabajar no tiene ninguna.",,,,
49,1,Conectores de registro alto,"Un conector por función, **variado**: escribir culto es elegir bien el conector, no escribir difícil.",,,"añadir / inoltre, per di più, altresì, non solo... ma anche · oponer / tuttavia, ciononostante, per contro, d'altro canto, viceversa · conceder / certo... tuttavia, se è vero che... è altrettanto vero che · causa / in quanto, poiché, dal momento che, in virtù di, a causa di · consecuencia / di conseguenza, pertanto, ne consegue che, sicché · ejemplificar / ad esempio, in particolare, segnatamente, basti pensare a · reformular / ovvero, vale a dire, in altri termini, per meglio dire · concluir / in conclusione, in definitiva, tutto sommato, in ultima analisi",,,
49,2,Conectores que piden congiuntivo,"*benché, sebbene, nonostante, qualora, affinché, a condizione che, nel caso in cui, prima che, senza che, a meno che non* → **congiuntivo**.",El conector elegante con indicativo detrás anula el efecto: «benché è tardi» es un error.,"Benché sia tardi, continuiamo. = Aunque es tarde, seguimos. · Qualora ci fossero problemi, avvisateci. = En caso de que hubiera problemas, avísennos.",,,,
49,3,Las fórmulas impersonales,Distancian al autor y elevan el texto. **Una por párrafo** alcanza.,,Va detto che il problema è complesso. = Hay que decir que el problema es complejo. · Si tratta di una questione delicata. = Se trata de un asunto delicado. · Occorre precisare che non tutti concordano. = Cabe precisar que no todos coinciden.,"va detto che / hay que decir que · va rilevato che / cabe señalar que · si tratta di / se trata de · è opportuno / es oportuno, conviene · occorre notare / cabe notar · risulta evidente / resulta evidente · è lecito supporre / es lícito suponer · non si può prescindere da / no se puede prescindir de · giova ricordare / conviene recordar",,,
49,4,Cohesión: no repetir,"No repitas el sustantivo: usá **pronombres** (*lo, ne, ci*), sinónimos, hiperónimos (*il fenomeno, la questione*) o demostrativos (*ciò, tale, il suddetto*).",,Il governo ha approvato la riforma; tale provvedimento entrerà in vigore a gennaio. = El gobierno aprobó la reforma; dicha medida entrará en vigor en enero. · Ciò comporta un aumento dei costi. = Ello implica un aumento de costos.,,,,
49,5,Estructura del testo argomentativo,"Cinco partes, en este orden. **Cuatro párrafos bien conectados** valen más que ocho sueltos.",,,"introduzione / plantea el tema · tesi / tu posición, explícita · argomenti / dos o tres, con ejemplos · controargomento / lo reconocés y lo refutás: *certo... tuttavia* + congiuntivo concesivo · conclusione / retoma la tesis sin repetirla textualmente",,,
50,1,Los clásicos que hay que saber,Se parecen a una palabra castellana y **significan otra cosa**. Aprendé también la palabra italiana para lo que creías.,"*Sono imbarazzata* = «estoy avergonzada», no «embarazada». Y *il burro* en el plato es manteca. Estos dos producen las anécdotas.",,"burro / manteca / burro (= asino) · salire / subir / salir (= uscire) · aceto / vinagre / aceite (= olio) · guardare / mirar / guardar (= tenere, conservare) · prima / antes / prima (= cugina) · largo / ancho / largo (= lungo) · esito / resultado / éxito (= successo) · imbarazzata / avergonzada / embarazada (= incinta) · subire / padecer / subir (= salire) · topo / ratón / topo (= talpa) · gamba / pierna / gamba (= gambero) · caldo / calor / caliente / caldo (= brodo) · equipaggio / tripulación / equipaje (= bagaglio) · cartone / cartón / dibujo animado / cartón de bingo (= cartella) · negozio / negocio (tienda) / negocio como trato (= affare)",,,
50,2,"Segunda tanda, más sutil",Verbos que parecen transparentes y **no lo son**. Mirá la columna de la derecha: ahí está el error.,,,"attendere / esperar / atender = servire, assistere · assistere a / presenciar / asistir a clase = frequentare · pretendere / exigir / pretender (aspirar) = aspirare a · sopportare / soportar, aguantar a alguien / soportar un peso = reggere · ricordare / recordar y recordarle algo a alguien / ricordami di chiamare = recordame que llame · accostare / acercar, arrimar / acostar = mettere a letto · licenziare / despedir / licenciarse = laurearsi · fermare / detener / firmar = firmare · salire su / subirse a / salir = uscire · rimanere / restare / quedarse / restar = sottrarre · tornare / volver / tornarse = diventare · cercare / buscar / cerca (adverbio) = vicino · lasciare / dejar algo o a alguien / dejar de = smettere di · rubare / robar / robarle algo a alguien = rubare qualcosa a qualcuno · andare via / irse / también andarsene",,,
50,3,Palabras que el castellano no distingue,"Donde el castellano usa una palabra, el italiano **elige entre dos**.","Hacia el interlocutor se usa *venire*, aunque en castellano digamos «voy»: *Vieni alla festa? — Sì, vengo.* «Sì, vado» ahí es un error.",,"sapere / conoscere / saber un dato / conocer a alguien o un lugar · portare / prendere / llevar y traer (*portami l'acqua*) / tomar, agarrar, ir a buscar · andare / venire / ir / ir hacia donde está el que escucha (*vengo da te* = voy a tu casa) · buono / bravo / bueno de sabor o carácter / hábil (*un bravo cuoco*)",,,
50,4,"Registro: la misma idea, tres niveles",Para el C1 no hace falta hablar siempre formal: hace falta **elegir** el nivel según la situación.,,,"un sacco di / molto / notevolmente · roba / cose / elementi, aspetti · mica / non... affatto / in alcun modo · beccare / prendere / cogliere · fregare / ingannare / raggirare · un casino / molto disordine / notevole confusione · dai! / su! / la prego",,,
50,5,"Preposiciones de nivel: da, di, a, fra","*da*: para qué sirve algo o un rasgo (*scarpe da ginnastica*, *la ragazza dagli occhi verdi*); *di*, el material (*una giacca di lana*); *a*, el dibujo (*una camicia a righe*).","*fra* o *tra* + tiempo = dentro de (*torno fra un'ora*). *Vado da Marco* = voy a lo de Marco; *vado a Roma*, *vado in centro*.",una tazza da tè / una tazza di tè = una taza para té / una taza de té (llena) · una gonna a quadri = una pollera a cuadros · Torno fra un'ora. = Vuelvo dentro de una hora.,,,,
51,1,Lista de control: congiuntivo,"Opinión, duda, deseo, emoción o voluntad → **congiuntivo**. Recorré la tabla de arriba abajo antes de decidir el modo.",,,"verbo de opinión, duda, deseo, emoción o voluntad / congiuntivo · sujetos distintos / che + congiuntivo · mismo sujeto / di + infinito · principal en pasado / congiuntivo imperfetto o trapassato · benché, affinché, nonostante, prima che, senza che, a meno che non / congiuntivo sí o sí · superlativo relativo o l'unico che / congiuntivo",,,
51,2,Lista de control: tiempos,"Las ocho frases que **más se equivocan**. Si dudás, buscá la tuya acá.",,,"dijo que vendría / disse che sarebbe venuto · si tuviera, iría / se avessi, andrei · si hubiera tenido, habría ido / se avessi avuto, sarei andato · hace dos años que estudio / studio da due anni · estaba comiendo cuando llamó / stavo mangiando quando ha chiamato · antes de salir / prima di uscire · después de salir / dopo essere uscito · hay que hacerlo / va fatto / bisogna farlo",,,
51,3,Lista de control: pronombres,"Pronombres **delante** del verbo conjugado; **pegados** al infinitivo, gerundio e imperativo informal.",,,"combinados / me lo, te la, ce ne, ve li, se ne: la i pasa a e · gli + lo / se pega: glielo, gliela, gliene · ne / obligatorio con cantidades: ne ho tre · ci / lugar y complementos con a / in / su · participio / concuerda con lo, la, li, le y con essere",,,
51,4,Las quince faltas más caras,Quince errores que **bajan la nota** siempre. Leelos en voz alta hasta que la forma correcta te salga sola.,,,"credo che è / credo che sia · mi ho lavato / mi sono lavato · se avrei / se avessi · ha detto che verrebbe / ha detto che sarebbe venuto · si vende libri / si vendono libri · dopo mangiare / dopo aver mangiato · ho tre (de algo ya nombrado) / ne ho tre · vedo a Marco / vedo Marco · mi libro / il mio libro · qualche amici / qualche amico · facilemente / facilmente · qual'è → sin apóstrofo / qual è · parleremo por «hablaríamos» / parleremmo (condicional) · sto studiando quest'anno / más natural: studio quest'anno · poso (por «puedo») / posso, con doble s",,,
51,5,Cómo llegar al jefe final,"Antes del examen, **gimnasio de verbos**: congiuntivo imperfetto y trapassato, las formas que menos se automatizan.",,,,,,
52,1,El sistema verbal entero,Cuatro modos finitos y tres formas no finitas. **Todos** entran en el examen.,,,"Indicativo / presente, imperfetto, passato prossimo, trapassato prossimo, passato remoto, trapassato remoto, futuro semplice, futuro anteriore · Congiuntivo / presente, passato, imperfetto, trapassato · Condizionale / presente, passato · Imperativo / tu, noi, voi (informal); Lei (= congiuntivo) · Formas no finitas / infinito, gerundio, participio (simples y compuestos)",,,
52,2,Las cinco reglas que sostienen todo,"Si dudás, volvé a estas cinco: resuelven **la mayoría** de las preguntas.",,,"el auxiliar → la concordancia / con essere, el participio sigue al sujeto · la subjetividad → el modo / opinión, deseo, duda y emoción piden congiuntivo · la principal → la subordinada / el tiempo de la principal decide el de la subordinada · se hipotético / indicativo (realidad) o congiuntivo (posibilidad, irrealidad), nunca condicional · futuro desde el pasado / condicional COMPUESTO: disse che sarebbe venuto",,,
52,3,Lo que separa un B2 de un C1,No es saber más reglas: es **usar los recursos que el B2 evita**.,,,"causativo / ho fatto riparare la macchina · participio absoluto / finito il lavoro · gerundio compuesto / avendo capito · dislocaciones / il pane lo compro io · pronominales idiomáticos / non ce la faccio · ne y ci en todos sus valores / ne ho tre, ci penso io · pasiva con andare y venire / va fatto, viene pubblicato · conectores de registro alto / benché sia, qualora fosse",,,
52,4,Antes de entrar,Leé una vez las **quince faltas** de la semana 51.,,,,,,
52,5,Después del examen,El C1 no es la meta: es donde el idioma empieza a devolverte cosas. **Cinco minutos por día** alcanzan para no perderlo.,,,,,,
